district,date,cases,disease,rainfall_mm,temperature_c
Balaka,2024-01-01,212,Malaria,44.046489896933885,23.064859687752172
Balaka,2024-01-08,183,Malaria,77.0655060257636,28.584974576365376
Balaka,2024-01-15,188,Malaria,241.56666483112295,34.494519201718234
Balaka,2024-01-22,918,Malaria,128.54066808040037,29.205881064574513
Balaka,2024-01-29,153,Malaria,106.88570035334064,28.541356077432894
Balaka,2024-02-05,1399,Malaria,160.64039258295253,32.087535148564555
Balaka,2024-02-12,1378,Malaria,162.85063624628893,24.798255418581473
Balaka,2024-02-19,847,Malaria,241.22029964448552,34.909899315592895
Balaka,2024-02-26,235,Malaria,120.19700217799756,24.957137841891228
Balaka,2024-03-04,767,Malaria,27.29787662138322,27.238461832302264
Balaka,2024-03-11,662,Malaria,182.29865251756308,15.059005645726542
Balaka,2024-03-18,513,Malaria,1.890332107328252,25.496738624641118
Balaka,2024-03-25,906,Malaria,132.44584962926336,31.35087667639119
Balaka,2024-04-01,1458,Malaria,51.72952110972873,30.767979679210015
Balaka,2024-04-08,786,Malaria,23.778850713182752,22.557419914267914
Balaka,2024-04-15,1050,Malaria,211.05384315728534,26.338875227237644
Balaka,2024-04-22,474,Malaria,57.81938267110245,32.84988498588814
Balaka,2024-04-29,1161,Malaria,208.75383191384176,22.823236366607418
Balaka,2024-05-06,969,Malaria,241.55315851374772,18.773331884088712
Balaka,2024-05-13,1147,Malaria,124.04035573134297,34.575564837702665
Balaka,2024-05-20,675,Malaria,6.113805631655062,30.305867764865138
Balaka,2024-05-27,1289,Malaria,227.41539723970723,20.270378750579642
Balaka,2024-06-03,316,Malaria,225.13356530147828,19.473329270514554
Balaka,2024-06-10,444,Malaria,214.35686277494133,33.244134132139536
Balaka,2024-06-17,104,Malaria,237.96810529379792,22.174248827845126
Balaka,2024-06-24,264,Malaria,58.22242509016121,15.487664863825296
Balaka,2024-07-01,472,Malaria,176.79863524140677,25.663780460283725
Balaka,2024-07-08,1166,Malaria,79.44448237227012,21.20981963420546
Balaka,2024-07-15,798,Malaria,61.95168563840694,25.454055390664216
Balaka,2024-07-22,643,Malaria,248.38068093034357,25.453339437286083
Balaka,2024-07-29,876,Malaria,180.51385658082455,17.599366587151888
Balaka,2024-08-05,309,Malaria,46.56527163665711,28.727791441780113
Balaka,2024-08-12,1124,Malaria,112.29590072649873,28.590522405024764
Balaka,2024-08-19,789,Malaria,61.386536146926076,32.319306314980906
Balaka,2024-08-26,816,Malaria,225.05766439507315,18.49251272666327
Balaka,2024-09-02,1412,Malaria,183.92551893568455,19.767814282426308
Balaka,2024-09-09,494,Malaria,169.5394318919286,33.901944158356926
Balaka,2024-09-16,545,Malaria,130.19786594457526,21.7796763086059
Balaka,2024-09-23,1332,Malaria,35.18389275210884,17.524112257110072
Balaka,2024-09-30,700,Malaria,92.39791637290729,25.827833130382935
Balaka,2024-10-07,1352,Malaria,18.224242537276393,16.72438244923202
Balaka,2024-10-14,1483,Malaria,83.77509257593202,19.426642527380352
Balaka,2024-10-21,288,Malaria,153.4060338159628,20.978029682653354
Balaka,2024-10-28,243,Malaria,87.46949508276361,26.30799276993514
Balaka,2024-11-04,229,Malaria,186.4119020459804,24.492734745392763
Balaka,2024-11-11,560,Malaria,31.01348837001483,15.408006264192235
Balaka,2024-11-18,470,Malaria,102.98825490101603,15.526937342877847
Balaka,2024-11-25,778,Malaria,213.3535421727381,26.630757086135745
Balaka,2024-12-02,833,Malaria,95.75440155011772,31.84144957029986
Balaka,2024-12-09,380,Malaria,101.25469589630237,22.620942310310795
Balaka,2024-12-16,1020,Malaria,83.80244157983036,19.468265574918902
Balaka,2024-12-23,787,Malaria,2.025238702389048,18.836986298687414
Balaka,2024-12-30,153,Malaria,9.984698136628973,28.317636147121092
Balaka,2025-01-06,626,Malaria,102.8067096785334,19.94212857029921
Balaka,2025-01-13,554,Malaria,218.44144307208495,28.3871383874247
Balaka,2025-01-20,1000,Malaria,236.25907484502233,25.607627449046404
Balaka,2025-01-27,383,Malaria,46.77782296066574,23.534476536283044
Balaka,2025-02-03,1159,Malaria,199.68542168032138,21.48744016785686
Balaka,2025-02-10,392,Malaria,249.63493841617083,15.652425337963198
Balaka,2025-02-17,795,Malaria,244.49033128432868,29.764042486581964
Balaka,2025-02-24,945,Malaria,28.29610127910931,21.038017077517384
Balaka,2025-03-03,1185,Malaria,15.385309461355662,30.928131657791763
Balaka,2025-03-10,467,Malaria,203.3215738913912,31.94777635692639
Balaka,2025-03-17,632,Malaria,19.795977647437624,24.984118715545414
Balaka,2025-03-24,321,Malaria,153.39748851839897,21.24670461983564
Balaka,2025-03-31,1129,Malaria,89.69802868789465,33.79674257806071
Balaka,2025-04-07,1008,Malaria,48.651583592421474,16.546586376785783
Balaka,2025-04-14,731,Malaria,138.61465406155577,29.952406669910854
Balaka,2025-04-21,445,Malaria,62.97941910061028,25.566944881928805
Balaka,2025-04-28,275,Malaria,161.20827885416153,33.31922577092175
Balaka,2025-05-05,1469,Malaria,50.48857569353252,19.007830250163902
Balaka,2025-05-12,1299,Malaria,74.14228185522589,20.856291804350057
Balaka,2025-05-19,987,Malaria,1.6648066482461144,22.715919999723006
Balaka,2025-05-26,911,Malaria,163.84854181584862,25.129124462511392
Balaka,2025-06-02,1379,Malaria,90.7929912672486,24.97403232510497
Balaka,2025-06-09,1069,Malaria,30.09772842428132,22.2336994877936
Balaka,2025-06-16,264,Malaria,117.21005335215001,24.077400921083452
Balaka,2025-06-23,1282,Malaria,127.16486605988608,24.124015649219842
Balaka,2025-06-30,1343,Malaria,101.29514094950929,20.65375417568741
Balaka,2025-07-07,1200,Malaria,194.698720263125,33.715403997981284
Balaka,2025-07-14,1471,Malaria,29.11867624714007,25.67067359126832
Balaka,2025-07-21,1238,Malaria,13.106071495505772,25.653635134596975
Balaka,2025-07-28,746,Malaria,67.25483807975915,32.14863760175676
Balaka,2025-08-04,943,Malaria,235.8251818409424,30.56046000429979
Balaka,2025-08-11,756,Malaria,174.02248432472354,17.835167489095312
Balaka,2025-08-18,467,Malaria,32.33645208793115,33.24732984723731
Balaka,2025-08-25,118,Malaria,249.97167816512703,25.8185054206836
Balaka,2025-09-01,1458,Malaria,24.757836598578496,26.313598406929195
Balaka,2025-09-08,350,Malaria,198.44897207846918,31.08290968539129
Balaka,2025-09-15,350,Malaria,3.925647697455681,28.58182421461672
Balaka,2025-09-22,707,Malaria,184.0250859390786,26.506681531376028
Balaka,2025-09-29,753,Malaria,42.20066154620999,24.397575707622572
Balaka,2025-10-06,1318,Malaria,213.10387945339806,30.212389339410482
Balaka,2025-10-13,433,Malaria,63.933855731597795,31.121085666836063
Balaka,2024-01-01,104,Cholera,15.71480311772097,27.8882146853693
Balaka,2024-01-08,547,Cholera,94.21353759456602,21.818392209279285
Balaka,2024-01-15,242,Cholera,185.49099650923586,17.400910425759704
Balaka,2024-01-22,478,Cholera,112.65340645699153,16.969144146573715
Balaka,2024-01-29,304,Cholera,213.25029985274284,16.743247563338326
Balaka,2024-02-05,674,Cholera,177.7821964342968,20.758102171016013
Balaka,2024-02-12,622,Cholera,64.71828484973099,31.835674651546736
Balaka,2024-02-19,118,Cholera,155.12684943719566,29.758540132595684
Balaka,2024-02-26,235,Cholera,190.77158593483182,22.532539038479
Balaka,2024-03-04,506,Cholera,74.69570467646935,25.197655745679665
Balaka,2024-03-11,401,Cholera,118.87528015952469,27.884905290376235
Balaka,2024-03-18,519,Cholera,137.34546340429208,33.79918367408095
Balaka,2024-03-25,166,Cholera,95.1880142332153,28.418645526083736
Balaka,2024-04-01,362,Cholera,153.4389228541368,26.110452944206024
Balaka,2024-04-08,643,Cholera,113.44392440578063,29.139480409801227
Balaka,2024-04-15,517,Cholera,219.22722388373577,19.676501284138144
Balaka,2024-04-22,203,Cholera,111.627196205206,23.25139539296049
Balaka,2024-04-29,373,Cholera,231.25638605647745,32.906350434316145
Balaka,2024-05-06,336,Cholera,231.84616084050847,18.36962929255732
Balaka,2024-05-13,274,Cholera,210.2371956776541,25.005635691141812
Balaka,2024-05-20,279,Cholera,94.73283233844492,34.6802582462602
Balaka,2024-05-27,66,Cholera,96.0606512308931,19.143183888636877
Balaka,2024-06-03,442,Cholera,82.01577167635712,32.44512029102894
Balaka,2024-06-10,645,Cholera,46.62865563109325,19.59607683131809
Balaka,2024-06-17,228,Cholera,202.46116638342065,19.61362996707807
Balaka,2024-06-24,363,Cholera,62.58685873102371,27.466074488101906
Balaka,2024-07-01,310,Cholera,109.06418762577488,19.009535523993144
Balaka,2024-07-08,113,Cholera,55.24110159018025,31.503634882039098
Balaka,2024-07-15,494,Cholera,115.52829256580921,34.62125290795305
Balaka,2024-07-22,195,Cholera,220.2575021828823,27.429988302872072
Balaka,2024-07-29,131,Cholera,155.523068458572,15.056735461768284
Balaka,2024-08-05,67,Cholera,243.086836233221,16.048576381741043
Balaka,2024-08-12,312,Cholera,25.289197094720134,33.96054339589606
Balaka,2024-08-19,77,Cholera,223.42080212122437,29.046165265959072
Balaka,2024-08-26,241,Cholera,216.9750796065474,20.40206494401653
Balaka,2024-09-02,173,Cholera,213.68320656849312,20.37582601464802
Balaka,2024-09-09,692,Cholera,173.1636915304495,21.310073902144783
Balaka,2024-09-16,350,Cholera,153.112821265086,22.38709697914161
Balaka,2024-09-23,634,Cholera,245.8763584011246,27.881222241676525
Balaka,2024-09-30,624,Cholera,162.44613930242284,18.37972592404942
Balaka,2024-10-07,422,Cholera,95.34716646470254,26.671794913660598
Balaka,2024-10-14,346,Cholera,162.19865421445448,22.23901639479188
Balaka,2024-10-21,554,Cholera,244.7065119926157,15.82727628015622
Balaka,2024-10-28,513,Cholera,86.14609777685803,19.506566403018297
Balaka,2024-11-04,103,Cholera,214.91742934960294,20.892264330789533
Balaka,2024-11-11,310,Cholera,52.797539355163735,16.036798061934107
Balaka,2024-11-18,252,Cholera,190.75354779879535,15.671308696730794
Balaka,2024-11-25,135,Cholera,27.4950436760375,24.514585616464288
Balaka,2024-12-02,226,Cholera,239.4898844624638,17.668285314799725
Balaka,2024-12-09,293,Cholera,231.7242200145625,18.955043226577594
Balaka,2024-12-16,590,Cholera,63.6060489379861,21.974098895814237
Balaka,2024-12-23,516,Cholera,156.5180379064933,17.41025180286756
Balaka,2024-12-30,468,Cholera,215.7871372479271,29.0660773971621
Balaka,2025-01-06,79,Cholera,109.84078050912555,20.864773421369136
Balaka,2025-01-13,310,Cholera,71.08039686926345,34.869030500417686
Balaka,2025-01-20,442,Cholera,106.61719600484884,17.301216871098294
Balaka,2025-01-27,595,Cholera,153.1340605806792,21.14013065526254
Balaka,2025-02-03,586,Cholera,242.28358572075274,30.59725863195468
Balaka,2025-02-10,449,Cholera,135.1058415525029,17.951907634159948
Balaka,2025-02-17,79,Cholera,247.92038690329375,24.607607489165204
Balaka,2025-02-24,571,Cholera,134.33795243702608,18.05335459193542
Balaka,2025-03-03,142,Cholera,240.73602687267388,30.02047972448026
Balaka,2025-03-10,399,Cholera,11.554734644948883,27.374376624045134
Balaka,2025-03-17,221,Cholera,149.18291902988184,34.23713254670238
Balaka,2025-03-24,300,Cholera,219.6696462256348,15.63415534229685
Balaka,2025-03-31,548,Cholera,12.90090039290359,17.63585687285829
Balaka,2025-04-07,276,Cholera,119.42963883669516,22.39933958583199
Balaka,2025-04-14,417,Cholera,130.08260031065774,18.142215587942765
Balaka,2025-04-21,241,Cholera,216.81942637593002,26.88046603467695
Balaka,2025-04-28,218,Cholera,73.13047840805137,23.367109351914348
Balaka,2025-05-05,521,Cholera,113.64924842256569,17.79154069517527
Balaka,2025-05-12,643,Cholera,241.56232649875156,33.749955330067564
Balaka,2025-05-19,453,Cholera,90.78678928447154,17.485607400411926
Balaka,2025-05-26,516,Cholera,51.25812803980459,15.944341150113635
Balaka,2025-06-02,570,Cholera,41.29552654561874,33.329990090693066
Balaka,2025-06-09,221,Cholera,164.46712173374695,25.752488942568874
Balaka,2025-06-16,365,Cholera,239.3348748855001,17.187246343331214
Balaka,2025-06-23,566,Cholera,40.72279986036392,21.31530581641452
Balaka,2025-06-30,413,Cholera,132.18686321086975,32.265632443210464
Balaka,2025-07-07,173,Cholera,51.76583726177045,22.18605851281152
Balaka,2025-07-14,478,Cholera,247.93738451023185,24.736661991085974
Balaka,2025-07-21,90,Cholera,87.94873466440627,33.616379630383236
Balaka,2025-07-28,601,Cholera,133.48907672806297,33.65282716740832
Balaka,2025-08-04,273,Cholera,139.10661382322368,24.276968527841504
Balaka,2025-08-11,155,Cholera,186.8431088453083,27.25050364852281
Balaka,2025-08-18,414,Cholera,167.71733555835542,28.557930758918083
Balaka,2025-08-25,260,Cholera,104.8739270692353,34.33681483500233
Balaka,2025-09-01,352,Cholera,55.21687131479139,15.367708619979867
Balaka,2025-09-08,684,Cholera,136.78803629002957,34.89899243947842
Balaka,2025-09-15,157,Cholera,66.71584055895465,21.2913073390667
Balaka,2025-09-22,438,Cholera,51.11967744515683,21.564101134521923
Balaka,2025-09-29,332,Cholera,190.2579973975188,21.257981821103648
Balaka,2025-10-06,619,Cholera,78.22793108396672,15.781364764913231
Balaka,2025-10-13,478,Cholera,130.24229630204294,33.11166854426442
Balaka,2024-01-01,41,Monkeypox,98.7146785099465,20.69478749196604
Balaka,2024-01-08,132,Monkeypox,239.52531634446797,22.327569670572075
Balaka,2024-01-15,163,Monkeypox,84.85824236299372,20.546828714890303
Balaka,2024-01-22,109,Monkeypox,16.25180996309583,20.0909827846102
Balaka,2024-01-29,133,Monkeypox,58.47431189557295,18.097082183233322
Balaka,2024-02-05,125,Monkeypox,177.08160602295436,33.3834328981613
Balaka,2024-02-12,65,Monkeypox,102.79251121775363,27.359591000172205
Balaka,2024-02-19,103,Monkeypox,101.57903163712842,25.17309553356425
Balaka,2024-02-26,177,Monkeypox,59.332141626516346,19.715358543585424
Balaka,2024-03-04,168,Monkeypox,141.43190078130755,16.494553015845508
Balaka,2024-03-11,89,Monkeypox,76.32080376056749,20.171939738342132
Balaka,2024-03-18,83,Monkeypox,78.36563030187216,32.4426846989941
Balaka,2024-03-25,88,Monkeypox,90.78365046641667,18.597743472627325
Balaka,2024-04-01,52,Monkeypox,28.148649918819963,20.442259951074167
Balaka,2024-04-08,28,Monkeypox,165.2602849370257,21.960755638356737
Balaka,2024-04-15,46,Monkeypox,11.080327879979091,16.128021350101346
Balaka,2024-04-22,187,Monkeypox,109.61538959812387,28.601568344035506
Balaka,2024-04-29,136,Monkeypox,219.01326145881464,16.497136749461475
Balaka,2024-05-06,111,Monkeypox,121.28729536815158,32.46701798028748
Balaka,2024-05-13,58,Monkeypox,38.37870554712189,31.822384273713837
Balaka,2024-05-20,189,Monkeypox,233.69785212009174,31.824468645758508
Balaka,2024-05-27,38,Monkeypox,187.99828795013386,18.979385534353973
Balaka,2024-06-03,87,Monkeypox,114.85204649878536,25.813528601281718
Balaka,2024-06-10,97,Monkeypox,173.75390455806647,22.01785259025334
Balaka,2024-06-17,153,Monkeypox,24.144908499093425,17.617537891593212
Balaka,2024-06-24,66,Monkeypox,26.00419895775083,32.380550705114516
Balaka,2024-07-01,137,Monkeypox,116.46457684991205,24.07963159893214
Balaka,2024-07-08,103,Monkeypox,9.86936585549622,20.843012594121184
Balaka,2024-07-15,77,Monkeypox,20.319575229860583,17.82502761513075
Balaka,2024-07-22,37,Monkeypox,71.41600160908041,34.37635070164407
Balaka,2024-07-29,130,Monkeypox,221.7825176865416,28.286596344033068
Balaka,2024-08-05,174,Monkeypox,97.7723398850365,25.68190514006635
Balaka,2024-08-12,99,Monkeypox,180.42746546474888,29.223361387155485
Balaka,2024-08-19,26,Monkeypox,41.56393755606011,25.85113858247503
Balaka,2024-08-26,68,Monkeypox,158.95132440388775,28.92228811640145
Balaka,2024-09-02,112,Monkeypox,46.07313312317235,33.683369315272905
Balaka,2024-09-09,41,Monkeypox,13.018948760165488,25.253510345202503
Balaka,2024-09-16,12,Monkeypox,10.402291232160632,26.952238181623542
Balaka,2024-09-23,11,Monkeypox,10.279049036254651,30.66269661543693
Balaka,2024-09-30,110,Monkeypox,81.44341135367081,21.98163413543618
Balaka,2024-10-07,132,Monkeypox,81.77684332349153,26.805424161905876
Balaka,2024-10-14,19,Monkeypox,154.5392234141493,34.61445308194116
Balaka,2024-10-21,113,Monkeypox,153.34938750303465,22.824117238525705
Balaka,2024-10-28,112,Monkeypox,134.8145700034604,34.50378704490004
Balaka,2024-11-04,54,Monkeypox,110.79420624015674,32.4306520131622
Balaka,2024-11-11,98,Monkeypox,1.201617816396744,33.978177162766414
Balaka,2024-11-18,149,Monkeypox,172.0905906261692,30.06655938867464
Balaka,2024-11-25,167,Monkeypox,40.720543275086705,28.111718907287113
Balaka,2024-12-02,142,Monkeypox,148.60339738897403,32.18948002445519
Balaka,2024-12-09,70,Monkeypox,79.0759338576991,33.39057293214331
Balaka,2024-12-16,155,Monkeypox,49.9524865595781,16.878078742025824
Balaka,2024-12-23,29,Monkeypox,222.90790867037134,34.6609191039566
Balaka,2024-12-30,112,Monkeypox,100.19725760640019,26.278136243243075
Balaka,2025-01-06,45,Monkeypox,199.92732699078647,16.455924989778133
Balaka,2025-01-13,121,Monkeypox,74.01229909639889,34.16769821695526
Balaka,2025-01-20,176,Monkeypox,19.660319185648312,20.305242045553243
Balaka,2025-01-27,72,Monkeypox,199.66249998119454,22.019396824365593
Balaka,2025-02-03,36,Monkeypox,97.4545614078476,19.837283644514677
Balaka,2025-02-10,148,Monkeypox,80.42707764467394,26.4688271516795
Balaka,2025-02-17,179,Monkeypox,205.06326186662244,20.109401879702517
Balaka,2025-02-24,58,Monkeypox,70.80443098186662,29.272594770507443
Balaka,2025-03-03,36,Monkeypox,59.4358850881907,23.307350778857714
Balaka,2025-03-10,75,Monkeypox,134.7512757358735,22.14443754413704
Balaka,2025-03-17,155,Monkeypox,183.4173828991567,29.209536848312467
Balaka,2025-03-24,131,Monkeypox,6.9682103838470955,33.590197956827176
Balaka,2025-03-31,178,Monkeypox,165.9988643840477,29.44900129036692
Balaka,2025-04-07,120,Monkeypox,48.59098651867691,30.720915970646058
Balaka,2025-04-14,85,Monkeypox,122.97212348111672,30.55383054511612
Balaka,2025-04-21,105,Monkeypox,179.68370702958086,32.98172728520862
Balaka,2025-04-28,183,Monkeypox,72.59205960501589,15.229966143853295
Balaka,2025-05-05,59,Monkeypox,95.52942787065302,31.08385267975408
Balaka,2025-05-12,117,Monkeypox,133.7415890415934,15.43179130803654
Balaka,2025-05-19,12,Monkeypox,179.3267626433987,32.633850321047596
Balaka,2025-05-26,116,Monkeypox,235.79664944714509,26.749703986553477
Balaka,2025-06-02,193,Monkeypox,118.80008009553467,16.508741516695903
Balaka,2025-06-09,11,Monkeypox,119.5858302431721,20.866985500184775
Balaka,2025-06-16,99,Monkeypox,144.5500002053254,22.899534832562356
Balaka,2025-06-23,14,Monkeypox,6.069356467594295,26.71568859476956
Balaka,2025-06-30,55,Monkeypox,0.33826742681986044,18.912559461044193
Balaka,2025-07-07,180,Monkeypox,169.96277122246775,27.181893984821535
Balaka,2025-07-14,49,Monkeypox,37.02875115318968,31.433240102738505
Balaka,2025-07-21,77,Monkeypox,49.01034056593498,28.75786073904242
Balaka,2025-07-28,135,Monkeypox,21.713582560739216,25.23804925987269
Balaka,2025-08-04,89,Monkeypox,158.15875711176537,17.620398192974665
Balaka,2025-08-11,18,Monkeypox,126.46351534033631,34.233630925661814
Balaka,2025-08-18,127,Monkeypox,166.23976075656776,17.81901897193412
Balaka,2025-08-25,124,Monkeypox,104.73028269104026,24.95395941818167
Balaka,2025-09-01,145,Monkeypox,82.84143924363607,19.16354944915811
Balaka,2025-09-08,189,Monkeypox,150.61179222583,25.47947531938075
Balaka,2025-09-15,28,Monkeypox,185.52386244809907,33.520214216235
Balaka,2025-09-22,169,Monkeypox,249.66381857805348,25.18434824292661
Balaka,2025-09-29,105,Monkeypox,113.19538052473955,27.903576660570064
Balaka,2025-10-06,117,Monkeypox,89.04322949206134,28.65752202449551
Balaka,2025-10-13,111,Monkeypox,217.9115014307337,20.750916671276833
Blantyre,2024-01-01,884,Malaria,182.86130501091702,24.291125128858162
Blantyre,2024-01-08,1275,Malaria,54.0168833946556,29.673407898012826
Blantyre,2024-01-15,149,Malaria,26.38523161478487,23.335855057126906
Blantyre,2024-01-22,1245,Malaria,65.02765900832847,34.04068032151106
Blantyre,2024-01-29,762,Malaria,9.915864989175487,29.07604839421009
Blantyre,2024-02-05,1354,Malaria,114.37195503925187,15.771963290711327
Blantyre,2024-02-12,1345,Malaria,127.7828355121327,19.02565907674976
Blantyre,2024-02-19,714,Malaria,244.74314934323974,33.425446873325996
Blantyre,2024-02-26,1004,Malaria,200.81751030409603,30.748441356637404
Blantyre,2024-03-04,783,Malaria,95.74199746749154,25.658366062661514
Blantyre,2024-03-11,1016,Malaria,52.03388921543761,18.926706732701955
Blantyre,2024-03-18,1419,Malaria,231.16218998099106,27.85791195283621
Blantyre,2024-03-25,1254,Malaria,235.10570097985283,16.79253345138559
Blantyre,2024-04-01,999,Malaria,236.771720369455,33.39869433300126
Blantyre,2024-04-08,271,Malaria,33.535316588344685,23.198143635573167
Blantyre,2024-04-15,918,Malaria,237.30770933835072,22.695233577872166
Blantyre,2024-04-22,1206,Malaria,31.54805499214633,24.92578354834354
Blantyre,2024-04-29,631,Malaria,210.28938490398224,28.31961670606087
Blantyre,2024-05-06,622,Malaria,42.29230534594935,15.51553902988374
Blantyre,2024-05-13,134,Malaria,61.767853880237254,33.72533559892106
Blantyre,2024-05-20,816,Malaria,211.29131441407068,28.846915475198838
Blantyre,2024-05-27,914,Malaria,105.24068090015685,27.088433221297784
Blantyre,2024-06-03,1040,Malaria,239.21177816434977,29.40436742596063
Blantyre,2024-06-10,543,Malaria,179.84688577769168,30.229280072264952
Blantyre,2024-06-17,294,Malaria,154.0162656888471,34.66596880378004
Blantyre,2024-06-24,1250,Malaria,70.41943965515499,34.97149004802919
Blantyre,2024-07-01,286,Malaria,155.41785140226952,16.23112971303427
Blantyre,2024-07-08,1170,Malaria,182.5115392814326,24.817351141969027
Blantyre,2024-07-15,473,Malaria,195.5874021007623,33.2109224774818
Blantyre,2024-07-22,162,Malaria,92.00692091942722,19.08942210892156
Blantyre,2024-07-29,629,Malaria,153.83684057661713,27.667322198931963
Blantyre,2024-08-05,1122,Malaria,232.22582262320427,32.07524292375785
Blantyre,2024-08-12,1174,Malaria,97.80176192607881,15.949970680019964
Blantyre,2024-08-19,1198,Malaria,200.06295525688031,21.41417141498694
Blantyre,2024-08-26,1044,Malaria,109.79983326975409,33.74071321140019
Blantyre,2024-09-02,526,Malaria,95.23309711259381,15.331304574265836
Blantyre,2024-09-09,173,Malaria,214.4383260858812,31.5730904640113
Blantyre,2024-09-16,555,Malaria,165.08814272170002,32.43590718401862
Blantyre,2024-09-23,1249,Malaria,90.821174842707,22.366932535890896
Blantyre,2024-09-30,172,Malaria,162.21105417105267,23.30309328236104
Blantyre,2024-10-07,231,Malaria,95.35871841569559,31.1168847646568
Blantyre,2024-10-14,1045,Malaria,24.884951719948255,27.103480549259466
Blantyre,2024-10-21,487,Malaria,213.24666334390872,30.568609873521105
Blantyre,2024-10-28,1211,Malaria,176.9108103669046,15.29892802324545
Blantyre,2024-11-04,1340,Malaria,214.18863488774824,25.483698164554255
Blantyre,2024-11-11,575,Malaria,141.49599276404953,24.61669183766491
Blantyre,2024-11-18,348,Malaria,154.4801813878328,33.27816893509481
Blantyre,2024-11-25,573,Malaria,130.5561041724343,23.425499068569103
Blantyre,2024-12-02,139,Malaria,98.38206341805234,23.579691906348668
Blantyre,2024-12-09,1467,Malaria,134.32173393331334,24.68171208450651
Blantyre,2024-12-16,958,Malaria,135.7430799280123,25.85595060027064
Blantyre,2024-12-23,332,Malaria,9.011446728478894,29.655468702199343
Blantyre,2024-12-30,307,Malaria,108.54640640855509,30.50555440691332
Blantyre,2025-01-06,1468,Malaria,232.73940289486592,25.510870154402664
Blantyre,2025-01-13,1049,Malaria,214.62752467623073,23.99177948725233
Blantyre,2025-01-20,1327,Malaria,94.31273516237418,29.60128915009946
Blantyre,2025-01-27,1124,Malaria,171.906477186938,22.157782655633284
Blantyre,2025-02-03,108,Malaria,12.725874407676585,28.80311177320913
Blantyre,2025-02-10,1041,Malaria,118.94582330395984,17.00061191926634
Blantyre,2025-02-17,976,Malaria,217.8052474676186,33.061309140640205
Blantyre,2025-02-24,645,Malaria,38.10397717183214,30.353768847738714
Blantyre,2025-03-03,187,Malaria,182.39976456870116,30.157043924361457
Blantyre,2025-03-10,1390,Malaria,83.9352232874497,18.749617541776303
Blantyre,2025-03-17,1237,Malaria,219.07927021928023,17.4009834514925
Blantyre,2025-03-24,1347,Malaria,124.24846572271252,28.14649391311674
Blantyre,2025-03-31,128,Malaria,202.4185984874821,33.65054066052812
Blantyre,2025-04-07,1423,Malaria,87.40445216937489,27.953779547920337
Blantyre,2025-04-14,222,Malaria,93.2061382718107,33.04856267583939
Blantyre,2025-04-21,165,Malaria,235.72177224425113,23.894307539329596
Blantyre,2025-04-28,1117,Malaria,239.68232144807098,21.145481386238302
Blantyre,2025-05-05,597,Malaria,74.08466871515206,34.4562494977125
Blantyre,2025-05-12,1356,Malaria,213.49861996708594,24.747976590115606
Blantyre,2025-05-19,660,Malaria,216.55485295096406,21.49895404738426
Blantyre,2025-05-26,129,Malaria,218.41878648169583,16.990623241200645
Blantyre,2025-06-02,607,Malaria,74.5059733980773,28.556238750674652
Blantyre,2025-06-09,1302,Malaria,87.96321794909687,23.355106754935477
Blantyre,2025-06-16,423,Malaria,154.96994590789578,17.217631659568067
Blantyre,2025-06-23,993,Malaria,114.56520903060724,29.48567028772809
Blantyre,2025-06-30,620,Malaria,30.17181330517146,26.882951143747015
Blantyre,2025-07-07,584,Malaria,72.50714426015442,16.61663191125772
Blantyre,2025-07-14,309,Malaria,25.06487764493809,27.74821488040164
Blantyre,2025-07-21,1010,Malaria,52.52193271736355,15.61781361555333
Blantyre,2025-07-28,1180,Malaria,48.1966271162752,33.06734401575869
Blantyre,2025-08-04,674,Malaria,186.90459648427102,25.756197109349255
Blantyre,2025-08-11,125,Malaria,112.33473583919462,21.3626518916839
Blantyre,2025-08-18,1294,Malaria,209.8420664524036,26.820745965910444
Blantyre,2025-08-25,1211,Malaria,156.06836964694176,33.11468495496485
Blantyre,2025-09-01,907,Malaria,119.33288123835578,34.41793702435952
Blantyre,2025-09-08,1471,Malaria,172.20772296113967,31.042804825950565
Blantyre,2025-09-15,709,Malaria,77.70995565933436,17.26942699917413
Blantyre,2025-09-22,576,Malaria,18.673004793685223,34.92839238536397
Blantyre,2025-09-29,272,Malaria,8.85685557557045,19.462113030263737
Blantyre,2025-10-06,414,Malaria,231.04941552780468,31.99069722076946
Blantyre,2025-10-13,473,Malaria,116.7623885841298,18.052091861223087
Blantyre,2024-01-01,126,Cholera,72.3713241243542,20.21824240097086
Blantyre,2024-01-08,60,Cholera,71.90600976854905,32.9896835102796
Blantyre,2024-01-15,632,Cholera,150.5413872670417,29.60083116541351
Blantyre,2024-01-22,233,Cholera,171.82192536356965,24.145800095593852
Blantyre,2024-01-29,611,Cholera,124.3070582240938,19.416358080119526
Blantyre,2024-02-05,112,Cholera,131.76080749227188,32.622717492372026
Blantyre,2024-02-12,498,Cholera,5.336934380130637,19.5485104657665
Blantyre,2024-02-19,666,Cholera,230.9958108700429,15.836106992899444
Blantyre,2024-02-26,202,Cholera,173.93832523477855,24.30809438442666
Blantyre,2024-03-04,548,Cholera,53.94727838491456,25.633234268111455
Blantyre,2024-03-11,488,Cholera,216.7293608811659,21.404904692702583
Blantyre,2024-03-18,314,Cholera,171.5386596628783,27.228002830722367
Blantyre,2024-03-25,399,Cholera,76.04996397998318,18.61438540618095
Blantyre,2024-04-01,671,Cholera,248.75647562375735,19.95478406491777
Blantyre,2024-04-08,665,Cholera,230.68705363096024,30.694794175323736
Blantyre,2024-04-15,409,Cholera,204.87200878211667,32.49849312709205
Blantyre,2024-04-22,316,Cholera,234.61577181209623,26.44003587875929
Blantyre,2024-04-29,417,Cholera,53.27893152068644,28.14379951344045
Blantyre,2024-05-06,452,Cholera,199.37375484246678,18.387549916443227
Blantyre,2024-05-13,70,Cholera,36.00565606707479,30.025446256137485
Blantyre,2024-05-20,629,Cholera,38.58733840832826,26.80461136744492
Blantyre,2024-05-27,218,Cholera,21.89332564149882,25.317773500446123
Blantyre,2024-06-03,239,Cholera,142.44305918653018,20.395692960403206
Blantyre,2024-06-10,300,Cholera,226.174745950055,27.344373683038157
Blantyre,2024-06-17,195,Cholera,70.01406806718607,34.62874380730644
Blantyre,2024-06-24,491,Cholera,56.657940385598046,20.958062367016193
Blantyre,2024-07-01,184,Cholera,35.895559319674256,16.689469260085925
Blantyre,2024-07-08,95,Cholera,24.399828346633317,19.131274946599174
Blantyre,2024-07-15,500,Cholera,40.62248451374689,34.26556106613972
Blantyre,2024-07-22,282,Cholera,136.41175762094363,34.30320411818329
Blantyre,2024-07-29,541,Cholera,234.97257652826804,31.239367226351376
Blantyre,2024-08-05,240,Cholera,93.93488620264468,15.349184814276931
Blantyre,2024-08-12,348,Cholera,35.51514825361052,33.17835895345314
Blantyre,2024-08-19,461,Cholera,7.766751367476177,16.522114385110214
Blantyre,2024-08-26,282,Cholera,104.66985799653818,17.858472594550122
Blantyre,2024-09-02,577,Cholera,51.00579210820508,17.671679759091468
Blantyre,2024-09-09,410,Cholera,60.17854695315542,27.632217890887144
Blantyre,2024-09-16,398,Cholera,219.9422557294524,30.423092852420265
Blantyre,2024-09-23,584,Cholera,38.526844696377935,15.367560830524422
Blantyre,2024-09-30,341,Cholera,117.24480413379933,23.4105761134362
Blantyre,2024-10-07,530,Cholera,122.65175329508962,32.37239360158868
Blantyre,2024-10-14,520,Cholera,91.35260370466503,27.275855712186324
Blantyre,2024-10-21,616,Cholera,216.31004216528063,17.420804030224822
Blantyre,2024-10-28,466,Cholera,130.24733725943875,24.51353269514615
Blantyre,2024-11-04,365,Cholera,143.69510254542814,16.257388944964642
Blantyre,2024-11-11,365,Cholera,219.63810873976342,24.34356053089602
Blantyre,2024-11-18,238,Cholera,109.20747377504334,24.59359839581004
Blantyre,2024-11-25,232,Cholera,60.54062963912135,16.21691600616953
Blantyre,2024-12-02,303,Cholera,15.306636536637996,26.16262827975416
Blantyre,2024-12-09,404,Cholera,89.56764333563802,33.673389496029905
Blantyre,2024-12-16,430,Cholera,75.9356547241126,19.233469024050052
Blantyre,2024-12-23,178,Cholera,186.7587231446434,16.46945439170877
Blantyre,2024-12-30,444,Cholera,208.63625020611534,15.851165131568914
Blantyre,2025-01-06,569,Cholera,193.42911277105367,28.32756737042576
Blantyre,2025-01-13,185,Cholera,218.08098879503348,28.51064957629569
Blantyre,2025-01-20,234,Cholera,146.28458960495342,23.140366701141073
Blantyre,2025-01-27,218,Cholera,35.2426713989584,29.28669365970965
Blantyre,2025-02-03,558,Cholera,108.36388568711993,25.815543157467687
Blantyre,2025-02-10,191,Cholera,181.7892030437373,29.477161162730383
Blantyre,2025-02-17,296,Cholera,40.856312053180964,23.16681497343785
Blantyre,2025-02-24,262,Cholera,135.17392234541734,16.931128708621014
Blantyre,2025-03-03,271,Cholera,199.4231270798578,34.060427326284895
Blantyre,2025-03-10,285,Cholera,192.75694980560075,17.27310159176168
Blantyre,2025-03-17,108,Cholera,69.3674694272976,22.440001439632034
Blantyre,2025-03-24,671,Cholera,126.59155486177234,24.734175784002897
Blantyre,2025-03-31,318,Cholera,4.188331527310435,19.32787612272333
Blantyre,2025-04-07,58,Cholera,151.88925248187869,25.831269277003155
Blantyre,2025-04-14,123,Cholera,230.48595643369254,34.46544877347757
Blantyre,2025-04-21,454,Cholera,35.280988461594305,15.113156745338593
Blantyre,2025-04-28,244,Cholera,215.48856670574617,29.692836977859834
Blantyre,2025-05-05,259,Cholera,134.06531630146392,34.19860339564772
Blantyre,2025-05-12,393,Cholera,117.70871318462248,34.497983209183914
Blantyre,2025-05-19,402,Cholera,135.59672364124557,32.180970691206426
Blantyre,2025-05-26,609,Cholera,126.15599202605706,21.831963744312198
Blantyre,2025-06-02,190,Cholera,61.83463875685932,21.114827303631067
Blantyre,2025-06-09,265,Cholera,112.06514560917466,21.166949368479933
Blantyre,2025-06-16,547,Cholera,185.6938172712714,25.111147748318796
Blantyre,2025-06-23,325,Cholera,152.42272972351338,23.875553358078946
Blantyre,2025-06-30,260,Cholera,150.56608318590344,24.214194165960294
Blantyre,2025-07-07,159,Cholera,139.17910752271982,27.692087566197728
Blantyre,2025-07-14,510,Cholera,151.37209757243556,31.16106642767978
Blantyre,2025-07-21,297,Cholera,57.63243123768963,34.63296084966946
Blantyre,2025-07-28,101,Cholera,22.85948693331774,32.385766182338145
Blantyre,2025-08-04,328,Cholera,53.02280977897722,28.610196935886915
Blantyre,2025-08-11,516,Cholera,70.2784588540232,34.62299098095599
Blantyre,2025-08-18,426,Cholera,10.300529284645505,21.77935947929373
Blantyre,2025-08-25,99,Cholera,245.65425437751406,17.505571702852578
Blantyre,2025-09-01,232,Cholera,197.65952041839026,34.76295244580825
Blantyre,2025-09-08,694,Cholera,115.22807320026554,21.753185488408242
Blantyre,2025-09-15,565,Cholera,172.66427939551025,20.672339418664095
Blantyre,2025-09-22,666,Cholera,17.515191790624137,27.682509011009824
Blantyre,2025-09-29,120,Cholera,35.14855170132683,19.081891099164935
Blantyre,2025-10-06,219,Cholera,41.97134281545237,29.211802122214568
Blantyre,2025-10-13,52,Cholera,29.19075526443371,31.01287684815676
Blantyre,2024-01-01,157,Monkeypox,29.77320241651804,18.686510391777592
Blantyre,2024-01-08,55,Monkeypox,82.51831240617929,34.56143344703281
Blantyre,2024-01-15,74,Monkeypox,237.31997378188774,27.2680923442731
Blantyre,2024-01-22,65,Monkeypox,149.0695349427969,33.134298654760116
Blantyre,2024-01-29,161,Monkeypox,52.414147236769736,28.69743591152737
Blantyre,2024-02-05,23,Monkeypox,103.83679570107121,21.432109337898783
Blantyre,2024-02-12,23,Monkeypox,185.21975093736802,23.69064003382842
Blantyre,2024-02-19,123,Monkeypox,220.11517094947064,22.745122655356433
Blantyre,2024-02-26,127,Monkeypox,52.300039957132896,22.383097508235007
Blantyre,2024-03-04,86,Monkeypox,159.83010274753482,31.602836185185666
Blantyre,2024-03-11,54,Monkeypox,210.96055062064266,25.742490680489404
Blantyre,2024-03-18,68,Monkeypox,219.7389997016056,21.77423693096943
Blantyre,2024-03-25,179,Monkeypox,127.89638775655176,34.54191716362622
Blantyre,2024-04-01,119,Monkeypox,126.98016604913123,23.76759085842203
Blantyre,2024-04-08,166,Monkeypox,77.68837847355903,23.892353931742484
Blantyre,2024-04-15,195,Monkeypox,95.36062940883173,32.8794735120852
Blantyre,2024-04-22,30,Monkeypox,103.34491872734463,25.45605032165794
Blantyre,2024-04-29,105,Monkeypox,85.74477073068645,28.966604862831822
Blantyre,2024-05-06,120,Monkeypox,78.07188992976324,22.371219233146057
Blantyre,2024-05-13,144,Monkeypox,248.52411420486177,24.51210971644261
Blantyre,2024-05-20,165,Monkeypox,152.87067422027297,26.94054960207584
Blantyre,2024-05-27,98,Monkeypox,238.06891091708152,28.444899055588422
Blantyre,2024-06-03,60,Monkeypox,36.80335127044984,23.691653872638796
Blantyre,2024-06-10,122,Monkeypox,30.431518174699608,23.50618749830317
Blantyre,2024-06-17,128,Monkeypox,111.32766174607085,31.73254302483039
Blantyre,2024-06-24,60,Monkeypox,41.165246135104304,32.59266459681336
Blantyre,2024-07-01,37,Monkeypox,10.611079574659538,15.686975641732426
Blantyre,2024-07-08,196,Monkeypox,64.3842997136393,34.44768054196437
Blantyre,2024-07-15,141,Monkeypox,32.799151622995296,21.103939548953825
Blantyre,2024-07-22,139,Monkeypox,88.23994713341143,34.1318179653405
Blantyre,2024-07-29,43,Monkeypox,105.86868731149612,22.353970223719877
Blantyre,2024-08-05,36,Monkeypox,115.68211168308406,32.69296979726491
Blantyre,2024-08-12,151,Monkeypox,166.68057135037623,33.16392478389356
Blantyre,2024-08-19,31,Monkeypox,178.48989608569877,21.853493433573455
Blantyre,2024-08-26,142,Monkeypox,235.30521555200204,21.876629109429366
Blantyre,2024-09-02,172,Monkeypox,100.74517923149129,27.38516733871691
Blantyre,2024-09-09,59,Monkeypox,148.5814134127304,27.893062942200956
Blantyre,2024-09-16,17,Monkeypox,135.38428437551622,23.920373905260128
Blantyre,2024-09-23,15,Monkeypox,60.63652860349275,15.876537508972508
Blantyre,2024-09-30,45,Monkeypox,244.5337440341729,17.599652830131046
Blantyre,2024-10-07,23,Monkeypox,92.87711368675066,26.387368134122244
Blantyre,2024-10-14,100,Monkeypox,44.48261677015542,20.68859754297445
Blantyre,2024-10-21,29,Monkeypox,207.62502445390732,34.74910173010859
Blantyre,2024-10-28,137,Monkeypox,150.91196538639792,31.060656287013252
Blantyre,2024-11-04,35,Monkeypox,2.83091906249866,34.169196450549194
Blantyre,2024-11-11,86,Monkeypox,140.5274910955092,28.139102532403477
Blantyre,2024-11-18,27,Monkeypox,65.17355314630865,22.192418831990306
Blantyre,2024-11-25,170,Monkeypox,115.96855069055067,30.005508564562824
Blantyre,2024-12-02,162,Monkeypox,244.37501027623262,28.19599391187933
Blantyre,2024-12-09,12,Monkeypox,196.84938354179909,15.863181234409067
Blantyre,2024-12-16,64,Monkeypox,128.7753027007692,28.209408453678005
Blantyre,2024-12-23,17,Monkeypox,30.51861848142179,33.5661170969675
Blantyre,2024-12-30,143,Monkeypox,231.01771291585248,20.559135482984804
Blantyre,2025-01-06,42,Monkeypox,226.425929144686,34.49378771449015
Blantyre,2025-01-13,78,Monkeypox,17.467900105803956,19.718942503311155
Blantyre,2025-01-20,70,Monkeypox,246.982762814674,29.463726098840556
Blantyre,2025-01-27,138,Monkeypox,137.50300142566974,22.794935805270015
Blantyre,2025-02-03,20,Monkeypox,215.83440963057052,20.223240291455674
Blantyre,2025-02-10,40,Monkeypox,81.06067018073863,27.449017853002893
Blantyre,2025-02-17,181,Monkeypox,58.4838173307124,16.58419852507752
Blantyre,2025-02-24,69,Monkeypox,158.00538882370407,34.67386578958892
Blantyre,2025-03-03,33,Monkeypox,146.142579083707,15.704119286994537
Blantyre,2025-03-10,152,Monkeypox,20.893360249694794,19.126088639355597
Blantyre,2025-03-17,47,Monkeypox,33.48486783537907,20.585993643148583
Blantyre,2025-03-24,116,Monkeypox,56.92333376169362,20.64860949028827
Blantyre,2025-03-31,199,Monkeypox,75.39126292857074,22.894192552968818
Blantyre,2025-04-07,171,Monkeypox,42.90448149112544,18.386022336629363
Blantyre,2025-04-14,103,Monkeypox,123.24605779598768,19.304254213217373
Blantyre,2025-04-21,180,Monkeypox,33.61503669489127,27.59738099698917
Blantyre,2025-04-28,68,Monkeypox,196.08068245555125,22.489686099081645
Blantyre,2025-05-05,51,Monkeypox,25.617660844695187,34.42226306032529
Blantyre,2025-05-12,157,Monkeypox,231.801583785212,25.96128057400264
Blantyre,2025-05-19,77,Monkeypox,220.5747568242707,28.17190916076373
Blantyre,2025-05-26,55,Monkeypox,110.32830586243875,28.461745074791857
Blantyre,2025-06-02,174,Monkeypox,55.47498007405991,32.70617100712047
Blantyre,2025-06-09,113,Monkeypox,139.8155882567791,18.763083603054206
Blantyre,2025-06-16,190,Monkeypox,50.14907620773762,25.941059866777106
Blantyre,2025-06-23,11,Monkeypox,44.42048635363546,33.29198167190811
Blantyre,2025-06-30,155,Monkeypox,220.65107129130917,24.51371017735805
Blantyre,2025-07-07,126,Monkeypox,230.77397763789364,23.963627909603616
Blantyre,2025-07-14,156,Monkeypox,20.328997786317192,19.578897846453565
Blantyre,2025-07-21,46,Monkeypox,64.13903724409414,18.662762732507517
Blantyre,2025-07-28,14,Monkeypox,116.66963779623855,30.96430511412123
Blantyre,2025-08-04,191,Monkeypox,73.30836063771976,25.428904586267397
Blantyre,2025-08-11,38,Monkeypox,144.13540016494682,30.105276924319085
Blantyre,2025-08-18,25,Monkeypox,177.44849043095215,20.301310321362614
Blantyre,2025-08-25,96,Monkeypox,94.03265784792839,26.420363219947255
Blantyre,2025-09-01,35,Monkeypox,115.2705221925983,16.482397863222847
Blantyre,2025-09-08,144,Monkeypox,249.0087953116081,34.12614847508793
Blantyre,2025-09-15,81,Monkeypox,186.52428304270043,22.06914930713012
Blantyre,2025-09-22,90,Monkeypox,82.88826182648651,16.758661060191223
Blantyre,2025-09-29,58,Monkeypox,142.82103080601965,16.35347528951322
Blantyre,2025-10-06,81,Monkeypox,41.457837990914626,18.70913855726623
Blantyre,2025-10-13,89,Monkeypox,22.858755246058404,18.14403432813615
Chikwawa,2024-01-01,337,Malaria,235.24568071242177,19.654167926786307
Chikwawa,2024-01-08,260,Malaria,9.048034210550782,25.861497324965114
Chikwawa,2024-01-15,772,Malaria,35.53246432940174,34.78435950899044
Chikwawa,2024-01-22,532,Malaria,200.5718828182621,31.549358693056714
Chikwawa,2024-01-29,367,Malaria,146.98683972505475,32.384045639853554
Chikwawa,2024-02-05,754,Malaria,227.63979966305217,34.73711779451786
Chikwawa,2024-02-12,988,Malaria,197.98691675102717,26.23106018948318
Chikwawa,2024-02-19,384,Malaria,186.41890748800137,23.93905467223972
Chikwawa,2024-02-26,1134,Malaria,76.76168982626346,33.115057555378705
Chikwawa,2024-03-04,1434,Malaria,54.78267286830915,19.56204851683102
Chikwawa,2024-03-11,834,Malaria,191.69914208905269,24.710699219378192
Chikwawa,2024-03-18,610,Malaria,189.99487112430177,27.988913302472234
Chikwawa,2024-03-25,474,Malaria,52.294841019034756,22.72245467669574
Chikwawa,2024-04-01,1248,Malaria,56.646581513288105,33.561629229747396
Chikwawa,2024-04-08,187,Malaria,241.0792568203558,30.912032413284283
Chikwawa,2024-04-15,1144,Malaria,121.31219413449065,29.819926191873236
Chikwawa,2024-04-22,1241,Malaria,184.74329825010648,18.004142229022907
Chikwawa,2024-04-29,879,Malaria,170.31672448468493,27.53962780266196
Chikwawa,2024-05-06,1334,Malaria,124.21011363010295,21.767285768507136
Chikwawa,2024-05-13,244,Malaria,85.43148434992118,23.623154026500593
Chikwawa,2024-05-20,592,Malaria,174.1892058514094,22.853481841938162
Chikwawa,2024-05-27,980,Malaria,201.89316613795475,27.701235581016057
Chikwawa,2024-06-03,655,Malaria,183.0548509380983,23.589537624996858
Chikwawa,2024-06-10,1189,Malaria,121.59223670933197,18.269291198672104
Chikwawa,2024-06-17,941,Malaria,46.983490402135345,33.15028877852557
Chikwawa,2024-06-24,472,Malaria,161.84217952380337,30.20408647951882
Chikwawa,2024-07-01,989,Malaria,127.35107827284062,27.014173820403308
Chikwawa,2024-07-08,990,Malaria,192.72249228794925,23.1215060110528
Chikwawa,2024-07-15,445,Malaria,34.76637648041231,26.51795552677717
Chikwawa,2024-07-22,776,Malaria,184.05703122914392,16.446037496611325
Chikwawa,2024-07-29,605,Malaria,27.043464484385883,15.982733587290689
Chikwawa,2024-08-05,1083,Malaria,182.67964561999264,24.109822727425925
Chikwawa,2024-08-12,1214,Malaria,136.04846080069805,23.467349534067274
Chikwawa,2024-08-19,1293,Malaria,81.66034109445422,24.027979240166456
Chikwawa,2024-08-26,999,Malaria,136.0945400799134,32.172564395972486
Chikwawa,2024-09-02,723,Malaria,27.07614900039343,31.647395616758406
Chikwawa,2024-09-09,1179,Malaria,186.81522780085032,30.826052829882734
Chikwawa,2024-09-16,633,Malaria,134.21810242965958,21.373223766682248
Chikwawa,2024-09-23,1070,Malaria,239.3488168427317,27.788827441363317
Chikwawa,2024-09-30,1199,Malaria,32.849714895663794,31.101187973224732
Chikwawa,2024-10-07,1117,Malaria,153.91782019844746,17.83577723637315
Chikwawa,2024-10-14,266,Malaria,240.25541673101694,31.558097753632794
Chikwawa,2024-10-21,475,Malaria,244.37037705990943,28.695714863850373
Chikwawa,2024-10-28,1251,Malaria,248.10362703628766,19.042717001972797
Chikwawa,2024-11-04,260,Malaria,15.720573113783637,20.3376668165276
Chikwawa,2024-11-11,588,Malaria,132.61789867848228,29.572023991203444
Chikwawa,2024-11-18,831,Malaria,74.88748634652303,24.92142620618498
Chikwawa,2024-11-25,942,Malaria,48.08928788579544,28.083606458947834
Chikwawa,2024-12-02,379,Malaria,59.765251273802335,29.386157222529196
Chikwawa,2024-12-09,103,Malaria,190.68161418408297,27.281872150544977
Chikwawa,2024-12-16,1476,Malaria,141.42464595207704,23.605845684005082
Chikwawa,2024-12-23,1414,Malaria,144.85778057669785,17.605578992519455
Chikwawa,2024-12-30,889,Malaria,176.90902979949647,23.36866099327237
Chikwawa,2025-01-06,387,Malaria,174.4191928167466,22.46208026940665
Chikwawa,2025-01-13,1167,Malaria,146.66529131819982,26.024368658726594
Chikwawa,2025-01-20,1306,Malaria,10.447895594652646,23.927950652748216
Chikwawa,2025-01-27,880,Malaria,216.8316377164811,18.98829190705075
Chikwawa,2025-02-03,428,Malaria,227.14186292583594,32.21648366727768
Chikwawa,2025-02-10,705,Malaria,229.2427635104963,31.690313480158764
Chikwawa,2025-02-17,294,Malaria,13.054974761545573,23.619371788714876
Chikwawa,2025-02-24,493,Malaria,181.08470361277577,20.222545332545817
Chikwawa,2025-03-03,774,Malaria,202.68789317583693,28.390169428568903
Chikwawa,2025-03-10,1451,Malaria,220.6531707474109,29.24861776484226
Chikwawa,2025-03-17,1062,Malaria,89.61896979682055,33.276038544789884
Chikwawa,2025-03-24,714,Malaria,170.13866775857514,34.98039366807821
Chikwawa,2025-03-31,807,Malaria,7.994360050901483,31.321514510835613
Chikwawa,2025-04-07,1024,Malaria,204.66976681414923,27.688713637266346
Chikwawa,2025-04-14,1297,Malaria,2.2213957663867747,27.709105869771868
Chikwawa,2025-04-21,251,Malaria,130.26916650940962,33.64541907959483
Chikwawa,2025-04-28,1174,Malaria,185.80915250748126,18.870466243909963
Chikwawa,2025-05-05,999,Malaria,188.23454146878592,26.555693386975385
Chikwawa,2025-05-12,654,Malaria,195.92980992990533,19.515751895800847
Chikwawa,2025-05-19,670,Malaria,85.70849626124868,33.949375653088225
Chikwawa,2025-05-26,806,Malaria,137.97252830576406,34.56411231231745
Chikwawa,2025-06-02,731,Malaria,181.37966018161882,17.964090770571048
Chikwawa,2025-06-09,1206,Malaria,34.798172594853185,30.811982545987014
Chikwawa,2025-06-16,1202,Malaria,7.7221960612049445,26.562193089205035
Chikwawa,2025-06-23,1153,Malaria,182.57609924264187,27.372533368288185
Chikwawa,2025-06-30,991,Malaria,7.901748805993175,17.76495957988182
Chikwawa,2025-07-07,865,Malaria,169.90605417188146,18.62334921932462
Chikwawa,2025-07-14,899,Malaria,212.75973134334774,24.728431771204114
Chikwawa,2025-07-21,660,Malaria,98.79955447334201,21.142339320138056
Chikwawa,2025-07-28,1065,Malaria,88.84235251257458,34.925231406141435
Chikwawa,2025-08-04,570,Malaria,224.37144752784621,16.00943039454203
Chikwawa,2025-08-11,1393,Malaria,44.31612823466743,33.40181573909354
Chikwawa,2025-08-18,1264,Malaria,244.82224731541473,23.243596377057294
Chikwawa,2025-08-25,1276,Malaria,161.0973243071188,30.005161422079112
Chikwawa,2025-09-01,204,Malaria,36.357069481939256,23.830172506236924
Chikwawa,2025-09-08,1040,Malaria,108.52928688072502,33.36392118125107
Chikwawa,2025-09-15,202,Malaria,87.30797470508358,24.652799136012185
Chikwawa,2025-09-22,546,Malaria,224.28989877794953,28.698237208717703
Chikwawa,2025-09-29,750,Malaria,139.54706785317245,31.009438734773077
Chikwawa,2025-10-06,1167,Malaria,124.31260869430902,25.542658489607586
Chikwawa,2025-10-13,1051,Malaria,77.91224430247473,22.650457057528953
Chikwawa,2024-01-01,195,Cholera,161.4207172350608,15.153263460126844
Chikwawa,2024-01-08,97,Cholera,167.84277677378094,34.03459424443311
Chikwawa,2024-01-15,379,Cholera,113.71347271950124,25.03664284270312
Chikwawa,2024-01-22,329,Cholera,46.14358169810934,15.503664718897298
Chikwawa,2024-01-29,174,Cholera,83.82221203516163,19.97702992132964
Chikwawa,2024-02-05,355,Cholera,93.59632409097199,26.526289985643032
Chikwawa,2024-02-12,143,Cholera,141.58749302163073,16.524306397059508
Chikwawa,2024-02-19,319,Cholera,114.76887019185989,16.797885366093574
Chikwawa,2024-02-26,376,Cholera,183.414843887993,25.070092393165925
Chikwawa,2024-03-04,317,Cholera,232.963360944977,19.725853852373405
Chikwawa,2024-03-11,236,Cholera,74.24881435374972,22.130294468432403
Chikwawa,2024-03-18,297,Cholera,193.07386723805894,19.256672135380896
Chikwawa,2024-03-25,673,Cholera,193.9918784571815,20.498230050776026
Chikwawa,2024-04-01,368,Cholera,169.33990441379487,24.360731812491395
Chikwawa,2024-04-08,389,Cholera,47.43695847008594,23.263252471228896
Chikwawa,2024-04-15,334,Cholera,238.64141321109813,31.68859610546185
Chikwawa,2024-04-22,407,Cholera,107.34119726481492,16.714938163899774
Chikwawa,2024-04-29,176,Cholera,142.41887064986727,33.817001017939035
Chikwawa,2024-05-06,658,Cholera,119.54603614448314,24.3670340040744
Chikwawa,2024-05-13,345,Cholera,91.68999253580185,20.563098825533686
Chikwawa,2024-05-20,84,Cholera,94.40650919482732,28.989696488811976
Chikwawa,2024-05-27,86,Cholera,123.42026266867565,18.486529560301893
Chikwawa,2024-06-03,392,Cholera,87.23318726382561,28.747075483358767
Chikwawa,2024-06-10,310,Cholera,155.93426923898363,21.658755953503682
Chikwawa,2024-06-17,241,Cholera,67.79496034004102,16.650718473185048
Chikwawa,2024-06-24,481,Cholera,50.093786174598975,20.203353408581954
Chikwawa,2024-07-01,176,Cholera,41.02437756514921,21.99048031918808
Chikwawa,2024-07-08,131,Cholera,151.08404667113544,24.520523421189253
Chikwawa,2024-07-15,234,Cholera,156.44082505713047,22.048157715424733
Chikwawa,2024-07-22,89,Cholera,186.1591031835346,25.661830387403022
Chikwawa,2024-07-29,286,Cholera,192.05268375312968,30.985967744690583
Chikwawa,2024-08-05,573,Cholera,216.73477821953455,30.823771277482372
Chikwawa,2024-08-12,448,Cholera,132.33132633563315,19.07041222877035
Chikwawa,2024-08-19,203,Cholera,135.64892001101566,18.829836483927245
Chikwawa,2024-08-26,131,Cholera,38.23642974119676,30.073887941061344
Chikwawa,2024-09-02,256,Cholera,9.758595884950621,16.350231971906762
Chikwawa,2024-09-09,204,Cholera,220.27879383561503,15.908420723329682
Chikwawa,2024-09-16,345,Cholera,10.954077425997106,16.684001965488036
Chikwawa,2024-09-23,144,Cholera,150.44759449749438,16.92018079172762
Chikwawa,2024-09-30,232,Cholera,72.35043143399223,15.467098161571402
Chikwawa,2024-10-07,567,Cholera,71.48014289541804,19.53534636024765
Chikwawa,2024-10-14,377,Cholera,159.70036419036475,26.828872797198496
Chikwawa,2024-10-21,95,Cholera,72.74758215580549,31.60768573935615
Chikwawa,2024-10-28,526,Cholera,144.85920748096348,28.400023571099755
Chikwawa,2024-11-04,520,Cholera,41.80348767131717,33.748560488764355
Chikwawa,2024-11-11,498,Cholera,119.5439288760623,17.287070607613206
Chikwawa,2024-11-18,623,Cholera,110.26174650400733,24.52392806139416
Chikwawa,2024-11-25,320,Cholera,107.34958541446602,15.76241583969139
Chikwawa,2024-12-02,591,Cholera,210.1258800350892,17.05450264580853
Chikwawa,2024-12-09,103,Cholera,192.8537576809514,26.0369804425111
Chikwawa,2024-12-16,595,Cholera,173.93222660650446,26.027686434979397
Chikwawa,2024-12-23,129,Cholera,240.4176226793056,26.861022491785054
Chikwawa,2024-12-30,209,Cholera,196.37195206889893,17.943118194130626
Chikwawa,2025-01-06,204,Cholera,142.58972763251987,22.15284011492593
Chikwawa,2025-01-13,414,Cholera,161.0933550311006,26.189143497913
Chikwawa,2025-01-20,487,Cholera,238.47745579147656,20.27845668580766
Chikwawa,2025-01-27,544,Cholera,57.96706328010326,33.73612138297326
Chikwawa,2025-02-03,70,Cholera,98.71594946219889,28.111287297787747
Chikwawa,2025-02-10,134,Cholera,218.12966296525224,25.297760661562663
Chikwawa,2025-02-17,377,Cholera,27.27205681680045,26.386816528087774
Chikwawa,2025-02-24,514,Cholera,220.0861862504883,32.36268753663468
Chikwawa,2025-03-03,269,Cholera,33.30907826904617,29.145999255685442
Chikwawa,2025-03-10,527,Cholera,33.2490831044695,33.41019559370052
Chikwawa,2025-03-17,360,Cholera,78.77038713850979,29.46128662467165
Chikwawa,2025-03-24,408,Cholera,238.73791993844281,27.47360041670024
Chikwawa,2025-03-31,149,Cholera,160.52273953857593,27.313145690691442
Chikwawa,2025-04-07,173,Cholera,104.0319919187084,22.214438304154733
Chikwawa,2025-04-14,431,Cholera,79.38933389053554,34.34442780393086
Chikwawa,2025-04-21,129,Cholera,236.12855345947708,18.965507544968666
Chikwawa,2025-04-28,518,Cholera,65.8865882583242,17.13860622261283
Chikwawa,2025-05-05,514,Cholera,215.79253670595335,16.30940718758118
Chikwawa,2025-05-12,427,Cholera,204.6749220251198,18.393447928405497
Chikwawa,2025-05-19,131,Cholera,153.83380182030822,34.01202067595783
Chikwawa,2025-05-26,164,Cholera,178.9779177505815,30.691719296812423
Chikwawa,2025-06-02,554,Cholera,29.245690373987664,24.107106185199356
Chikwawa,2025-06-09,152,Cholera,209.86049512159107,17.036157350651703
Chikwawa,2025-06-16,387,Cholera,62.692030084706005,22.503261549784682
Chikwawa,2025-06-23,496,Cholera,169.6646579452029,25.488900839991757
Chikwawa,2025-06-30,309,Cholera,42.61381381655155,33.06029653139697
Chikwawa,2025-07-07,54,Cholera,133.0221122526544,16.55774955027264
Chikwawa,2025-07-14,581,Cholera,55.944821757774406,28.33875037704291
Chikwawa,2025-07-21,677,Cholera,84.77886839757312,20.240686713913803
Chikwawa,2025-07-28,305,Cholera,137.0695078104934,30.975647437123918
Chikwawa,2025-08-04,544,Cholera,6.67712083702493,24.799408464994873
Chikwawa,2025-08-11,536,Cholera,51.873285788338386,23.132370113509353
Chikwawa,2025-08-18,404,Cholera,124.75715938037408,29.496101748176265
Chikwawa,2025-08-25,360,Cholera,217.94403769924125,18.427856126975605
Chikwawa,2025-09-01,103,Cholera,236.22801455561515,22.71869957755515
Chikwawa,2025-09-08,538,Cholera,146.21749592662303,31.347817503535467
Chikwawa,2025-09-15,699,Cholera,82.53985271422826,30.983209614021312
Chikwawa,2025-09-22,97,Cholera,46.45023140611185,21.371214087724844
Chikwawa,2025-09-29,634,Cholera,50.4880331565129,34.6986189465449
Chikwawa,2025-10-06,651,Cholera,212.42950927523822,15.239987348282682
Chikwawa,2025-10-13,421,Cholera,32.65753827875073,26.20662133896845
Chikwawa,2024-01-01,130,Monkeypox,34.40364089006487,19.945988180461597
Chikwawa,2024-01-08,181,Monkeypox,200.97203419876823,26.995052010494213
Chikwawa,2024-01-15,185,Monkeypox,84.04159925783102,30.310518738592165
Chikwawa,2024-01-22,130,Monkeypox,93.25299330576284,24.432603026340946
Chikwawa,2024-01-29,107,Monkeypox,109.38546336683389,25.220737417132682
Chikwawa,2024-02-05,73,Monkeypox,187.2684614710997,25.770914517533797
Chikwawa,2024-02-12,78,Monkeypox,236.85790956169353,18.699014922281165
Chikwawa,2024-02-19,66,Monkeypox,44.7555723953558,24.71548410762789
Chikwawa,2024-02-26,60,Monkeypox,79.30757441698499,21.955195671840922
Chikwawa,2024-03-04,124,Monkeypox,211.36696627665856,16.900071429507385
Chikwawa,2024-03-11,46,Monkeypox,88.61057480032808,20.61590513337883
Chikwawa,2024-03-18,30,Monkeypox,61.19201888281756,32.23894282906516
Chikwawa,2024-03-25,151,Monkeypox,155.32538753964224,21.55758815306415
Chikwawa,2024-04-01,116,Monkeypox,222.7027731512591,19.73903837026076
Chikwawa,2024-04-08,197,Monkeypox,236.72470659631526,29.636060672252338
Chikwawa,2024-04-15,81,Monkeypox,66.9875842927025,15.396703849787887
Chikwawa,2024-04-22,10,Monkeypox,25.651773611590322,29.140697639067206
Chikwawa,2024-04-29,177,Monkeypox,38.398841723676746,19.44230903115248
Chikwawa,2024-05-06,107,Monkeypox,60.84999461636878,17.601432135066467
Chikwawa,2024-05-13,168,Monkeypox,73.87359627891286,22.492288657380847
Chikwawa,2024-05-20,167,Monkeypox,111.87013294022135,15.002752104933165
Chikwawa,2024-05-27,61,Monkeypox,138.22411968896432,18.152797119416515
Chikwawa,2024-06-03,140,Monkeypox,171.66938815493683,29.694934513812502
Chikwawa,2024-06-10,76,Monkeypox,64.47562211879278,16.59519450706918
Chikwawa,2024-06-17,64,Monkeypox,7.234072218483462,19.83459916799515
Chikwawa,2024-06-24,47,Monkeypox,186.61557495503712,26.210235134229514
Chikwawa,2024-07-01,62,Monkeypox,64.012282212742,26.733010444133928
Chikwawa,2024-07-08,158,Monkeypox,114.00942485991833,17.981446437173524
Chikwawa,2024-07-15,182,Monkeypox,58.61713369287863,15.08741232521773
Chikwawa,2024-07-22,137,Monkeypox,229.19280161694468,28.046969751021447
Chikwawa,2024-07-29,45,Monkeypox,189.6617318685093,25.094435425652563
Chikwawa,2024-08-05,128,Monkeypox,137.4556893010687,25.41620204747018
Chikwawa,2024-08-12,163,Monkeypox,196.5220996683206,20.637224777647234
Chikwawa,2024-08-19,24,Monkeypox,64.70424117450241,25.295020404097492
Chikwawa,2024-08-26,72,Monkeypox,144.9465079338309,28.770770831797016
Chikwawa,2024-09-02,113,Monkeypox,126.02092634766419,20.531661718557196
Chikwawa,2024-09-09,77,Monkeypox,155.62054781420505,18.782927728329753
Chikwawa,2024-09-16,35,Monkeypox,17.678099313158306,23.83668885087638
Chikwawa,2024-09-23,45,Monkeypox,20.619411030635803,18.54484358004471
Chikwawa,2024-09-30,34,Monkeypox,18.015013724119733,26.765539905053934
Chikwawa,2024-10-07,165,Monkeypox,48.51166760249204,19.251572549434737
Chikwawa,2024-10-14,69,Monkeypox,190.93651604284327,30.97568770813721
Chikwawa,2024-10-21,103,Monkeypox,55.22028974023477,25.535698889207527
Chikwawa,2024-10-28,71,Monkeypox,149.51007617741845,32.03432134152324
Chikwawa,2024-11-04,96,Monkeypox,148.54441486555874,26.347839347014315
Chikwawa,2024-11-11,56,Monkeypox,184.10659350642496,19.011750072016014
Chikwawa,2024-11-18,11,Monkeypox,77.50112994782518,29.414369998647537
Chikwawa,2024-11-25,46,Monkeypox,166.0167051696071,30.861846807513636
Chikwawa,2024-12-02,67,Monkeypox,196.7249551469045,26.84493758498568
Chikwawa,2024-12-09,129,Monkeypox,85.38830603190345,26.78265236510171
Chikwawa,2024-12-16,146,Monkeypox,69.66000117431703,31.58153574863609
Chikwawa,2024-12-23,32,Monkeypox,187.1240814560388,28.121819345532238
Chikwawa,2024-12-30,112,Monkeypox,80.87506870989917,29.223359639635426
Chikwawa,2025-01-06,126,Monkeypox,182.01284582964468,27.185320056984686
Chikwawa,2025-01-13,164,Monkeypox,194.08005505439058,31.42052125177547
Chikwawa,2025-01-20,55,Monkeypox,74.01070586733621,27.85313268128675
Chikwawa,2025-01-27,144,Monkeypox,143.90099617713705,19.176795356276177
Chikwawa,2025-02-03,184,Monkeypox,44.63959969066136,33.83445192173336
Chikwawa,2025-02-10,185,Monkeypox,22.712073032566504,26.633321616966413
Chikwawa,2025-02-17,172,Monkeypox,240.55422150539397,23.898758847346024
Chikwawa,2025-02-24,62,Monkeypox,239.46097591436603,20.766324506697423
Chikwawa,2025-03-03,23,Monkeypox,122.24184007570562,23.6167584465773
Chikwawa,2025-03-10,142,Monkeypox,78.7790539564576,31.196650340279586
Chikwawa,2025-03-17,193,Monkeypox,128.22693082073346,16.606802120168776
Chikwawa,2025-03-24,197,Monkeypox,3.5189215016065702,34.27266633880324
Chikwawa,2025-03-31,86,Monkeypox,1.819277211464937,34.83204392696561
Chikwawa,2025-04-07,110,Monkeypox,40.26986152176651,29.471622386167937
Chikwawa,2025-04-14,137,Monkeypox,54.3224926018066,25.249883017440528
Chikwawa,2025-04-21,152,Monkeypox,224.5725906260619,16.033747917721023
Chikwawa,2025-04-28,99,Monkeypox,82.10475985084634,27.248526515388505
Chikwawa,2025-05-05,88,Monkeypox,169.8894672033362,15.205291072621517
Chikwawa,2025-05-12,90,Monkeypox,191.11252244903412,19.417602805098078
Chikwawa,2025-05-19,135,Monkeypox,219.72143492449115,18.36877431150892
Chikwawa,2025-05-26,132,Monkeypox,240.76941921488785,32.868580216278666
Chikwawa,2025-06-02,99,Monkeypox,135.8084352205335,25.45180928455207
Chikwawa,2025-06-09,101,Monkeypox,176.60837339611277,27.617222493203855
Chikwawa,2025-06-16,160,Monkeypox,191.85285931666897,30.821915175592494
Chikwawa,2025-06-23,182,Monkeypox,26.63516618587461,18.105968128754807
Chikwawa,2025-06-30,68,Monkeypox,196.11865459114867,30.616763287824824
Chikwawa,2025-07-07,101,Monkeypox,229.55532785863733,22.254957610977186
Chikwawa,2025-07-14,154,Monkeypox,239.73423983811136,34.01758861217734
Chikwawa,2025-07-21,153,Monkeypox,162.3238276138589,25.163467730601667
Chikwawa,2025-07-28,36,Monkeypox,69.70789266609603,24.09091857388968
Chikwawa,2025-08-04,90,Monkeypox,74.09548941749603,27.573282304510972
Chikwawa,2025-08-11,186,Monkeypox,178.9628603606928,19.556827416258606
Chikwawa,2025-08-18,100,Monkeypox,162.77619408214775,19.53040145866006
Chikwawa,2025-08-25,74,Monkeypox,111.33078375355734,27.58873223020278
Chikwawa,2025-09-01,38,Monkeypox,188.42862512631058,31.893552897536782
Chikwawa,2025-09-08,85,Monkeypox,118.52559789026665,30.21327482096857
Chikwawa,2025-09-15,104,Monkeypox,162.61968224187447,28.18121451253628
Chikwawa,2025-09-22,23,Monkeypox,164.7732866352751,24.410071610163705
Chikwawa,2025-09-29,27,Monkeypox,14.447670704407361,27.65729751613366
Chikwawa,2025-10-06,77,Monkeypox,71.84809428035041,31.120062659795504
Chikwawa,2025-10-13,152,Monkeypox,191.10277027354113,15.428901262741563
Chiradzulu,2024-01-01,136,Malaria,104.49058026437169,33.41915143830188
Chiradzulu,2024-01-08,619,Malaria,200.0734783205023,30.411916017303284
Chiradzulu,2024-01-15,816,Malaria,122.98126698784733,28.97773766919313
Chiradzulu,2024-01-22,1024,Malaria,148.62002617649082,32.70405328316943
Chiradzulu,2024-01-29,148,Malaria,38.08986247735868,31.549612594792794
Chiradzulu,2024-02-05,1189,Malaria,168.48600302012667,19.24172880742006
Chiradzulu,2024-02-12,107,Malaria,50.003759284519276,26.861058079265906
Chiradzulu,2024-02-19,360,Malaria,80.6912981136646,25.310789478458258
Chiradzulu,2024-02-26,392,Malaria,34.59406162231007,21.129278589087022
Chiradzulu,2024-03-04,729,Malaria,42.12110502927968,21.44171167148792
Chiradzulu,2024-03-11,1239,Malaria,40.15152149381038,24.59703324329064
Chiradzulu,2024-03-18,918,Malaria,58.00191776798969,32.27836228612867
Chiradzulu,2024-03-25,1326,Malaria,24.006561784557235,19.697019385352988
Chiradzulu,2024-04-01,682,Malaria,245.2269729249755,21.407941418181714
Chiradzulu,2024-04-08,913,Malaria,116.60060074609305,23.095937398917798
Chiradzulu,2024-04-15,554,Malaria,14.73592252780892,31.72283240890309
Chiradzulu,2024-04-22,1009,Malaria,145.87897153601466,34.473772863607834
Chiradzulu,2024-04-29,339,Malaria,224.46793140198633,28.207361648153455
Chiradzulu,2024-05-06,745,Malaria,188.8581904920356,28.334319135947943
Chiradzulu,2024-05-13,981,Malaria,182.84816819675117,27.13663075643033
Chiradzulu,2024-05-20,378,Malaria,208.34207192739004,17.80679027116183
Chiradzulu,2024-05-27,450,Malaria,44.056603368771015,20.436982169008047
Chiradzulu,2024-06-03,197,Malaria,74.19608221997306,29.37894720484789
Chiradzulu,2024-06-10,1427,Malaria,115.57393996701568,19.628363714713856
Chiradzulu,2024-06-17,339,Malaria,63.927348032071976,32.00433123967095
Chiradzulu,2024-06-24,1452,Malaria,75.60673115230873,24.397369456612303
Chiradzulu,2024-07-01,1183,Malaria,209.12461024025097,18.048515302495098
Chiradzulu,2024-07-08,468,Malaria,188.1908821006267,24.299724943973814
Chiradzulu,2024-07-15,745,Malaria,79.67366812672077,24.445914096738107
Chiradzulu,2024-07-22,163,Malaria,70.5722263106211,33.167432247394586
Chiradzulu,2024-07-29,445,Malaria,90.55711508787518,29.842863588827356
Chiradzulu,2024-08-05,228,Malaria,68.17413695954208,22.636665590982904
Chiradzulu,2024-08-12,468,Malaria,136.28886335679897,22.86090382561963
Chiradzulu,2024-08-19,147,Malaria,76.96340040287447,15.942433824741094
Chiradzulu,2024-08-26,612,Malaria,241.90973795264853,29.458800115602905
Chiradzulu,2024-09-02,445,Malaria,57.11432447001377,34.93173835768688
Chiradzulu,2024-09-09,1364,Malaria,243.53731534035663,34.45716118068225
Chiradzulu,2024-09-16,1475,Malaria,6.096429986423929,17.947135859764977
Chiradzulu,2024-09-23,794,Malaria,160.43132081490194,30.784182388825325
Chiradzulu,2024-09-30,1153,Malaria,65.66486529122609,21.76822240231686
Chiradzulu,2024-10-07,579,Malaria,110.04235887921693,32.409489140220145
Chiradzulu,2024-10-14,831,Malaria,61.307225053274045,18.086432674668934
Chiradzulu,2024-10-21,929,Malaria,62.780206687572225,30.968875710642465
Chiradzulu,2024-10-28,993,Malaria,64.24382686403408,34.165452647967285
Chiradzulu,2024-11-04,227,Malaria,202.2908091361278,32.06723390526085
Chiradzulu,2024-11-11,157,Malaria,53.43374089717626,27.75503749636902
Chiradzulu,2024-11-18,548,Malaria,219.5217154498012,15.77036011997189
Chiradzulu,2024-11-25,132,Malaria,148.8265241928602,24.38752032332649
Chiradzulu,2024-12-02,990,Malaria,69.56728139835802,25.012709858530933
Chiradzulu,2024-12-09,1464,Malaria,219.81806270156585,29.95879852877671
Chiradzulu,2024-12-16,751,Malaria,157.91891648117928,25.306268718360325
Chiradzulu,2024-12-23,897,Malaria,18.173754565875083,32.23129939256704
Chiradzulu,2024-12-30,1060,Malaria,224.68022493321942,16.762854903984223
Chiradzulu,2025-01-06,430,Malaria,197.54883672885035,34.32041873046366
Chiradzulu,2025-01-13,742,Malaria,58.30997456291484,16.346129326480963
Chiradzulu,2025-01-20,1402,Malaria,94.62592289805433,24.43273754728213
Chiradzulu,2025-01-27,868,Malaria,207.4374534893176,27.39132520630617
Chiradzulu,2025-02-03,807,Malaria,169.94212914543243,17.54453306101599
Chiradzulu,2025-02-10,279,Malaria,38.76665758088893,28.916891214324906
Chiradzulu,2025-02-17,1359,Malaria,151.80867111240315,22.513924512773123
Chiradzulu,2025-02-24,1166,Malaria,176.8522093084589,30.10553564178553
Chiradzulu,2025-03-03,1129,Malaria,77.33923009775573,27.25746368050416
Chiradzulu,2025-03-10,1398,Malaria,135.61244463080715,17.393988869098063
Chiradzulu,2025-03-17,996,Malaria,87.69665397837295,34.58751545410925
Chiradzulu,2025-03-24,1298,Malaria,231.87900349238762,33.08900680876282
Chiradzulu,2025-03-31,324,Malaria,128.20089819683773,20.61756363124756
Chiradzulu,2025-04-07,1322,Malaria,5.043978817525496,32.17313309943185
Chiradzulu,2025-04-14,1052,Malaria,60.43790483914613,23.23986014570167
Chiradzulu,2025-04-21,563,Malaria,142.9019517269248,32.52541331624085
Chiradzulu,2025-04-28,539,Malaria,230.41123931065908,25.749813531400985
Chiradzulu,2025-05-05,438,Malaria,224.93334841398962,19.641247370385045
Chiradzulu,2025-05-12,520,Malaria,143.93122254655026,20.43107654175271
Chiradzulu,2025-05-19,1010,Malaria,82.82710253113746,17.744571666236144
Chiradzulu,2025-05-26,976,Malaria,166.73967022324916,33.649676633212664
Chiradzulu,2025-06-02,501,Malaria,16.07052344231652,23.12977403492654
Chiradzulu,2025-06-09,1468,Malaria,161.46343552351468,15.441280066763065
Chiradzulu,2025-06-16,1153,Malaria,144.91166664516746,16.483318374828496
Chiradzulu,2025-06-23,196,Malaria,214.39084007409525,15.592437352613576
Chiradzulu,2025-06-30,1014,Malaria,200.61052283127492,16.71186082989804
Chiradzulu,2025-07-07,944,Malaria,229.45374900442332,28.19880098031725
Chiradzulu,2025-07-14,668,Malaria,48.7330910056391,26.46116194357978
Chiradzulu,2025-07-21,1359,Malaria,67.97122391645894,32.9235757915518
Chiradzulu,2025-07-28,621,Malaria,184.6647424029153,20.10469273802861
Chiradzulu,2025-08-04,1124,Malaria,160.66441174141406,23.337596573489492
Chiradzulu,2025-08-11,408,Malaria,219.94454588481392,15.29728424176448
Chiradzulu,2025-08-18,857,Malaria,152.46024899388777,33.53193743538277
Chiradzulu,2025-08-25,397,Malaria,1.6297453112584792,16.622921896726968
Chiradzulu,2025-09-01,1219,Malaria,63.97172023817113,15.853552020215835
Chiradzulu,2025-09-08,1293,Malaria,40.356302792762946,24.0651007858446
Chiradzulu,2025-09-15,503,Malaria,192.74521556301062,31.417644188369614
Chiradzulu,2025-09-22,747,Malaria,225.0823534294108,20.136824586298694
Chiradzulu,2025-09-29,760,Malaria,97.80152516987545,24.275696362620735
Chiradzulu,2025-10-06,820,Malaria,50.032842771683626,30.004462011728283
Chiradzulu,2025-10-13,139,Malaria,171.36365022663577,28.22694795170539
Chiradzulu,2024-01-01,585,Cholera,139.91299917166157,25.4817562945249
Chiradzulu,2024-01-08,644,Cholera,131.47926547566075,16.58039135931085
Chiradzulu,2024-01-15,532,Cholera,140.8261955249594,33.84630426647729
Chiradzulu,2024-01-22,475,Cholera,162.37178711336486,34.679052244983474
Chiradzulu,2024-01-29,670,Cholera,249.90189696325777,18.83166171465636
Chiradzulu,2024-02-05,330,Cholera,126.09851081911982,34.329945600632044
Chiradzulu,2024-02-12,529,Cholera,181.55967582565847,23.3435931612558
Chiradzulu,2024-02-19,317,Cholera,121.7098694747251,31.506829438226756
Chiradzulu,2024-02-26,674,Cholera,230.74946787512056,32.3716860471268
Chiradzulu,2024-03-04,96,Cholera,148.77889894166674,15.40047748759073
Chiradzulu,2024-03-11,384,Cholera,237.89522778346026,20.190375357982067
Chiradzulu,2024-03-18,566,Cholera,36.99335661708816,22.815699848361536
Chiradzulu,2024-03-25,683,Cholera,47.017836324777434,22.837777358140336
Chiradzulu,2024-04-01,320,Cholera,120.11931094397657,16.496335512170283
Chiradzulu,2024-04-08,630,Cholera,63.57300850219335,24.53475546817162
Chiradzulu,2024-04-15,504,Cholera,126.78989700954877,22.110561843228275
Chiradzulu,2024-04-22,452,Cholera,85.08833597297186,33.35397689077676
Chiradzulu,2024-04-29,78,Cholera,91.15920777014186,31.883322585528127
Chiradzulu,2024-05-06,263,Cholera,49.23724064844184,31.745105799194484
Chiradzulu,2024-05-13,75,Cholera,5.175110070579386,26.12762348632011
Chiradzulu,2024-05-20,389,Cholera,122.68593306670591,23.067075926529515
Chiradzulu,2024-05-27,515,Cholera,45.653310300833056,19.209736939919452
Chiradzulu,2024-06-03,577,Cholera,33.35026493806318,18.418430287584503
Chiradzulu,2024-06-10,479,Cholera,62.92983393545096,22.04768175954786
Chiradzulu,2024-06-17,568,Cholera,120.80564452051273,16.875485823759355
Chiradzulu,2024-06-24,97,Cholera,141.87971497659137,25.0223894401905
Chiradzulu,2024-07-01,620,Cholera,206.13449189641676,23.022488970172965
Chiradzulu,2024-07-08,683,Cholera,102.43296441443437,27.73884712761157
Chiradzulu,2024-07-15,265,Cholera,242.23598058139288,24.33398056480726
Chiradzulu,2024-07-22,320,Cholera,114.11833587699827,27.432202607298954
Chiradzulu,2024-07-29,683,Cholera,220.73184737731617,27.117262218395563
Chiradzulu,2024-08-05,151,Cholera,9.900347184878338,30.802048207124717
Chiradzulu,2024-08-12,158,Cholera,141.0671383207292,33.56873432859041
Chiradzulu,2024-08-19,618,Cholera,65.09571952676276,28.973066110003295
Chiradzulu,2024-08-26,569,Cholera,81.30537559790851,27.199955902384723
Chiradzulu,2024-09-02,118,Cholera,187.84815394413684,27.330089060712226
Chiradzulu,2024-09-09,172,Cholera,179.32672684858525,23.274462104433447
Chiradzulu,2024-09-16,540,Cholera,104.88940493634777,15.151096969910803
Chiradzulu,2024-09-23,554,Cholera,175.59983048934293,18.559428825556164
Chiradzulu,2024-09-30,658,Cholera,119.50225769892478,30.333595602843104
Chiradzulu,2024-10-07,630,Cholera,76.17742584165393,20.8937730573488
Chiradzulu,2024-10-14,222,Cholera,91.54194469611716,30.514587316795662
Chiradzulu,2024-10-21,150,Cholera,89.51100936014564,17.75782427419409
Chiradzulu,2024-10-28,535,Cholera,51.18903098196046,23.724676683943876
Chiradzulu,2024-11-04,599,Cholera,135.97127409762493,26.42388385793499
Chiradzulu,2024-11-11,463,Cholera,33.10617526910983,18.642232578369672
Chiradzulu,2024-11-18,155,Cholera,2.216004441810082,24.964425987976252
Chiradzulu,2024-11-25,660,Cholera,166.13883971029406,20.766375196050586
Chiradzulu,2024-12-02,395,Cholera,136.46512070403398,22.35856852559668
Chiradzulu,2024-12-09,569,Cholera,65.39639875663664,33.24150984021546
Chiradzulu,2024-12-16,475,Cholera,210.56091961133646,31.08801871655915
Chiradzulu,2024-12-23,657,Cholera,176.2673420572048,17.767448975667506
Chiradzulu,2024-12-30,426,Cholera,159.03556583078924,30.49361588253408
Chiradzulu,2025-01-06,294,Cholera,175.64999362509272,29.357735777909504
Chiradzulu,2025-01-13,649,Cholera,195.75090927463359,31.526115004454603
Chiradzulu,2025-01-20,664,Cholera,186.36408713666154,23.34232314965134
Chiradzulu,2025-01-27,75,Cholera,25.988316102947245,23.61050384609001
Chiradzulu,2025-02-03,365,Cholera,37.03005291403222,17.604403472849857
Chiradzulu,2025-02-10,636,Cholera,88.37985141796356,19.55030780530737
Chiradzulu,2025-02-17,546,Cholera,58.15269709470916,34.45824044466919
Chiradzulu,2025-02-24,78,Cholera,238.01570413206713,17.142606934553655
Chiradzulu,2025-03-03,440,Cholera,219.82363894066535,31.975415671499533
Chiradzulu,2025-03-10,668,Cholera,165.01703229204463,31.406416622986143
Chiradzulu,2025-03-17,454,Cholera,161.82700952285072,33.341373954391166
Chiradzulu,2025-03-24,308,Cholera,170.31119294353954,16.427546169258274
Chiradzulu,2025-03-31,330,Cholera,157.4845613246407,26.393716610467948
Chiradzulu,2025-04-07,226,Cholera,55.52018758694924,34.886871553524095
Chiradzulu,2025-04-14,482,Cholera,147.9726344175662,22.12644112807551
Chiradzulu,2025-04-21,262,Cholera,64.80412479487401,21.822997683061935
Chiradzulu,2025-04-28,276,Cholera,197.37962186399187,27.322539014896133
Chiradzulu,2025-05-05,427,Cholera,81.3851730483666,29.450361512693355
Chiradzulu,2025-05-12,136,Cholera,196.21902262926304,32.91364675674237
Chiradzulu,2025-05-19,667,Cholera,226.62221901031634,15.527070712564825
Chiradzulu,2025-05-26,633,Cholera,238.18415685757338,24.634517709004093
Chiradzulu,2025-06-02,214,Cholera,164.11424367622757,19.80024452878567
Chiradzulu,2025-06-09,345,Cholera,175.47814417753943,27.837708962541043
Chiradzulu,2025-06-16,179,Cholera,245.00599119430308,27.66781658745902
Chiradzulu,2025-06-23,618,Cholera,156.93097396546523,29.48754493274913
Chiradzulu,2025-06-30,181,Cholera,100.7546391910907,33.46341407045064
Chiradzulu,2025-07-07,378,Cholera,123.31113853352521,17.079899170257708
Chiradzulu,2025-07-14,292,Cholera,180.84871045461682,24.66603616618227
Chiradzulu,2025-07-21,526,Cholera,4.203030037320643,21.28080511298337
Chiradzulu,2025-07-28,322,Cholera,136.76901469160717,15.223125115109124
Chiradzulu,2025-08-04,346,Cholera,146.2288824037839,26.70561960329126
Chiradzulu,2025-08-11,672,Cholera,206.9744588850306,33.921786608815495
Chiradzulu,2025-08-18,672,Cholera,128.10671310458883,19.28703631925292
Chiradzulu,2025-08-25,673,Cholera,135.4338452431897,29.721844348791482
Chiradzulu,2025-09-01,293,Cholera,65.09625008487832,34.583231746672595
Chiradzulu,2025-09-08,514,Cholera,70.63014272212104,19.357536024321984
Chiradzulu,2025-09-15,456,Cholera,246.54690302611198,28.94791417622914
Chiradzulu,2025-09-22,174,Cholera,115.82944572966228,20.869794589246826
Chiradzulu,2025-09-29,560,Cholera,121.28756828690551,34.26103300504562
Chiradzulu,2025-10-06,409,Cholera,72.55879007121308,19.056910372435013
Chiradzulu,2025-10-13,93,Cholera,7.159197932126327,17.715467860190802
Chiradzulu,2024-01-01,110,Monkeypox,193.086683825857,34.315007054284216
Chiradzulu,2024-01-08,194,Monkeypox,132.41862994129352,25.44198607691495
Chiradzulu,2024-01-15,146,Monkeypox,138.1111061761888,30.341558515194222
Chiradzulu,2024-01-22,11,Monkeypox,37.67822383854632,30.862572022301237
Chiradzulu,2024-01-29,131,Monkeypox,92.23531723370729,34.73497549049916
Chiradzulu,2024-02-05,83,Monkeypox,174.90313220887023,15.697592816119418
Chiradzulu,2024-02-12,77,Monkeypox,85.42876969410071,29.712111305740635
Chiradzulu,2024-02-19,74,Monkeypox,226.0019580294242,32.99565799227036
Chiradzulu,2024-02-26,27,Monkeypox,78.91709939166067,26.03974129184339
Chiradzulu,2024-03-04,50,Monkeypox,3.4577498771719286,31.170618383907705
Chiradzulu,2024-03-11,180,Monkeypox,180.33426674282663,22.98965944406939
Chiradzulu,2024-03-18,108,Monkeypox,90.46993048361851,32.25009039455325
Chiradzulu,2024-03-25,100,Monkeypox,223.70075043663593,18.775004612943583
Chiradzulu,2024-04-01,91,Monkeypox,32.52641518166954,20.970441027755328
Chiradzulu,2024-04-08,70,Monkeypox,97.62848376426555,32.435985268595296
Chiradzulu,2024-04-15,187,Monkeypox,237.44623616188542,26.219474201900837
Chiradzulu,2024-04-22,137,Monkeypox,13.059775592849126,16.923697245922725
Chiradzulu,2024-04-29,62,Monkeypox,215.34791042942174,27.006652310404625
Chiradzulu,2024-05-06,158,Monkeypox,224.22877763735514,26.025987097526425
Chiradzulu,2024-05-13,77,Monkeypox,145.1678004145934,17.433525126382005
Chiradzulu,2024-05-20,150,Monkeypox,27.88579634972768,18.255256074868168
Chiradzulu,2024-05-27,165,Monkeypox,133.39419975320897,33.1810595823104
Chiradzulu,2024-06-03,55,Monkeypox,86.10478517399677,28.448414314655807
Chiradzulu,2024-06-10,15,Monkeypox,213.86295533863475,18.62054750502527
Chiradzulu,2024-06-17,156,Monkeypox,73.85031725056906,26.98830834985596
Chiradzulu,2024-06-24,57,Monkeypox,242.93909218366392,34.8249784713047
Chiradzulu,2024-07-01,72,Monkeypox,54.141521714158344,25.1519779183456
Chiradzulu,2024-07-08,21,Monkeypox,80.67228505279813,18.728542292047795
Chiradzulu,2024-07-15,45,Monkeypox,63.763397387731565,24.662130808087525
Chiradzulu,2024-07-22,100,Monkeypox,30.654427963344723,21.04495863257766
Chiradzulu,2024-07-29,71,Monkeypox,207.20757267541393,28.543100649856335
Chiradzulu,2024-08-05,63,Monkeypox,245.88726789011912,26.89092670327532
Chiradzulu,2024-08-12,149,Monkeypox,177.89815849544095,16.273231915940606
Chiradzulu,2024-08-19,142,Monkeypox,69.1952395793742,24.379753024368377
Chiradzulu,2024-08-26,76,Monkeypox,120.99044556436162,27.912732507818944
Chiradzulu,2024-09-02,147,Monkeypox,5.244036322724577,30.03271567254042
Chiradzulu,2024-09-09,77,Monkeypox,66.07853324108225,31.84660892663118
Chiradzulu,2024-09-16,20,Monkeypox,95.0234081545629,33.44190376301311
Chiradzulu,2024-09-23,20,Monkeypox,143.26059783724327,18.65821693137808
Chiradzulu,2024-09-30,126,Monkeypox,201.07246878321104,27.390263894297448
Chiradzulu,2024-10-07,191,Monkeypox,194.951510393214,26.5931191095539
Chiradzulu,2024-10-14,88,Monkeypox,17.443859799437078,16.773388743207505
Chiradzulu,2024-10-21,147,Monkeypox,103.41734280889467,22.75318891013464
Chiradzulu,2024-10-28,134,Monkeypox,237.4810857348168,19.079168644008828
Chiradzulu,2024-11-04,53,Monkeypox,174.43196319518788,20.64296974578884
Chiradzulu,2024-11-11,58,Monkeypox,137.80625573436913,30.599221696861555
Chiradzulu,2024-11-18,94,Monkeypox,27.74552146166706,23.70123356301915
Chiradzulu,2024-11-25,14,Monkeypox,66.52491680211774,16.179167738831286
Chiradzulu,2024-12-02,94,Monkeypox,162.13571782563557,19.841741892144782
Chiradzulu,2024-12-09,46,Monkeypox,27.732240905054383,27.198952564702328
Chiradzulu,2024-12-16,155,Monkeypox,49.19859189191583,26.96366564720953
Chiradzulu,2024-12-23,17,Monkeypox,231.66877836533615,34.82956439245953
Chiradzulu,2024-12-30,180,Monkeypox,174.37560731866057,24.66761338857809
Chiradzulu,2025-01-06,148,Monkeypox,195.61817288184085,26.21440830083106
Chiradzulu,2025-01-13,12,Monkeypox,4.932912926565919,23.252376787390222
Chiradzulu,2025-01-20,136,Monkeypox,242.25137618212182,33.10756327783814
Chiradzulu,2025-01-27,46,Monkeypox,93.22344610414568,27.015844251257207
Chiradzulu,2025-02-03,66,Monkeypox,14.339032761461784,34.46113598556537
Chiradzulu,2025-02-10,164,Monkeypox,17.815286241384896,30.325955036186254
Chiradzulu,2025-02-17,44,Monkeypox,148.56455941187463,19.904928711922594
Chiradzulu,2025-02-24,115,Monkeypox,103.38023010224163,32.79451344135815
Chiradzulu,2025-03-03,182,Monkeypox,58.43133657923963,30.085144716857677
Chiradzulu,2025-03-10,121,Monkeypox,16.69599363930663,33.64267113460046
Chiradzulu,2025-03-17,159,Monkeypox,42.43422916210557,25.625457263087732
Chiradzulu,2025-03-24,65,Monkeypox,45.654080948150074,33.404864997845834
Chiradzulu,2025-03-31,87,Monkeypox,73.03815609455913,27.278338738799803
Chiradzulu,2025-04-07,160,Monkeypox,84.11266934941877,22.07450183886462
Chiradzulu,2025-04-14,105,Monkeypox,149.6057311570859,30.468518954488083
Chiradzulu,2025-04-21,97,Monkeypox,107.47115071530641,31.376020792982413
Chiradzulu,2025-04-28,113,Monkeypox,115.3769954667627,18.529607598158705
Chiradzulu,2025-05-05,30,Monkeypox,178.60941352907588,22.61696871784257
Chiradzulu,2025-05-12,115,Monkeypox,202.63513920841004,18.845224447279424
Chiradzulu,2025-05-19,159,Monkeypox,22.391007951225756,29.95120381461183
Chiradzulu,2025-05-26,24,Monkeypox,173.6057500223512,20.910320492821594
Chiradzulu,2025-06-02,139,Monkeypox,114.54589800521988,25.33249424902575
Chiradzulu,2025-06-09,67,Monkeypox,193.3712084399378,19.45478173687596
Chiradzulu,2025-06-16,87,Monkeypox,147.13889506789968,21.89213029903985
Chiradzulu,2025-06-23,195,Monkeypox,158.2358962221479,26.538171340316495
Chiradzulu,2025-06-30,175,Monkeypox,172.0904262587633,20.827852361590175
Chiradzulu,2025-07-07,192,Monkeypox,111.29265721082184,23.7191671283813
Chiradzulu,2025-07-14,174,Monkeypox,139.97341541559146,29.399327460451453
Chiradzulu,2025-07-21,163,Monkeypox,248.65113350328346,25.279166306682793
Chiradzulu,2025-07-28,168,Monkeypox,85.3576934797585,27.819863911268513
Chiradzulu,2025-08-04,32,Monkeypox,218.9945534944201,25.801545926856022
Chiradzulu,2025-08-11,168,Monkeypox,40.82690241723308,33.5021642231762
Chiradzulu,2025-08-18,169,Monkeypox,240.04207890455402,19.17279520959307
Chiradzulu,2025-08-25,31,Monkeypox,93.40181347922393,24.918903755117874
Chiradzulu,2025-09-01,68,Monkeypox,165.43112606675993,20.463843746217094
Chiradzulu,2025-09-08,96,Monkeypox,203.02715219097283,34.89352079168341
Chiradzulu,2025-09-15,86,Monkeypox,48.63588590685125,30.155734403908056
Chiradzulu,2025-09-22,111,Monkeypox,36.18705939199468,22.765383602248914
Chiradzulu,2025-09-29,197,Monkeypox,48.84423329882795,21.335758935092198
Chiradzulu,2025-10-06,161,Monkeypox,174.80205835229376,27.39750081173773
Chiradzulu,2025-10-13,128,Monkeypox,128.6843417893129,27.892429632062825
Chitipa,2024-01-01,637,Malaria,97.04806790328772,21.750100531390373
Chitipa,2024-01-08,437,Malaria,156.80008390043318,21.466213162298388
Chitipa,2024-01-15,851,Malaria,209.5258233937727,17.739253478417268
Chitipa,2024-01-22,794,Malaria,95.82814534351105,23.825777881050477
Chitipa,2024-01-29,672,Malaria,30.60940593528749,29.855048096219353
Chitipa,2024-02-05,1377,Malaria,189.18114753317224,29.772864337071752
Chitipa,2024-02-12,737,Malaria,186.99442624283517,34.51217596123852
Chitipa,2024-02-19,325,Malaria,18.973600452024677,25.7276325947602
Chitipa,2024-02-26,319,Malaria,241.36206587439995,20.811359346889045
Chitipa,2024-03-04,938,Malaria,213.45236564271966,22.288518410594342
Chitipa,2024-03-11,559,Malaria,242.13073235040284,21.613302500305984
Chitipa,2024-03-18,499,Malaria,214.55457186715762,17.51817108439264
Chitipa,2024-03-25,683,Malaria,0.032717708209284435,17.972072722935618
Chitipa,2024-04-01,525,Malaria,102.19457892063133,27.88270811485399
Chitipa,2024-04-08,713,Malaria,221.66905858955005,23.878824782026317
Chitipa,2024-04-15,1277,Malaria,10.420865364495297,18.36686578453991
Chitipa,2024-04-22,1144,Malaria,27.59469263104508,27.59491972486338
Chitipa,2024-04-29,1011,Malaria,200.6978081303159,34.28592610427538
Chitipa,2024-05-06,747,Malaria,110.171722890636,30.875515723917417
Chitipa,2024-05-13,1364,Malaria,219.6587222590067,26.770787879687425
Chitipa,2024-05-20,731,Malaria,129.81153319847604,31.528646639682353
Chitipa,2024-05-27,232,Malaria,47.5973471045455,34.82671983911983
Chitipa,2024-06-03,1109,Malaria,134.5528207416696,30.805413114838295
Chitipa,2024-06-10,1130,Malaria,161.2978245293358,17.47626333026674
Chitipa,2024-06-17,1461,Malaria,29.266978175552516,15.878820430194127
Chitipa,2024-06-24,329,Malaria,60.099423738541766,28.825972670500118
Chitipa,2024-07-01,234,Malaria,213.5541950104344,29.3200149609434
Chitipa,2024-07-08,384,Malaria,52.16946103403355,16.16157420961922
Chitipa,2024-07-15,343,Malaria,79.2286882803731,26.712660072265777
Chitipa,2024-07-22,620,Malaria,110.01074896572786,21.49177738877776
Chitipa,2024-07-29,171,Malaria,66.01989582814983,33.12079178721675
Chitipa,2024-08-05,178,Malaria,248.52135935236944,30.697883427041887
Chitipa,2024-08-12,878,Malaria,170.43754770614404,19.661833323552287
Chitipa,2024-08-19,144,Malaria,193.7195074540397,17.793006178009747
Chitipa,2024-08-26,412,Malaria,37.03565442792828,23.238277557057728
Chitipa,2024-09-02,617,Malaria,223.07856348446452,30.45153793766861
Chitipa,2024-09-09,511,Malaria,108.06424149024451,22.31304455038168
Chitipa,2024-09-16,1095,Malaria,27.499518340428352,15.215652998634678
Chitipa,2024-09-23,712,Malaria,126.63637292764612,34.26222989131867
Chitipa,2024-09-30,1470,Malaria,201.53619676798354,30.882617674168564
Chitipa,2024-10-07,954,Malaria,189.27059447301775,33.17040422793223
Chitipa,2024-10-14,1228,Malaria,238.34320848492717,29.20482935647603
Chitipa,2024-10-21,170,Malaria,108.62975689051882,34.853710465267184
Chitipa,2024-10-28,418,Malaria,88.46862673498967,29.166765508873358
Chitipa,2024-11-04,117,Malaria,4.104732543522949,19.332973145953666
Chitipa,2024-11-11,742,Malaria,114.9515222089878,25.162306942806243
Chitipa,2024-11-18,870,Malaria,34.113084354979144,20.99019519196679
Chitipa,2024-11-25,1108,Malaria,55.464955566704916,34.24782464657832
Chitipa,2024-12-02,1054,Malaria,5.43471101424739,24.555475227378754
Chitipa,2024-12-09,144,Malaria,145.5648896546967,19.808170118969787
Chitipa,2024-12-16,101,Malaria,57.37246520135386,21.467940388490277
Chitipa,2024-12-23,734,Malaria,10.916181046061569,17.31864108100386
Chitipa,2024-12-30,1401,Malaria,204.30096718497828,21.08925778156248
Chitipa,2025-01-06,1193,Malaria,110.68649499801336,29.91284107110958
Chitipa,2025-01-13,723,Malaria,12.243824682736271,15.354902103148579
Chitipa,2025-01-20,1218,Malaria,48.63055674170247,23.42260044186729
Chitipa,2025-01-27,225,Malaria,43.74456450596762,19.430984509165455
Chitipa,2025-02-03,1233,Malaria,66.51159877980656,15.617233871158717
Chitipa,2025-02-10,451,Malaria,159.3513785922339,30.52285598577073
Chitipa,2025-02-17,1395,Malaria,72.62911169468514,15.413745559914798
Chitipa,2025-02-24,343,Malaria,9.818236135370418,32.66784977883515
Chitipa,2025-03-03,253,Malaria,219.899026542016,30.007343799999028
Chitipa,2025-03-10,114,Malaria,221.21942898191634,24.04637277294924
Chitipa,2025-03-17,1205,Malaria,205.79321394786388,16.04258263217441
Chitipa,2025-03-24,1495,Malaria,84.35445488307192,18.285180290167936
Chitipa,2025-03-31,1331,Malaria,69.6703326502155,23.5326427464247
Chitipa,2025-04-07,563,Malaria,193.25251476769532,15.70307971791851
Chitipa,2025-04-14,164,Malaria,196.61963699338727,19.77064403585418
Chitipa,2025-04-21,872,Malaria,176.30946855811086,34.60055037351604
Chitipa,2025-04-28,996,Malaria,231.00909966437752,34.651633903568
Chitipa,2025-05-05,1046,Malaria,4.812180296840745,16.377445179492906
Chitipa,2025-05-12,1351,Malaria,11.721348099381995,34.77501208688778
Chitipa,2025-05-19,1180,Malaria,214.45097564234695,25.454726364878347
Chitipa,2025-05-26,1338,Malaria,35.971180389651664,25.748323807152772
Chitipa,2025-06-02,795,Malaria,8.594431462498608,34.893820049990566
Chitipa,2025-06-09,883,Malaria,175.3744649309172,24.945814326250627
Chitipa,2025-06-16,496,Malaria,132.04542065025117,20.197366218073796
Chitipa,2025-06-23,818,Malaria,40.72321570042353,22.51825673164814
Chitipa,2025-06-30,1437,Malaria,45.006942407485454,29.63629646528377
Chitipa,2025-07-07,1468,Malaria,110.00696928949505,21.16684461567717
Chitipa,2025-07-14,169,Malaria,31.98563131679588,16.99095514563677
Chitipa,2025-07-21,503,Malaria,153.19140045558683,30.711960746842784
Chitipa,2025-07-28,744,Malaria,123.37214592085277,23.47128821778321
Chitipa,2025-08-04,578,Malaria,38.8806761993524,28.194928974640227
Chitipa,2025-08-11,206,Malaria,97.76569798946225,31.70188170364886
Chitipa,2025-08-18,247,Malaria,200.448937149158,24.316197868013703
Chitipa,2025-08-25,322,Malaria,111.73688422000217,24.315681991817232
Chitipa,2025-09-01,1425,Malaria,62.543705924001074,34.81000983086211
Chitipa,2025-09-08,320,Malaria,223.2560242255342,15.583338428307055
Chitipa,2025-09-15,827,Malaria,177.0686870242751,26.478733838096453
Chitipa,2025-09-22,1280,Malaria,178.9177151651199,34.40250459018783
Chitipa,2025-09-29,795,Malaria,213.21524374634453,20.182253107162538
Chitipa,2025-10-06,156,Malaria,50.82492162229382,34.43225734813409
Chitipa,2025-10-13,276,Malaria,142.09082914359723,19.990674082004816
Chitipa,2024-01-01,57,Cholera,19.781271555713882,20.65238135962087
Chitipa,2024-01-08,565,Cholera,227.52656109838176,24.11288327806875
Chitipa,2024-01-15,169,Cholera,44.94356462578975,15.403200889583239
Chitipa,2024-01-22,348,Cholera,32.67635708825928,27.287223951448365
Chitipa,2024-01-29,226,Cholera,24.53157585618196,32.399421352407174
Chitipa,2024-02-05,670,Cholera,34.32279857940507,31.221600882552156
Chitipa,2024-02-12,603,Cholera,189.38665575607854,22.96829631613008
Chitipa,2024-02-19,220,Cholera,32.87010080364192,28.483926917648233
Chitipa,2024-02-26,108,Cholera,82.38929294618455,23.716313862547246
Chitipa,2024-03-04,365,Cholera,80.24176741107425,24.59282192050757
Chitipa,2024-03-11,194,Cholera,196.67272375413506,25.88009211210477
Chitipa,2024-03-18,232,Cholera,93.03891894789699,29.869833877709453
Chitipa,2024-03-25,251,Cholera,248.58456457157018,23.47371771143086
Chitipa,2024-04-01,316,Cholera,240.52670996898485,21.88534888644776
Chitipa,2024-04-08,600,Cholera,101.84923116768427,21.702008420337602
Chitipa,2024-04-15,556,Cholera,117.06450499796952,15.935946686246336
Chitipa,2024-04-22,618,Cholera,49.98467631014869,23.417108316405923
Chitipa,2024-04-29,358,Cholera,124.91719349723202,31.20965560876349
Chitipa,2024-05-06,416,Cholera,72.0533736611223,29.94245380598553
Chitipa,2024-05-13,170,Cholera,118.24446910803691,28.06701599705134
Chitipa,2024-05-20,226,Cholera,183.50240997723563,19.601123381806403
Chitipa,2024-05-27,474,Cholera,238.89717857645726,21.96469539136062
Chitipa,2024-06-03,304,Cholera,58.91922808918024,32.679982421081604
Chitipa,2024-06-10,639,Cholera,121.52944156763412,28.74879903366617
Chitipa,2024-06-17,498,Cholera,164.91586884707357,23.851119067545895
Chitipa,2024-06-24,252,Cholera,70.902756246622,24.725223644841268
Chitipa,2024-07-01,211,Cholera,48.21700395423256,25.438103054492636
Chitipa,2024-07-08,597,Cholera,106.10963489937028,27.282807606166344
Chitipa,2024-07-15,221,Cholera,96.670990417877,33.635620444216755
Chitipa,2024-07-22,180,Cholera,169.36858847816526,16.419429730939363
Chitipa,2024-07-29,632,Cholera,132.49442749077457,33.71832656149916
Chitipa,2024-08-05,427,Cholera,83.996716730212,25.979532526407603
Chitipa,2024-08-12,358,Cholera,146.15134949489135,25.900574929708807
Chitipa,2024-08-19,427,Cholera,181.60978430142265,16.711728581194258
Chitipa,2024-08-26,648,Cholera,25.221414927875692,26.659123642725785
Chitipa,2024-09-02,225,Cholera,28.759771158772708,20.367942469226755
Chitipa,2024-09-09,257,Cholera,122.28478052685024,15.444611219152662
Chitipa,2024-09-16,100,Cholera,82.94798840894113,30.067149809672536
Chitipa,2024-09-23,228,Cholera,180.13005640943598,30.813701095212878
Chitipa,2024-09-30,532,Cholera,159.22948962192612,17.541976156175693
Chitipa,2024-10-07,346,Cholera,178.61440959453927,30.22304109337391
Chitipa,2024-10-14,240,Cholera,81.26855097900109,19.24160969025805
Chitipa,2024-10-21,626,Cholera,125.16264649158076,31.341276857418944
Chitipa,2024-10-28,96,Cholera,138.04270007591677,30.599485471244584
Chitipa,2024-11-04,253,Cholera,225.54921952633617,31.237302782742592
Chitipa,2024-11-11,492,Cholera,164.57862731762464,23.235560091205755
Chitipa,2024-11-18,670,Cholera,102.2919770826031,20.035986060304687
Chitipa,2024-11-25,566,Cholera,49.254741375965,18.17653164053637
Chitipa,2024-12-02,181,Cholera,231.49792483389004,24.775588030894774
Chitipa,2024-12-09,318,Cholera,72.62279327865515,18.46448767554319
Chitipa,2024-12-16,253,Cholera,222.83801459268662,17.113375964537553
Chitipa,2024-12-23,287,Cholera,83.9988734417452,22.056285579765973
Chitipa,2024-12-30,494,Cholera,76.0956239255586,22.663129092519902
Chitipa,2025-01-06,392,Cholera,206.51597841576347,26.105839875629847
Chitipa,2025-01-13,450,Cholera,23.820043438899763,32.722497568773356
Chitipa,2025-01-20,554,Cholera,85.93669924123454,32.92376407705667
Chitipa,2025-01-27,476,Cholera,111.55623037980058,34.941988540626355
Chitipa,2025-02-03,162,Cholera,240.8884011285011,29.470588041724334
Chitipa,2025-02-10,372,Cholera,193.36266224002551,28.011828843376037
Chitipa,2025-02-17,695,Cholera,6.374977398478587,31.712912490864703
Chitipa,2025-02-24,199,Cholera,129.09280152304112,30.450779064168167
Chitipa,2025-03-03,236,Cholera,21.366816988148933,23.09992249818313
Chitipa,2025-03-10,473,Cholera,135.22139796845264,32.84242198034851
Chitipa,2025-03-17,537,Cholera,148.5667139227224,25.715559293914986
Chitipa,2025-03-24,142,Cholera,7.9460538672027905,23.893934959134608
Chitipa,2025-03-31,630,Cholera,147.8924329271908,15.422912976020392
Chitipa,2025-04-07,230,Cholera,90.82439746327958,31.052091884411848
Chitipa,2025-04-14,319,Cholera,42.2819733779044,23.020705392301124
Chitipa,2025-04-21,64,Cholera,201.12646872234995,27.071377403512333
Chitipa,2025-04-28,320,Cholera,230.40125072445886,28.57945307734309
Chitipa,2025-05-05,369,Cholera,86.5755653925253,19.195485532858246
Chitipa,2025-05-12,465,Cholera,145.6579437281123,21.094745559559556
Chitipa,2025-05-19,660,Cholera,206.98884383892542,16.343637436612028
Chitipa,2025-05-26,607,Cholera,205.9915675177082,29.030925498257556
Chitipa,2025-06-02,209,Cholera,23.371426599556212,17.175568767329167
Chitipa,2025-06-09,161,Cholera,194.20376282957994,26.936863991340942
Chitipa,2025-06-16,603,Cholera,162.0585353314364,19.954733699923253
Chitipa,2025-06-23,684,Cholera,190.3103603629412,20.89343125433828
Chitipa,2025-06-30,481,Cholera,64.72268249648097,24.016215493397624
Chitipa,2025-07-07,391,Cholera,37.20494074466388,27.565615687094944
Chitipa,2025-07-14,537,Cholera,110.29196714012826,26.542824435997957
Chitipa,2025-07-21,677,Cholera,42.93820578149335,32.68325093342923
Chitipa,2025-07-28,624,Cholera,215.3838072798082,23.03024592132386
Chitipa,2025-08-04,343,Cholera,121.90889614160444,30.042048139352985
Chitipa,2025-08-11,229,Cholera,82.64762843028439,18.024031955860725
Chitipa,2025-08-18,332,Cholera,172.75141333356146,15.383261050808077
Chitipa,2025-08-25,210,Cholera,73.2529025634161,25.974357276736228
Chitipa,2025-09-01,71,Cholera,217.9422855782593,22.610095906346938
Chitipa,2025-09-08,645,Cholera,103.32437987247687,17.52124322592898
Chitipa,2025-09-15,97,Cholera,144.08568776112247,18.960460106226982
Chitipa,2025-09-22,658,Cholera,114.20384796767719,19.95145706654741
Chitipa,2025-09-29,69,Cholera,46.13401860058122,22.767579039378397
Chitipa,2025-10-06,577,Cholera,52.2118963181504,21.902086050558168
Chitipa,2025-10-13,426,Cholera,209.4544615139318,33.214394389847406
Chitipa,2024-01-01,195,Monkeypox,54.071115278488456,25.611283395493224
Chitipa,2024-01-08,110,Monkeypox,133.05296681406966,27.92864652519497
Chitipa,2024-01-15,69,Monkeypox,202.99702881550166,23.154140017160348
Chitipa,2024-01-22,167,Monkeypox,103.1021925113983,19.851534688935033
Chitipa,2024-01-29,131,Monkeypox,1.882844732757738,33.66960728953357
Chitipa,2024-02-05,195,Monkeypox,126.92132796259247,22.878268004001622
Chitipa,2024-02-12,12,Monkeypox,193.52327288475877,19.976737557050214
Chitipa,2024-02-19,100,Monkeypox,91.64913849210546,34.046252368317354
Chitipa,2024-02-26,29,Monkeypox,10.443829180621812,27.737605719571814
Chitipa,2024-03-04,189,Monkeypox,39.27507486826984,34.73066754250257
Chitipa,2024-03-11,144,Monkeypox,115.59270337852074,19.25264615764373
Chitipa,2024-03-18,193,Monkeypox,211.60979938954327,32.499881641106164
Chitipa,2024-03-25,27,Monkeypox,210.8657354524406,26.794012151453366
Chitipa,2024-04-01,108,Monkeypox,3.6758834431309118,23.658723351923364
Chitipa,2024-04-08,50,Monkeypox,83.97708052903639,26.700340968636862
Chitipa,2024-04-15,47,Monkeypox,213.3212327317247,27.888794488205335
Chitipa,2024-04-22,87,Monkeypox,237.94561757903787,28.15041079220199
Chitipa,2024-04-29,130,Monkeypox,155.02898722062673,30.597104718951694
Chitipa,2024-05-06,115,Monkeypox,113.48972686590733,18.29216534957393
Chitipa,2024-05-13,41,Monkeypox,104.12745679644046,16.25986364114171
Chitipa,2024-05-20,183,Monkeypox,50.04727042193116,32.51727621378665
Chitipa,2024-05-27,53,Monkeypox,155.97468481077487,33.41719620347773
Chitipa,2024-06-03,177,Monkeypox,212.54322522151696,25.29094354505216
Chitipa,2024-06-10,103,Monkeypox,191.6831270636696,29.468557790312982
Chitipa,2024-06-17,121,Monkeypox,197.2853953464801,28.428531117818885
Chitipa,2024-06-24,51,Monkeypox,49.804587190339475,34.64462694535867
Chitipa,2024-07-01,32,Monkeypox,84.24343871076972,29.64460843904468
Chitipa,2024-07-08,39,Monkeypox,31.76002882749171,20.902083276697148
Chitipa,2024-07-15,116,Monkeypox,99.20743185131504,22.281291665818173
Chitipa,2024-07-22,35,Monkeypox,248.78896788193336,20.03797360063667
Chitipa,2024-07-29,72,Monkeypox,179.6325323283316,22.478764334248485
Chitipa,2024-08-05,127,Monkeypox,243.83635621376084,18.923051522680833
Chitipa,2024-08-12,61,Monkeypox,183.60414839659575,21.28705516038559
Chitipa,2024-08-19,170,Monkeypox,0.5760013870956815,17.970644537637355
Chitipa,2024-08-26,59,Monkeypox,157.39258428643248,24.23688846551338
Chitipa,2024-09-02,104,Monkeypox,3.0138199680622146,30.036770318453772
Chitipa,2024-09-09,110,Monkeypox,99.2914876454383,25.136504667641944
Chitipa,2024-09-16,121,Monkeypox,227.94550254414014,17.07314731610229
Chitipa,2024-09-23,129,Monkeypox,186.72191074236392,19.325742128007043
Chitipa,2024-09-30,185,Monkeypox,19.393478877335752,25.61039266901217
Chitipa,2024-10-07,99,Monkeypox,65.62070965355649,22.97293876819822
Chitipa,2024-10-14,117,Monkeypox,239.93995343546987,22.160238740991485
Chitipa,2024-10-21,193,Monkeypox,36.34482333977124,18.441088255747367
Chitipa,2024-10-28,42,Monkeypox,110.18290078893946,17.26389177807057
Chitipa,2024-11-04,138,Monkeypox,196.18116139248326,29.980296716041636
Chitipa,2024-11-11,37,Monkeypox,140.30841566309334,15.972464716567922
Chitipa,2024-11-18,184,Monkeypox,159.076339194154,23.51920141059258
Chitipa,2024-11-25,16,Monkeypox,31.884418887076936,15.993782407523787
Chitipa,2024-12-02,57,Monkeypox,200.4375071160579,34.37804139353533
Chitipa,2024-12-09,123,Monkeypox,6.086357331546166,29.03888906641818
Chitipa,2024-12-16,100,Monkeypox,45.291532695195286,33.062808794635984
Chitipa,2024-12-23,96,Monkeypox,44.10929761499913,32.60557119613088
Chitipa,2024-12-30,89,Monkeypox,60.54688091600294,20.786341541528902
Chitipa,2025-01-06,82,Monkeypox,38.23081242761114,25.88377821123022
Chitipa,2025-01-13,152,Monkeypox,104.49222167972249,31.04484645057913
Chitipa,2025-01-20,102,Monkeypox,237.4627434652833,34.75340305178273
Chitipa,2025-01-27,116,Monkeypox,143.12346350860173,18.247086797934145
Chitipa,2025-02-03,46,Monkeypox,139.85899583274707,28.62443212264231
Chitipa,2025-02-10,120,Monkeypox,145.85421052023082,16.090700640294404
Chitipa,2025-02-17,78,Monkeypox,64.65125038925451,26.595421946915984
Chitipa,2025-02-24,178,Monkeypox,70.21647148128582,21.90576653801066
Chitipa,2025-03-03,69,Monkeypox,211.5902662477093,23.250668823330585
Chitipa,2025-03-10,40,Monkeypox,80.19700550074388,26.14923170369174
Chitipa,2025-03-17,174,Monkeypox,157.81693394638077,32.17864067620197
Chitipa,2025-03-24,74,Monkeypox,80.16904683756145,31.955853876245058
Chitipa,2025-03-31,146,Monkeypox,2.0356220468850106,15.544466486718173
Chitipa,2025-04-07,186,Monkeypox,106.5679723689617,19.643864078907676
Chitipa,2025-04-14,56,Monkeypox,56.65546473032576,28.089018548938757
Chitipa,2025-04-21,112,Monkeypox,75.84814830997699,20.607163971077952
Chitipa,2025-04-28,114,Monkeypox,242.2609206695464,18.160368872201783
Chitipa,2025-05-05,105,Monkeypox,90.68184446624461,26.31053680267557
Chitipa,2025-05-12,198,Monkeypox,159.1839953459171,27.662550327545176
Chitipa,2025-05-19,133,Monkeypox,224.91515465889944,29.59108193718827
Chitipa,2025-05-26,149,Monkeypox,228.62119695504424,24.198381193745124
Chitipa,2025-06-02,149,Monkeypox,154.69967048081145,22.266217377627534
Chitipa,2025-06-09,80,Monkeypox,147.43226773289993,26.64149849507807
Chitipa,2025-06-16,164,Monkeypox,249.3528222215724,19.28331363992201
Chitipa,2025-06-23,141,Monkeypox,16.524912640850044,26.9554256502421
Chitipa,2025-06-30,66,Monkeypox,13.249119378678342,21.107133894862123
Chitipa,2025-07-07,185,Monkeypox,226.24658179927553,22.929735014101418
Chitipa,2025-07-14,150,Monkeypox,234.1519266768979,19.55730011401273
Chitipa,2025-07-21,32,Monkeypox,63.607491964433024,28.287444332483485
Chitipa,2025-07-28,130,Monkeypox,190.1380087973089,19.70554944128009
Chitipa,2025-08-04,162,Monkeypox,61.19088419453475,29.063472548126718
Chitipa,2025-08-11,19,Monkeypox,171.97522844400083,31.613776531474905
Chitipa,2025-08-18,56,Monkeypox,152.03896058278414,25.213414254496268
Chitipa,2025-08-25,29,Monkeypox,214.73293323941087,15.637427461090036
Chitipa,2025-09-01,105,Monkeypox,130.0619229928723,28.75667140101644
Chitipa,2025-09-08,14,Monkeypox,115.87469983021003,15.364831159114797
Chitipa,2025-09-15,17,Monkeypox,160.44930588587275,22.797591778364666
Chitipa,2025-09-22,196,Monkeypox,37.79889090973251,23.170862898526757
Chitipa,2025-09-29,78,Monkeypox,20.8801736091726,31.138835915662153
Chitipa,2025-10-06,37,Monkeypox,206.68520513349895,31.991615092251234
Chitipa,2025-10-13,158,Monkeypox,197.10684448543043,32.57923443268978
Dedza,2024-01-01,557,Malaria,114.29017389840438,27.468013079704505
Dedza,2024-01-08,257,Malaria,33.33352558477715,18.31833217891094
Dedza,2024-01-15,1070,Malaria,246.4006933195645,19.99996225902259
Dedza,2024-01-22,201,Malaria,70.45700830539475,31.96232263363507
Dedza,2024-01-29,1183,Malaria,68.94639195781208,31.634106748752785
Dedza,2024-02-05,996,Malaria,220.6331791553625,28.681088628160644
Dedza,2024-02-12,1082,Malaria,231.4685123006572,22.756711813351878
Dedza,2024-02-19,616,Malaria,129.43779789489787,33.37190027394571
Dedza,2024-02-26,1149,Malaria,44.47712857204339,25.96811550579696
Dedza,2024-03-04,163,Malaria,90.95993776774597,17.517533186382575
Dedza,2024-03-11,340,Malaria,239.6977548995058,30.762193738057746
Dedza,2024-03-18,127,Malaria,191.47877181106765,17.88968125326016
Dedza,2024-03-25,801,Malaria,225.13206173364367,32.871335343612685
Dedza,2024-04-01,1139,Malaria,152.65421919432123,26.730327653440455
Dedza,2024-04-08,465,Malaria,63.94742689389504,30.314703497359183
Dedza,2024-04-15,824,Malaria,241.9788343645167,18.79465398482266
Dedza,2024-04-22,125,Malaria,165.00798972516733,34.07614839989193
Dedza,2024-04-29,1138,Malaria,11.458422895844977,27.96770716571306
Dedza,2024-05-06,697,Malaria,31.256653741570968,31.76229513578415
Dedza,2024-05-13,836,Malaria,246.3180242063664,20.23618060251522
Dedza,2024-05-20,1395,Malaria,145.5492841566511,18.210315624653685
Dedza,2024-05-27,941,Malaria,206.0258600409303,32.57297308364562
Dedza,2024-06-03,955,Malaria,206.34014223308313,32.85729494167561
Dedza,2024-06-10,912,Malaria,21.68551041405675,18.39136173796431
Dedza,2024-06-17,1047,Malaria,9.67109626150478,34.855826727906134
Dedza,2024-06-24,591,Malaria,121.42955966865948,32.478024006105215
Dedza,2024-07-01,1310,Malaria,217.52683184656394,20.26919782736409
Dedza,2024-07-08,520,Malaria,111.91432815902088,16.82919846225387
Dedza,2024-07-15,814,Malaria,89.81112168977553,16.064141916028984
Dedza,2024-07-22,687,Malaria,219.1048526750922,27.343516385803184
Dedza,2024-07-29,741,Malaria,170.65404671561302,27.80725804266821
Dedza,2024-08-05,166,Malaria,211.574878360849,16.23004575628596
Dedza,2024-08-12,213,Malaria,4.396427519744978,26.01410527542761
Dedza,2024-08-19,815,Malaria,218.89460762047312,25.051542121513187
Dedza,2024-08-26,761,Malaria,46.08681335022508,24.73702897219122
Dedza,2024-09-02,384,Malaria,242.09914935839177,20.625243397553923
Dedza,2024-09-09,973,Malaria,225.01178265008946,20.026354640692638
Dedza,2024-09-16,535,Malaria,47.03846582263363,30.928932035275174
Dedza,2024-09-23,332,Malaria,3.5456093812500367,30.280993623411558
Dedza,2024-09-30,695,Malaria,28.969953772847944,22.260010438301094
Dedza,2024-10-07,644,Malaria,195.74940640802137,25.00810324305263
Dedza,2024-10-14,103,Malaria,177.19912946536394,25.935225525994653
Dedza,2024-10-21,1261,Malaria,132.78141151084708,16.100779445254716
Dedza,2024-10-28,966,Malaria,166.47529209847374,16.510027931240213
Dedza,2024-11-04,203,Malaria,134.3610001201792,19.883926034990942
Dedza,2024-11-11,312,Malaria,205.78736404950783,24.526256287950577
Dedza,2024-11-18,1243,Malaria,248.75141329845152,21.524170576882174
Dedza,2024-11-25,683,Malaria,185.83906537117323,19.613188477938657
Dedza,2024-12-02,903,Malaria,212.67419381443452,30.220696766541717
Dedza,2024-12-09,1380,Malaria,40.33911802880713,25.009479682692653
Dedza,2024-12-16,277,Malaria,63.905751370742976,22.30053628379592
Dedza,2024-12-23,1158,Malaria,9.382052185681305,22.482069639205672
Dedza,2024-12-30,295,Malaria,208.0896484683355,26.06552858302021
Dedza,2025-01-06,237,Malaria,106.06123962881652,25.78514692117107
Dedza,2025-01-13,379,Malaria,160.35673172101065,24.29147011015263
Dedza,2025-01-20,1121,Malaria,53.77479541679084,32.71441285251645
Dedza,2025-01-27,1444,Malaria,242.67489470995017,27.377485394614162
Dedza,2025-02-03,785,Malaria,117.30372649555169,26.81766134472994
Dedza,2025-02-10,186,Malaria,154.98386037344707,15.270747996359015
Dedza,2025-02-17,556,Malaria,172.3168984830146,22.00647697274782
Dedza,2025-02-24,935,Malaria,98.47892457275609,34.13500943382449
Dedza,2025-03-03,816,Malaria,236.49225807927888,33.26243167006309
Dedza,2025-03-10,1201,Malaria,120.57185936965126,30.824254515170875
Dedza,2025-03-17,796,Malaria,18.622792770087297,21.026462739961822
Dedza,2025-03-24,405,Malaria,132.71531645661858,25.190717562777145
Dedza,2025-03-31,1285,Malaria,242.28052643799663,20.706154338423776
Dedza,2025-04-07,1354,Malaria,19.442248840291303,34.72427889592683
Dedza,2025-04-14,807,Malaria,53.08179516559619,25.08180149151456
Dedza,2025-04-21,875,Malaria,35.87226355654185,20.653481173581877
Dedza,2025-04-28,1431,Malaria,202.82396297898467,16.614241839913277
Dedza,2025-05-05,845,Malaria,53.473409480616795,19.514579511220113
Dedza,2025-05-12,186,Malaria,107.5087139705136,28.508813767414605
Dedza,2025-05-19,704,Malaria,76.06136627022275,30.693513865130434
Dedza,2025-05-26,940,Malaria,28.338496096130623,31.148173510260378
Dedza,2025-06-02,1150,Malaria,52.12574569145373,17.969608955090827
Dedza,2025-06-09,907,Malaria,14.741496255455871,30.04715208918217
Dedza,2025-06-16,974,Malaria,118.16318597657516,31.775237588631875
Dedza,2025-06-23,138,Malaria,233.2986625352423,26.794349106020487
Dedza,2025-06-30,1396,Malaria,23.158676174352077,25.567949214195913
Dedza,2025-07-07,874,Malaria,219.89965933373156,23.643187171271684
Dedza,2025-07-14,691,Malaria,210.93967205429016,18.331575268157106
Dedza,2025-07-21,423,Malaria,243.54789678449777,29.397514099364805
Dedza,2025-07-28,192,Malaria,97.42285286538907,27.48406820832059
Dedza,2025-08-04,1131,Malaria,130.5006601740078,16.216736947947076
Dedza,2025-08-11,969,Malaria,33.00258120471264,18.854852368264282
Dedza,2025-08-18,796,Malaria,99.39028767222358,17.873674854808147
Dedza,2025-08-25,1323,Malaria,210.08558633522927,25.460586815435498
Dedza,2025-09-01,1301,Malaria,219.02036294979385,17.335675401855447
Dedza,2025-09-08,482,Malaria,11.105489408104797,21.096464574757444
Dedza,2025-09-15,244,Malaria,45.36225785474585,19.234784653542647
Dedza,2025-09-22,734,Malaria,30.8443434133866,31.336349323898794
Dedza,2025-09-29,834,Malaria,241.41885650186634,25.684526235860965
Dedza,2025-10-06,898,Malaria,39.57900160391711,34.23932451973201
Dedza,2025-10-13,303,Malaria,8.430888647828455,32.39965315862442
Dedza,2024-01-01,382,Cholera,20.97475913217678,17.26130515206626
Dedza,2024-01-08,510,Cholera,136.89121438270038,18.8716093810756
Dedza,2024-01-15,314,Cholera,51.849517113545964,31.299054424979552
Dedza,2024-01-22,241,Cholera,53.930880269163374,34.689282155451
Dedza,2024-01-29,615,Cholera,45.91124259049853,27.38296887032039
Dedza,2024-02-05,198,Cholera,170.94549884819924,21.327043163862754
Dedza,2024-02-12,570,Cholera,46.876982618411056,18.53664925235943
Dedza,2024-02-19,381,Cholera,145.5932720249186,18.701283744170844
Dedza,2024-02-26,415,Cholera,25.517822296523246,18.34104177566321
Dedza,2024-03-04,650,Cholera,127.0231306451284,24.52990767343058
Dedza,2024-03-11,428,Cholera,42.380636025291935,30.887900236354973
Dedza,2024-03-18,200,Cholera,44.83734413358923,29.875156609751365
Dedza,2024-03-25,277,Cholera,31.38809498429962,19.75179165051775
Dedza,2024-04-01,102,Cholera,243.81705072780758,27.50902463940151
Dedza,2024-04-08,159,Cholera,26.33370464392798,23.145287798603626
Dedza,2024-04-15,370,Cholera,156.6369569065844,15.539721719723968
Dedza,2024-04-22,513,Cholera,154.71001060606133,15.513571494571227
Dedza,2024-04-29,640,Cholera,76.2728662162509,18.7679343862225
Dedza,2024-05-06,147,Cholera,191.947104871403,31.025877170195393
Dedza,2024-05-13,277,Cholera,241.52152193063333,26.57296609294138
Dedza,2024-05-20,188,Cholera,247.29966075963924,23.015060579327837
Dedza,2024-05-27,170,Cholera,103.78574508499969,18.5327853730671
Dedza,2024-06-03,160,Cholera,244.13109819369765,27.07561787233479
Dedza,2024-06-10,197,Cholera,12.70084887908407,24.42717478241601
Dedza,2024-06-17,429,Cholera,27.800106084610643,30.894640684833725
Dedza,2024-06-24,170,Cholera,230.09244982082,18.243052511520442
Dedza,2024-07-01,341,Cholera,35.72859675216397,28.09377955502128
Dedza,2024-07-08,175,Cholera,244.980550655568,25.082776279771185
Dedza,2024-07-15,121,Cholera,116.24743189362727,18.133653732071206
Dedza,2024-07-22,335,Cholera,200.79152404722618,26.50231546634822
Dedza,2024-07-29,652,Cholera,230.5831045866826,26.893472631433138
Dedza,2024-08-05,105,Cholera,54.217148708993996,31.12222781455384
Dedza,2024-08-12,653,Cholera,120.9066250913518,29.114660507836874
Dedza,2024-08-19,153,Cholera,179.45320360480244,34.09043475163362
Dedza,2024-08-26,98,Cholera,84.69957060755858,21.760015541009018
Dedza,2024-09-02,484,Cholera,99.33971569327139,25.2326235607281
Dedza,2024-09-09,522,Cholera,69.79602643853843,20.792261133888246
Dedza,2024-09-16,406,Cholera,244.19254697507554,15.434419729254534
Dedza,2024-09-23,512,Cholera,35.94690426344549,34.45400519054904
Dedza,2024-09-30,284,Cholera,26.24261413631909,24.002070146984316
Dedza,2024-10-07,78,Cholera,135.5615398900433,31.292923545954924
Dedza,2024-10-14,442,Cholera,196.31587534025851,32.13473917761708
Dedza,2024-10-21,663,Cholera,179.68104806749855,19.190533319056136
Dedza,2024-10-28,99,Cholera,39.6894962031355,25.43977373018494
Dedza,2024-11-04,138,Cholera,148.0343797211795,19.560937653067356
Dedza,2024-11-11,494,Cholera,229.8971685143664,30.718272797225996
Dedza,2024-11-18,284,Cholera,103.75278492848139,22.742334768623657
Dedza,2024-11-25,109,Cholera,166.86283489910713,34.952592196138646
Dedza,2024-12-02,313,Cholera,245.13331852876524,26.38755253660415
Dedza,2024-12-09,253,Cholera,161.6053583999326,26.931837961622385
Dedza,2024-12-16,236,Cholera,132.10090328811583,33.866744657531
Dedza,2024-12-23,176,Cholera,232.33606956521123,16.533763887809517
Dedza,2024-12-30,409,Cholera,7.113180514229517,27.659421417478068
Dedza,2025-01-06,201,Cholera,64.26303590304927,29.369150878002337
Dedza,2025-01-13,488,Cholera,98.13619734297632,16.81511804266398
Dedza,2025-01-20,478,Cholera,147.56110421690067,30.579284780412852
Dedza,2025-01-27,138,Cholera,57.22618687208614,28.7339792301033
Dedza,2025-02-03,91,Cholera,240.5112725330832,15.835756531520104
Dedza,2025-02-10,598,Cholera,234.19745679594172,27.211323799233142
Dedza,2025-02-17,572,Cholera,23.636532021766243,34.88164352115926
Dedza,2025-02-24,551,Cholera,69.1170871377483,27.861086717945426
Dedza,2025-03-03,244,Cholera,201.5158766072767,16.159428626175455
Dedza,2025-03-10,136,Cholera,76.46720208082733,32.256327514124415
Dedza,2025-03-17,666,Cholera,45.70336684150955,31.848478702050286
Dedza,2025-03-24,302,Cholera,67.03691702809778,16.56014994859288
Dedza,2025-03-31,449,Cholera,198.35661123282665,31.386632201759646
Dedza,2025-04-07,172,Cholera,78.60101192067762,33.11223614831399
Dedza,2025-04-14,582,Cholera,30.035625271147005,25.639903751100483
Dedza,2025-04-21,63,Cholera,180.174494758402,19.703519564117023
Dedza,2025-04-28,657,Cholera,150.5453631161596,33.14017530069686
Dedza,2025-05-05,147,Cholera,79.05393953205001,34.94123532318124
Dedza,2025-05-12,324,Cholera,141.8939556350842,15.920356721402813
Dedza,2025-05-19,63,Cholera,84.90885783308816,19.064144041334153
Dedza,2025-05-26,262,Cholera,67.40462659761407,20.97956608246541
Dedza,2025-06-02,547,Cholera,234.57299456045993,16.32844228404567
Dedza,2025-06-09,477,Cholera,230.73921418101114,31.65769508483059
Dedza,2025-06-16,556,Cholera,236.73440045576933,28.965438131239473
Dedza,2025-06-23,318,Cholera,137.11230998081982,30.045146346332487
Dedza,2025-06-30,138,Cholera,202.01533322291363,26.948904372493928
Dedza,2025-07-07,166,Cholera,155.85514441398158,19.494428156506316
Dedza,2025-07-14,170,Cholera,193.0838266395514,18.296415599958713
Dedza,2025-07-21,260,Cholera,194.14377366875618,28.083799739728146
Dedza,2025-07-28,563,Cholera,58.032426659356204,22.789819687961167
Dedza,2025-08-04,374,Cholera,25.94811900882285,24.981984859365888
Dedza,2025-08-11,696,Cholera,126.69684558169808,29.940001107344152
Dedza,2025-08-18,277,Cholera,7.080117113306778,30.394187092515665
Dedza,2025-08-25,144,Cholera,60.15007351726798,34.09897349342317
Dedza,2025-09-01,90,Cholera,235.383515014037,15.799395312764851
Dedza,2025-09-08,344,Cholera,2.7361925705247927,30.034800459892054
Dedza,2025-09-15,522,Cholera,191.82876056920304,29.602201581179983
Dedza,2025-09-22,282,Cholera,202.87323710906875,27.351272332553286
Dedza,2025-09-29,98,Cholera,9.814200861887418,30.592661334932956
Dedza,2025-10-06,273,Cholera,13.75281365557443,25.450072332600307
Dedza,2025-10-13,209,Cholera,194.35244793322917,20.197071620618644
Dedza,2024-01-01,184,Monkeypox,152.5453314227406,20.161389898311665
Dedza,2024-01-08,94,Monkeypox,105.86570883908495,29.749402218693035
Dedza,2024-01-15,98,Monkeypox,209.35220818407038,16.483913024079072
Dedza,2024-01-22,87,Monkeypox,72.0896511806322,19.688395599708464
Dedza,2024-01-29,131,Monkeypox,121.87418476771886,17.113491188491654
Dedza,2024-02-05,32,Monkeypox,114.83546591553234,23.638917271546532
Dedza,2024-02-12,74,Monkeypox,199.03454590299975,15.982536529242086
Dedza,2024-02-19,197,Monkeypox,21.94704831925376,34.61896976136019
Dedza,2024-02-26,157,Monkeypox,48.81170261997442,15.35369337433059
Dedza,2024-03-04,184,Monkeypox,132.70018288324968,16.965940328671508
Dedza,2024-03-11,93,Monkeypox,157.27793931901124,22.454315926109242
Dedza,2024-03-18,80,Monkeypox,89.73794243119524,18.24865240788022
Dedza,2024-03-25,138,Monkeypox,209.08637835619567,16.94646530308591
Dedza,2024-04-01,110,Monkeypox,235.59594207809053,26.662783368907483
Dedza,2024-04-08,95,Monkeypox,185.5099894880486,33.33630172563926
Dedza,2024-04-15,14,Monkeypox,62.0165646067781,19.079041909653814
Dedza,2024-04-22,91,Monkeypox,131.70375781798032,15.143442536940036
Dedza,2024-04-29,196,Monkeypox,172.62121588089286,22.146733048284588
Dedza,2024-05-06,27,Monkeypox,48.21980689108452,17.02076084458995
Dedza,2024-05-13,92,Monkeypox,28.051213408873288,34.655196552356436
Dedza,2024-05-20,149,Monkeypox,152.6252697329597,23.096260044924982
Dedza,2024-05-27,134,Monkeypox,16.4703826435805,17.4491579702719
Dedza,2024-06-03,156,Monkeypox,10.028734504909542,31.256091563763363
Dedza,2024-06-10,179,Monkeypox,124.13769832358737,29.53401082262718
Dedza,2024-06-17,138,Monkeypox,89.90374158461763,31.268692161964516
Dedza,2024-06-24,151,Monkeypox,232.36166494785235,26.31409073271221
Dedza,2024-07-01,95,Monkeypox,185.96477158580808,28.688454856466976
Dedza,2024-07-08,139,Monkeypox,231.28092131188563,34.638856006507964
Dedza,2024-07-15,108,Monkeypox,44.679428994944786,26.71997673325048
Dedza,2024-07-22,151,Monkeypox,203.57092479412216,16.207632050261253
Dedza,2024-07-29,42,Monkeypox,240.85155485995398,31.84790555050212
Dedza,2024-08-05,20,Monkeypox,18.301744245196318,20.585963260278177
Dedza,2024-08-12,173,Monkeypox,121.42429516726791,32.081298648008385
Dedza,2024-08-19,34,Monkeypox,17.542943515979598,15.517611353356784
Dedza,2024-08-26,51,Monkeypox,141.286022899407,29.502952265667474
Dedza,2024-09-02,193,Monkeypox,118.23931250197737,15.09989892705541
Dedza,2024-09-09,144,Monkeypox,59.543501584873646,33.05926325441769
Dedza,2024-09-16,84,Monkeypox,141.5290367495862,24.698940594792585
Dedza,2024-09-23,188,Monkeypox,9.059239794145329,30.31681164676182
Dedza,2024-09-30,82,Monkeypox,113.48394677442025,15.064158524014617
Dedza,2024-10-07,141,Monkeypox,178.9958492736941,33.10561759673206
Dedza,2024-10-14,116,Monkeypox,115.96622698307335,31.652198738489393
Dedza,2024-10-21,167,Monkeypox,235.25787150137205,23.417493228855186
Dedza,2024-10-28,55,Monkeypox,9.893900874986429,30.85392016503198
Dedza,2024-11-04,104,Monkeypox,63.19204944120765,25.70750867683102
Dedza,2024-11-11,169,Monkeypox,203.1064232615611,27.865003958443992
Dedza,2024-11-18,149,Monkeypox,53.10254073583187,27.8583484190572
Dedza,2024-11-25,72,Monkeypox,92.73237640832637,16.722940745447744
Dedza,2024-12-02,90,Monkeypox,5.6203328469683065,25.032430795373486
Dedza,2024-12-09,81,Monkeypox,107.14910879612299,24.231380807769604
Dedza,2024-12-16,27,Monkeypox,40.54675303457242,19.51525004677543
Dedza,2024-12-23,138,Monkeypox,18.143586683029316,17.057463966072305
Dedza,2024-12-30,28,Monkeypox,199.8973086720901,20.792392996577945
Dedza,2025-01-06,91,Monkeypox,99.32224837180834,26.76463239889367
Dedza,2025-01-13,103,Monkeypox,61.32878327904148,16.391854537482565
Dedza,2025-01-20,134,Monkeypox,94.1588202937477,30.783111109571806
Dedza,2025-01-27,122,Monkeypox,173.84169716380816,21.94147338839724
Dedza,2025-02-03,66,Monkeypox,53.727609349179694,15.160019692970712
Dedza,2025-02-10,20,Monkeypox,34.783578698359655,17.301636755804207
Dedza,2025-02-17,71,Monkeypox,44.34971664982423,33.43357418787393
Dedza,2025-02-24,136,Monkeypox,202.7012832484523,29.691011634547444
Dedza,2025-03-03,113,Monkeypox,232.08141228608324,31.850050430040493
Dedza,2025-03-10,111,Monkeypox,108.64475054543293,21.293876761276884
Dedza,2025-03-17,30,Monkeypox,39.27786758841939,22.15215252378863
Dedza,2025-03-24,71,Monkeypox,190.1476017414835,18.642029804369912
Dedza,2025-03-31,18,Monkeypox,88.8479402477818,23.983876723340423
Dedza,2025-04-07,124,Monkeypox,186.80108329222054,19.747348464587965
Dedza,2025-04-14,54,Monkeypox,243.53381560253882,18.47930668313747
Dedza,2025-04-21,149,Monkeypox,169.59314868113913,33.21226752010502
Dedza,2025-04-28,168,Monkeypox,150.6372499142644,15.60732329278478
Dedza,2025-05-05,127,Monkeypox,111.79618852969514,33.90332281924117
Dedza,2025-05-12,173,Monkeypox,118.5486342039504,15.501618533412302
Dedza,2025-05-19,181,Monkeypox,121.96108553657479,28.986351479177536
Dedza,2025-05-26,187,Monkeypox,37.215613747867415,33.40790691797801
Dedza,2025-06-02,86,Monkeypox,93.95344813540177,24.00957906162154
Dedza,2025-06-09,52,Monkeypox,245.0105780794803,16.81921982855109
Dedza,2025-06-16,162,Monkeypox,70.27149669887316,19.819982853571574
Dedza,2025-06-23,149,Monkeypox,100.76371820794053,19.724526088540106
Dedza,2025-06-30,109,Monkeypox,157.2459065184574,16.20208368064385
Dedza,2025-07-07,119,Monkeypox,24.024714864619767,21.326910011214412
Dedza,2025-07-14,125,Monkeypox,0.12333844723319554,25.855483020670192
Dedza,2025-07-21,47,Monkeypox,91.3455371324812,21.66255162493896
Dedza,2025-07-28,197,Monkeypox,10.339777512969107,20.83231007767362
Dedza,2025-08-04,109,Monkeypox,158.41980848565265,33.54330852994531
Dedza,2025-08-11,126,Monkeypox,88.57686032508697,23.532657443018298
Dedza,2025-08-18,93,Monkeypox,167.45611218597222,18.401132368154197
Dedza,2025-08-25,100,Monkeypox,160.07716217376992,30.866483574250953
Dedza,2025-09-01,165,Monkeypox,116.79374658493057,28.07355680370667
Dedza,2025-09-08,59,Monkeypox,204.62731718255208,15.492820305275288
Dedza,2025-09-15,155,Monkeypox,212.42315585228437,20.812330632204464
Dedza,2025-09-22,126,Monkeypox,214.62802216590478,31.404613523920474
Dedza,2025-09-29,148,Monkeypox,28.13276514802729,23.079613004151017
Dedza,2025-10-06,149,Monkeypox,206.66655896843355,15.294057862361822
Dedza,2025-10-13,171,Monkeypox,41.83107841651654,17.527918030408806
Dowa,2024-01-01,934,Malaria,225.90676494532883,15.07930416768984
Dowa,2024-01-08,631,Malaria,206.05715230804316,28.79189533012348
Dowa,2024-01-15,958,Malaria,98.57738098130372,28.178760430357634
Dowa,2024-01-22,259,Malaria,124.28507861266525,22.307357564899103
Dowa,2024-01-29,536,Malaria,164.8646674636553,18.922415615356407
Dowa,2024-02-05,897,Malaria,186.9318674468503,20.382248610604883
Dowa,2024-02-12,1222,Malaria,88.22306578702627,32.08556678233062
Dowa,2024-02-19,865,Malaria,142.10969682710106,27.313319340628283
Dowa,2024-02-26,707,Malaria,186.08087441834553,16.77277636553624
Dowa,2024-03-04,257,Malaria,216.85400469517103,27.043062010088363
Dowa,2024-03-11,807,Malaria,43.34990164758371,18.97461471683352
Dowa,2024-03-18,602,Malaria,41.458104612606824,30.8065164560984
Dowa,2024-03-25,1170,Malaria,117.44539162561196,28.48802439109565
Dowa,2024-04-01,446,Malaria,214.78373853879572,30.36696267504624
Dowa,2024-04-08,659,Malaria,77.03906818589498,21.012186288511714
Dowa,2024-04-15,1466,Malaria,193.82679332730373,18.215962545067434
Dowa,2024-04-22,565,Malaria,166.67298137483053,33.861436779499435
Dowa,2024-04-29,679,Malaria,6.252378015968812,31.57512167939855
Dowa,2024-05-06,473,Malaria,88.61925725837472,22.49177607048231
Dowa,2024-05-13,111,Malaria,228.10856345492482,25.583945018048418
Dowa,2024-05-20,319,Malaria,122.75512720499543,27.528242446638707
Dowa,2024-05-27,1015,Malaria,197.63489004901052,24.207274388691907
Dowa,2024-06-03,1291,Malaria,215.8537344073228,21.025869946743306
Dowa,2024-06-10,245,Malaria,215.09661649161868,16.713039002146097
Dowa,2024-06-17,124,Malaria,169.98605090567233,24.77525003257266
Dowa,2024-06-24,287,Malaria,70.39303995512317,29.434695446077907
Dowa,2024-07-01,765,Malaria,171.26878407236433,30.024355989518423
Dowa,2024-07-08,144,Malaria,152.0759986149726,20.38765322602719
Dowa,2024-07-15,116,Malaria,176.49149814058572,31.3183809615892
Dowa,2024-07-22,829,Malaria,233.2978119093909,23.178495223509167
Dowa,2024-07-29,1010,Malaria,59.36122844198033,25.217971841918704
Dowa,2024-08-05,953,Malaria,125.59956760114227,20.87069375967758
Dowa,2024-08-12,322,Malaria,177.1936390878457,33.65673361018504
Dowa,2024-08-19,1230,Malaria,139.4227707800464,23.576544048935634
Dowa,2024-08-26,195,Malaria,214.40527667626932,23.58519139841693
Dowa,2024-09-02,273,Malaria,239.13813492792124,15.540340458364653
Dowa,2024-09-09,648,Malaria,87.30747585663762,25.05780615739654
Dowa,2024-09-16,748,Malaria,243.71235232310863,34.496624698244666
Dowa,2024-09-23,716,Malaria,30.153027189511572,33.53606167699493
Dowa,2024-09-30,1341,Malaria,18.08514270512146,20.918207158183336
Dowa,2024-10-07,903,Malaria,57.44604994083829,24.502875318671904
Dowa,2024-10-14,554,Malaria,1.7147139609984818,28.361069489472005
Dowa,2024-10-21,852,Malaria,135.61871484299533,15.58893188937561
Dowa,2024-10-28,535,Malaria,89.44270225722894,18.663664176899292
Dowa,2024-11-04,374,Malaria,153.6792655824174,26.34522463295685
Dowa,2024-11-11,239,Malaria,213.10223266945752,25.846907196744695
Dowa,2024-11-18,1000,Malaria,168.88420731616722,31.14524540847682
Dowa,2024-11-25,1164,Malaria,58.93768991544501,23.31119395492018
Dowa,2024-12-02,1140,Malaria,217.90374314347432,17.849978270763124
Dowa,2024-12-09,1223,Malaria,160.38438125583622,18.85361642295797
Dowa,2024-12-16,973,Malaria,104.13280423925411,20.84378591250549
Dowa,2024-12-23,275,Malaria,249.6121095458967,23.24456239894527
Dowa,2024-12-30,656,Malaria,160.78805092646704,15.930456994243347
Dowa,2025-01-06,679,Malaria,227.04692175854098,19.963725177183953
Dowa,2025-01-13,223,Malaria,73.02045661431336,16.46233028821374
Dowa,2025-01-20,269,Malaria,172.20784044954647,17.679001162071472
Dowa,2025-01-27,1070,Malaria,140.5957739697866,28.05394870119936
Dowa,2025-02-03,764,Malaria,211.67694627774964,24.06391005004835
Dowa,2025-02-10,807,Malaria,76.09491853122528,27.139630001405983
Dowa,2025-02-17,277,Malaria,54.03389555491661,20.867851598189358
Dowa,2025-02-24,558,Malaria,104.98976680444991,30.44987089620574
Dowa,2025-03-03,1327,Malaria,235.67124911342677,20.741781895851062
Dowa,2025-03-10,926,Malaria,15.117823532755647,28.520400844503836
Dowa,2025-03-17,738,Malaria,74.62592323037998,19.636264923411435
Dowa,2025-03-24,117,Malaria,209.265413034868,32.40802463869586
Dowa,2025-03-31,386,Malaria,133.9980612126311,27.86871217095917
Dowa,2025-04-07,593,Malaria,80.8617941794435,22.2469864674505
Dowa,2025-04-14,1496,Malaria,213.10137244398325,17.673627069155994
Dowa,2025-04-21,395,Malaria,141.727333853823,22.919271273614836
Dowa,2025-04-28,547,Malaria,31.75591575802858,19.461322710673784
Dowa,2025-05-05,727,Malaria,150.23296126536692,22.313234437966507
Dowa,2025-05-12,950,Malaria,203.21021665782084,31.981907378683086
Dowa,2025-05-19,925,Malaria,40.46756991857467,30.822461441746526
Dowa,2025-05-26,850,Malaria,223.24129718156075,26.127562909069063
Dowa,2025-06-02,1475,Malaria,153.91664207141082,15.132213709319922
Dowa,2025-06-09,1452,Malaria,209.71847133948953,18.81474032947299
Dowa,2025-06-16,1446,Malaria,8.436414786588935,27.358316712378645
Dowa,2025-06-23,799,Malaria,41.52615547142491,17.754170692976857
Dowa,2025-06-30,407,Malaria,198.03146850425117,29.901600602230545
Dowa,2025-07-07,168,Malaria,11.130824789813476,15.098706312910643
Dowa,2025-07-14,599,Malaria,123.93553689083889,29.807728125013686
Dowa,2025-07-21,1195,Malaria,23.11194774437231,17.030122937427393
Dowa,2025-07-28,1308,Malaria,140.878798974422,25.688096338447302
Dowa,2025-08-04,191,Malaria,178.69440617106633,26.4322731887421
Dowa,2025-08-11,385,Malaria,210.1969050372896,27.68685965377099
Dowa,2025-08-18,581,Malaria,95.99443259309132,16.348117896129317
Dowa,2025-08-25,1269,Malaria,10.254680456822902,25.578975067198055
Dowa,2025-09-01,851,Malaria,140.65866789051532,16.476992006741078
Dowa,2025-09-08,921,Malaria,155.6229685664234,30.547532088936798
Dowa,2025-09-15,1287,Malaria,209.62100086982036,15.656603339379345
Dowa,2025-09-22,710,Malaria,82.96189255834763,32.203989776644455
Dowa,2025-09-29,1144,Malaria,155.13390553545455,20.83582018269721
Dowa,2025-10-06,1100,Malaria,142.64344418857618,23.57337870065166
Dowa,2025-10-13,1374,Malaria,53.96003582276085,31.093719263205763
Dowa,2024-01-01,670,Cholera,52.54937109425062,30.52028734357479
Dowa,2024-01-08,456,Cholera,110.53980077195914,23.047331557741078
Dowa,2024-01-15,505,Cholera,141.45503671931655,22.729494557710787
Dowa,2024-01-22,618,Cholera,124.207111204142,23.96621182469835
Dowa,2024-01-29,119,Cholera,249.9818096545441,24.032799359710108
Dowa,2024-02-05,290,Cholera,246.66861806148364,31.502152859783166
Dowa,2024-02-12,332,Cholera,179.46675136677067,15.131245884319224
Dowa,2024-02-19,490,Cholera,16.288542864318302,32.12409501414892
Dowa,2024-02-26,610,Cholera,23.028527449152236,25.409416379716603
Dowa,2024-03-04,137,Cholera,3.867423766404421,30.9284422619467
Dowa,2024-03-11,229,Cholera,51.99239089629959,15.540079555791488
Dowa,2024-03-18,352,Cholera,42.26528945304142,23.246967092702025
Dowa,2024-03-25,564,Cholera,34.36973905214499,23.278955320954402
Dowa,2024-04-01,294,Cholera,61.80779267745481,18.889070948471222
Dowa,2024-04-08,196,Cholera,10.002570735199084,15.751784506511646
Dowa,2024-04-15,342,Cholera,136.54514210304166,29.32389112119212
Dowa,2024-04-22,51,Cholera,76.2763287811184,23.3493035839252
Dowa,2024-04-29,423,Cholera,212.8902024208723,16.631406863792794
Dowa,2024-05-06,616,Cholera,95.57956472664475,18.97391567031982
Dowa,2024-05-13,169,Cholera,163.85020129454708,34.788777443945946
Dowa,2024-05-20,317,Cholera,67.97065301886553,26.959431507017168
Dowa,2024-05-27,88,Cholera,101.3793518300826,19.719864791296096
Dowa,2024-06-03,419,Cholera,148.985113701481,27.510889821817155
Dowa,2024-06-10,362,Cholera,129.78727293153142,15.942359272646069
Dowa,2024-06-17,573,Cholera,96.67279434997539,17.178021253610027
Dowa,2024-06-24,414,Cholera,0.18218589820639952,32.16804974349743
Dowa,2024-07-01,546,Cholera,123.74098919480237,34.177823579653136
Dowa,2024-07-08,385,Cholera,231.22250152034735,27.917374171413314
Dowa,2024-07-15,578,Cholera,7.693224144229544,16.041670912110924
Dowa,2024-07-22,299,Cholera,131.01157617356125,16.168558513477137
Dowa,2024-07-29,648,Cholera,11.715348110153428,25.687649346611323
Dowa,2024-08-05,159,Cholera,9.530412473003125,33.920491518248696
Dowa,2024-08-12,565,Cholera,106.0372744564252,24.08845620830658
Dowa,2024-08-19,53,Cholera,55.921599575082695,24.17399202009829
Dowa,2024-08-26,277,Cholera,64.1992429499634,17.416235854836227
Dowa,2024-09-02,678,Cholera,62.199321928744304,27.33792988883256
Dowa,2024-09-09,372,Cholera,21.319824569648095,28.43437359988788
Dowa,2024-09-16,181,Cholera,104.86040552602385,32.104872130355496
Dowa,2024-09-23,180,Cholera,204.39665041577695,24.623508577238375
Dowa,2024-09-30,222,Cholera,175.71542475995577,31.80563425478596
Dowa,2024-10-07,561,Cholera,40.17038883309601,34.97436834757371
Dowa,2024-10-14,495,Cholera,171.70676664076285,22.108654328254712
Dowa,2024-10-21,58,Cholera,191.75899693841205,27.63498298233514
Dowa,2024-10-28,184,Cholera,228.4297280883859,21.28740837877402
Dowa,2024-11-04,281,Cholera,187.28115801901788,23.546408016966762
Dowa,2024-11-11,573,Cholera,128.70706303397938,18.008317066155545
Dowa,2024-11-18,675,Cholera,147.36681755618474,17.46414192403813
Dowa,2024-11-25,620,Cholera,160.2907194468074,18.590620446280823
Dowa,2024-12-02,569,Cholera,222.06034870250508,15.758654227680026
Dowa,2024-12-09,682,Cholera,60.13602880326757,19.938772569770467
Dowa,2024-12-16,210,Cholera,40.611143162722904,31.446346447541988
Dowa,2024-12-23,61,Cholera,89.86729647733257,20.296246547041697
Dowa,2024-12-30,55,Cholera,171.00930643355753,25.533965260696412
Dowa,2025-01-06,153,Cholera,51.46566816379527,19.90834392022446
Dowa,2025-01-13,292,Cholera,249.95887957782003,19.257181972439284
Dowa,2025-01-20,314,Cholera,236.54820542736266,17.06785246393801
Dowa,2025-01-27,123,Cholera,109.35619329249619,19.17391857628757
Dowa,2025-02-03,424,Cholera,175.19436632327637,26.851404573353182
Dowa,2025-02-10,165,Cholera,53.05483383187287,16.165247425607753
Dowa,2025-02-17,317,Cholera,224.0096998307466,18.354890523823904
Dowa,2025-02-24,251,Cholera,86.75916352649615,31.482493079304607
Dowa,2025-03-03,424,Cholera,39.20494634640581,15.152580395321094
Dowa,2025-03-10,645,Cholera,62.10509895104449,31.341303323292134
Dowa,2025-03-17,432,Cholera,203.1192291693634,31.82451240661151
Dowa,2025-03-24,612,Cholera,34.522768880768275,19.12366492123514
Dowa,2025-03-31,51,Cholera,212.16894520724782,29.45493539469764
Dowa,2025-04-07,261,Cholera,44.2638636550686,25.24246604685878
Dowa,2025-04-14,161,Cholera,93.31720740795183,19.257048755912713
Dowa,2025-04-21,259,Cholera,209.66160936664392,33.78649682161745
Dowa,2025-04-28,325,Cholera,211.73125301331862,31.07989445494876
Dowa,2025-05-05,574,Cholera,1.025351188719159,27.748845204921288
Dowa,2025-05-12,57,Cholera,32.71353132173746,17.824163036948228
Dowa,2025-05-19,674,Cholera,64.70663594274633,16.06166853695175
Dowa,2025-05-26,261,Cholera,70.46025259427832,26.761980380414627
Dowa,2025-06-02,460,Cholera,81.73480540045917,30.16040068595224
Dowa,2025-06-09,505,Cholera,109.51725006448216,33.8067086332334
Dowa,2025-06-16,678,Cholera,175.08096587111936,17.994687526019128
Dowa,2025-06-23,210,Cholera,225.1564620459032,19.379312112981182
Dowa,2025-06-30,374,Cholera,167.31670815089964,19.620435301298386
Dowa,2025-07-07,584,Cholera,129.5003105263486,15.442920594967491
Dowa,2025-07-14,435,Cholera,240.59422538250868,25.41546643359829
Dowa,2025-07-21,488,Cholera,43.262263504542844,21.421220684909702
Dowa,2025-07-28,244,Cholera,41.041081151507505,30.40738332375576
Dowa,2025-08-04,395,Cholera,16.950240034498798,20.788991759483757
Dowa,2025-08-11,559,Cholera,90.55465025958783,23.39488994090059
Dowa,2025-08-18,419,Cholera,31.730117879663954,24.130757482627097
Dowa,2025-08-25,170,Cholera,240.25789564467166,29.850310761977816
Dowa,2025-09-01,241,Cholera,31.666029099355924,24.17285809133503
Dowa,2025-09-08,163,Cholera,131.52827037319747,28.272314784959363
Dowa,2025-09-15,100,Cholera,228.68812114352153,33.73438749241778
Dowa,2025-09-22,359,Cholera,186.7281406705546,23.375193707808712
Dowa,2025-09-29,136,Cholera,208.5453003005894,23.70059087176113
Dowa,2025-10-06,424,Cholera,130.54129112912892,26.526061045358205
Dowa,2025-10-13,662,Cholera,243.2973310754125,21.125447755624478
Dowa,2024-01-01,137,Monkeypox,228.7677824045373,21.424133996124525
Dowa,2024-01-08,104,Monkeypox,217.31856933138783,23.274741746740663
Dowa,2024-01-15,176,Monkeypox,100.22893509174489,34.67529689189857
Dowa,2024-01-22,108,Monkeypox,249.2410178154214,33.535357451955605
Dowa,2024-01-29,143,Monkeypox,237.4790417592387,33.58647270562582
Dowa,2024-02-05,165,Monkeypox,72.36163023173067,21.01161010185683
Dowa,2024-02-12,46,Monkeypox,143.4224470677597,19.371896050200963
Dowa,2024-02-19,149,Monkeypox,128.6681454570111,19.176176052781205
Dowa,2024-02-26,193,Monkeypox,186.58389472626325,18.13911204093058
Dowa,2024-03-04,51,Monkeypox,157.20830405459995,15.42195312819197
Dowa,2024-03-11,88,Monkeypox,249.13685576297414,29.784962606084406
Dowa,2024-03-18,140,Monkeypox,199.96776094549443,21.098418807484695
Dowa,2024-03-25,118,Monkeypox,72.30793562616667,17.84044947215244
Dowa,2024-04-01,94,Monkeypox,15.340599794343046,23.488855080960548
Dowa,2024-04-08,151,Monkeypox,71.0429760317982,21.903697183070705
Dowa,2024-04-15,117,Monkeypox,231.45061010442743,29.598071869963693
Dowa,2024-04-22,69,Monkeypox,198.35937820906443,33.72549881731314
Dowa,2024-04-29,54,Monkeypox,3.6867299566084313,17.728379466209642
Dowa,2024-05-06,123,Monkeypox,93.0338658337416,21.637737322441915
Dowa,2024-05-13,153,Monkeypox,228.2908443133086,25.28855102936677
Dowa,2024-05-20,35,Monkeypox,213.89938588358217,29.54454704572583
Dowa,2024-05-27,144,Monkeypox,205.54079815607426,30.60299446494034
Dowa,2024-06-03,189,Monkeypox,23.472936467598487,34.880449299259865
Dowa,2024-06-10,182,Monkeypox,225.08995420432475,17.73385514488901
Dowa,2024-06-17,150,Monkeypox,71.99862041763649,30.622752215018128
Dowa,2024-06-24,28,Monkeypox,31.21253517717626,30.39958153093988
Dowa,2024-07-01,31,Monkeypox,157.77926340825428,22.830082532938064
Dowa,2024-07-08,124,Monkeypox,170.40504636019293,33.909406602952316
Dowa,2024-07-15,146,Monkeypox,140.6523197712512,17.438976057201867
Dowa,2024-07-22,36,Monkeypox,157.17063078656116,33.72594647139975
Dowa,2024-07-29,118,Monkeypox,244.9829929547335,26.748520848741908
Dowa,2024-08-05,187,Monkeypox,240.54034591195318,25.68208391440318
Dowa,2024-08-12,104,Monkeypox,14.194979540655295,26.2458973129193
Dowa,2024-08-19,193,Monkeypox,142.3753785824886,23.499577652111075
Dowa,2024-08-26,52,Monkeypox,201.26682300739427,23.253458065363578
Dowa,2024-09-02,141,Monkeypox,207.76317873786653,22.78403377744008
Dowa,2024-09-09,111,Monkeypox,98.9645628743313,23.925969150144653
Dowa,2024-09-16,31,Monkeypox,144.1812461684237,34.16440201632924
Dowa,2024-09-23,194,Monkeypox,12.8099388813242,25.90085171151231
Dowa,2024-09-30,170,Monkeypox,248.94242075833927,28.17936830288495
Dowa,2024-10-07,23,Monkeypox,142.59644733231025,34.458142555943
Dowa,2024-10-14,166,Monkeypox,76.31310483392134,26.82020228587395
Dowa,2024-10-21,190,Monkeypox,89.20570844958206,30.26629418350442
Dowa,2024-10-28,169,Monkeypox,22.165341031058688,20.601141184951793
Dowa,2024-11-04,170,Monkeypox,229.99662707112978,32.52424670419353
Dowa,2024-11-11,176,Monkeypox,244.87133599744445,31.425942468722972
Dowa,2024-11-18,49,Monkeypox,231.94603870023292,33.30093025453824
Dowa,2024-11-25,58,Monkeypox,125.53116289044056,18.413870164617904
Dowa,2024-12-02,118,Monkeypox,192.0079363472065,24.806078242489313
Dowa,2024-12-09,64,Monkeypox,20.605055952576418,21.953071722806285
Dowa,2024-12-16,56,Monkeypox,133.8521397459463,19.63010548267331
Dowa,2024-12-23,176,Monkeypox,100.58360388965312,25.546443318785563
Dowa,2024-12-30,94,Monkeypox,11.510560518737611,24.971069396658045
Dowa,2025-01-06,46,Monkeypox,204.70633164780114,21.692639411985596
Dowa,2025-01-13,68,Monkeypox,130.0331066279227,31.396058266220596
Dowa,2025-01-20,66,Monkeypox,199.96508881874675,21.65823610093078
Dowa,2025-01-27,32,Monkeypox,101.33921655368397,29.528669891965574
Dowa,2025-02-03,188,Monkeypox,208.70233008052296,23.617636536705756
Dowa,2025-02-10,105,Monkeypox,21.19157423419252,31.3320141678266
Dowa,2025-02-17,78,Monkeypox,113.60598985161933,33.089784366326455
Dowa,2025-02-24,170,Monkeypox,27.613016376734272,29.39967259477677
Dowa,2025-03-03,11,Monkeypox,163.7969711753985,15.074561331106878
Dowa,2025-03-10,176,Monkeypox,246.39457657468841,30.731172792768326
Dowa,2025-03-17,161,Monkeypox,18.409935894026617,18.8459925782864
Dowa,2025-03-24,196,Monkeypox,110.61795518229,31.78870821590857
Dowa,2025-03-31,105,Monkeypox,236.88433591613529,27.034117450228752
Dowa,2025-04-07,56,Monkeypox,211.3235733806514,15.85132265819196
Dowa,2025-04-14,71,Monkeypox,80.66408852761866,20.27638327279953
Dowa,2025-04-21,139,Monkeypox,140.87458358697387,22.917639107890512
Dowa,2025-04-28,126,Monkeypox,134.44459069173251,34.30842460722796
Dowa,2025-05-05,32,Monkeypox,167.17231952924368,25.399520036984136
Dowa,2025-05-12,80,Monkeypox,161.631337880525,17.971807767888098
Dowa,2025-05-19,112,Monkeypox,97.83819435002277,16.354758505040607
Dowa,2025-05-26,100,Monkeypox,218.64504908524566,25.319372763538702
Dowa,2025-06-02,45,Monkeypox,201.69494492695637,17.0015831787459
Dowa,2025-06-09,120,Monkeypox,21.414706883996796,26.340932647616135
Dowa,2025-06-16,82,Monkeypox,224.72039161260892,28.149155629521964
Dowa,2025-06-23,139,Monkeypox,112.0354322944383,33.34948269293635
Dowa,2025-06-30,86,Monkeypox,70.86404941482061,25.509728925048808
Dowa,2025-07-07,91,Monkeypox,193.02099868346818,22.9842401146201
Dowa,2025-07-14,51,Monkeypox,194.31085374022243,32.62614310689857
Dowa,2025-07-21,83,Monkeypox,168.37161248959353,17.3160114273581
Dowa,2025-07-28,59,Monkeypox,150.21928336257935,20.66793175502039
Dowa,2025-08-04,17,Monkeypox,79.04379206902432,29.676986233304728
Dowa,2025-08-11,96,Monkeypox,7.263972134750246,25.952328716570563
Dowa,2025-08-18,134,Monkeypox,62.00023166036544,33.51122038006395
Dowa,2025-08-25,144,Monkeypox,224.91939395833796,32.443001740272464
Dowa,2025-09-01,119,Monkeypox,114.80968232039163,20.67115092801326
Dowa,2025-09-08,49,Monkeypox,171.17902634241247,18.65559931449242
Dowa,2025-09-15,149,Monkeypox,218.84141223400562,23.170420174145466
Dowa,2025-09-22,158,Monkeypox,80.53541386206132,25.841295757058454
Dowa,2025-09-29,196,Monkeypox,49.8290735964278,26.535349492769356
Dowa,2025-10-06,22,Monkeypox,188.71388325889004,32.4837400214356
Dowa,2025-10-13,83,Monkeypox,106.4069364303478,23.48221078121539
Karonga,2024-01-01,877,Malaria,144.55087706582444,30.724009116365206
Karonga,2024-01-08,337,Malaria,9.012212079227949,32.26073660449573
Karonga,2024-01-15,800,Malaria,7.292169744588323,33.47453402209308
Karonga,2024-01-22,1365,Malaria,190.07968594514213,21.088482013004366
Karonga,2024-01-29,295,Malaria,133.5672992126521,29.388376176378152
Karonga,2024-02-05,580,Malaria,232.4787354627552,21.175584234575993
Karonga,2024-02-12,673,Malaria,20.046423803931624,31.932047817551695
Karonga,2024-02-19,837,Malaria,177.82363101881967,25.43566224503671
Karonga,2024-02-26,624,Malaria,65.1503279482086,29.41599482835626
Karonga,2024-03-04,482,Malaria,139.39701565698533,23.83082466413223
Karonga,2024-03-11,1406,Malaria,118.67097143596844,29.623245295635527
Karonga,2024-03-18,583,Malaria,169.79592512077275,17.974546692113005
Karonga,2024-03-25,511,Malaria,228.15029079249328,24.75692236239211
Karonga,2024-04-01,128,Malaria,172.67141020024485,18.218512818836924
Karonga,2024-04-08,710,Malaria,97.22854725427501,33.989262378436244
Karonga,2024-04-15,670,Malaria,154.59378579045787,30.158303285180985
Karonga,2024-04-22,843,Malaria,226.8795493508464,15.0928880045087
Karonga,2024-04-29,609,Malaria,149.4477489147353,26.121183061470646
Karonga,2024-05-06,651,Malaria,165.0044560569665,18.867049003059716
Karonga,2024-05-13,931,Malaria,21.41270298165532,31.229242962724946
Karonga,2024-05-20,366,Malaria,107.24429923060508,18.142013386520347
Karonga,2024-05-27,698,Malaria,80.49134128890783,20.530013498181354
Karonga,2024-06-03,1001,Malaria,2.820452800351758,25.078752856543083
Karonga,2024-06-10,1265,Malaria,197.64530024738556,29.210855831151783
Karonga,2024-06-17,732,Malaria,214.27073475722554,19.878370178475485
Karonga,2024-06-24,106,Malaria,147.30627428820554,27.68854010710691
Karonga,2024-07-01,665,Malaria,131.0587744989034,15.035968201615951
Karonga,2024-07-08,1189,Malaria,228.16314618421634,17.25307866795733
Karonga,2024-07-15,394,Malaria,136.58838424533036,20.58048627541332
Karonga,2024-07-22,498,Malaria,28.03943442221607,18.926558753065667
Karonga,2024-07-29,185,Malaria,21.590930984810576,18.963977659054276
Karonga,2024-08-05,1059,Malaria,172.86532040156996,24.21809232660958
Karonga,2024-08-12,924,Malaria,151.75221522916257,18.873325417152408
Karonga,2024-08-19,1165,Malaria,27.109837150455977,29.394135629264113
Karonga,2024-08-26,238,Malaria,193.31555602815249,23.546514251405654
Karonga,2024-09-02,226,Malaria,152.9345226684736,24.62553692122901
Karonga,2024-09-09,327,Malaria,0.046902252324926286,28.924728479966184
Karonga,2024-09-16,1055,Malaria,66.28764203000262,21.79794843880407
Karonga,2024-09-23,1493,Malaria,223.21644086679203,26.780779393778715
Karonga,2024-09-30,1165,Malaria,146.09609576045727,34.279343874011204
Karonga,2024-10-07,1020,Malaria,131.83504776498557,26.722469673548034
Karonga,2024-10-14,1137,Malaria,130.65810605670947,21.28870356675734
Karonga,2024-10-21,419,Malaria,104.57027033595298,28.884963186465818
Karonga,2024-10-28,683,Malaria,231.8566811545836,22.542122273595403
Karonga,2024-11-04,1425,Malaria,118.3188898909367,27.061660517262464
Karonga,2024-11-11,940,Malaria,147.58939547011988,30.5696098039128
Karonga,2024-11-18,589,Malaria,206.86614458463885,29.691917267968176
Karonga,2024-11-25,206,Malaria,26.282153445873508,16.21929083610617
Karonga,2024-12-02,784,Malaria,40.031428371511666,17.09281356267486
Karonga,2024-12-09,498,Malaria,96.08426226837405,21.729696069458175
Karonga,2024-12-16,1324,Malaria,208.09062471698886,34.84196388887892
Karonga,2024-12-23,247,Malaria,8.6647481888453,25.969073079551
Karonga,2024-12-30,648,Malaria,156.21659129719404,23.84241672646688
Karonga,2025-01-06,643,Malaria,246.93846296884746,20.91849529751223
Karonga,2025-01-13,370,Malaria,223.90514648679246,27.71512800511328
Karonga,2025-01-20,945,Malaria,122.40585984490923,23.628783459715173
Karonga,2025-01-27,753,Malaria,125.6841293934022,26.979864363111638
Karonga,2025-02-03,818,Malaria,106.90986911293993,27.528998664384233
Karonga,2025-02-10,287,Malaria,5.363005043926478,19.0267700996353
Karonga,2025-02-17,251,Malaria,212.57757166143662,23.493120365807243
Karonga,2025-02-24,1476,Malaria,113.51818550662732,30.512557072830635
Karonga,2025-03-03,824,Malaria,97.92095071947149,27.28727024900146
Karonga,2025-03-10,686,Malaria,1.5746156455434535,30.90815249128782
Karonga,2025-03-17,921,Malaria,157.8002333201555,18.87134508604752
Karonga,2025-03-24,330,Malaria,111.33826300294622,30.757918563465637
Karonga,2025-03-31,669,Malaria,181.98235577763415,32.918116478942
Karonga,2025-04-07,1126,Malaria,66.02989870865895,24.627903641791857
Karonga,2025-04-14,1142,Malaria,27.65077856288045,19.057688057451806
Karonga,2025-04-21,1298,Malaria,145.8087334046899,15.779906743480055
Karonga,2025-04-28,562,Malaria,111.52066447956824,27.34442535515106
Karonga,2025-05-05,942,Malaria,63.42330878790833,25.52367114737828
Karonga,2025-05-12,1284,Malaria,18.964522153887692,21.458784568194194
Karonga,2025-05-19,783,Malaria,30.992415118274884,32.260521116195434
Karonga,2025-05-26,1222,Malaria,216.37909642713532,28.62792087970125
Karonga,2025-06-02,716,Malaria,25.80186361505049,25.89714697866204
Karonga,2025-06-09,808,Malaria,137.6820517959089,24.97232718053248
Karonga,2025-06-16,353,Malaria,166.0094426351547,34.40475396303968
Karonga,2025-06-23,267,Malaria,155.13018085219298,26.17074630422762
Karonga,2025-06-30,869,Malaria,149.72127721398917,24.253146921029668
Karonga,2025-07-07,236,Malaria,227.01816607701372,18.553392754556445
Karonga,2025-07-14,1474,Malaria,25.019814859383676,29.943467154575874
Karonga,2025-07-21,742,Malaria,59.453113937797035,27.949497238649432
Karonga,2025-07-28,1312,Malaria,35.543070296318206,16.20173165851507
Karonga,2025-08-04,1204,Malaria,170.04117264326703,16.985144461029286
Karonga,2025-08-11,576,Malaria,176.9890536710874,31.80321504389473
Karonga,2025-08-18,1122,Malaria,158.66986617941978,30.58642277945244
Karonga,2025-08-25,813,Malaria,29.221399424909173,30.356404070260083
Karonga,2025-09-01,604,Malaria,210.8781853427181,33.679387815192456
Karonga,2025-09-08,115,Malaria,22.87943596703415,33.931106005347445
Karonga,2025-09-15,1475,Malaria,57.07525606955663,28.478571914117943
Karonga,2025-09-22,116,Malaria,224.88885046281501,23.76039859163494
Karonga,2025-09-29,1345,Malaria,90.08582300222895,28.90908740575135
Karonga,2025-10-06,862,Malaria,203.72371983319746,19.296518378954893
Karonga,2025-10-13,528,Malaria,22.248504118878188,23.273664408980963
Karonga,2024-01-01,112,Cholera,215.1447373063547,15.13717064941416
Karonga,2024-01-08,318,Cholera,195.3094264985318,21.606252530700885
Karonga,2024-01-15,618,Cholera,184.17096380733355,21.07526337214285
Karonga,2024-01-22,408,Cholera,161.1352800141821,33.270413413937376
Karonga,2024-01-29,296,Cholera,55.29580652914459,15.522384562537786
Karonga,2024-02-05,399,Cholera,99.68577186586653,34.88987229168591
Karonga,2024-02-12,156,Cholera,155.72020693131645,15.89779135578578
Karonga,2024-02-19,209,Cholera,67.21464296253332,25.874693476599916
Karonga,2024-02-26,428,Cholera,167.81195926526436,33.0050703997743
Karonga,2024-03-04,460,Cholera,135.9857163415441,22.697172325947335
Karonga,2024-03-11,172,Cholera,194.09323007260195,19.91973214513502
Karonga,2024-03-18,327,Cholera,46.86189486580736,17.055679397003388
Karonga,2024-03-25,450,Cholera,160.29884897554598,25.776609515697615
Karonga,2024-04-01,674,Cholera,137.71173880241827,19.18068134924949
Karonga,2024-04-08,622,Cholera,18.70944307867642,21.27787594986876
Karonga,2024-04-15,591,Cholera,212.4599598117103,32.581747078746645
Karonga,2024-04-22,228,Cholera,200.297565756934,20.348256578458873
Karonga,2024-04-29,372,Cholera,57.07554705529905,23.020564522842154
Karonga,2024-05-06,219,Cholera,145.50561939218176,34.84216002394222
Karonga,2024-05-13,461,Cholera,39.391303477123245,34.03063835941877
Karonga,2024-05-20,506,Cholera,243.11530284989874,33.70272821354162
Karonga,2024-05-27,342,Cholera,165.7646297790897,33.49931619229952
Karonga,2024-06-03,290,Cholera,92.82730197933573,15.186535009530607
Karonga,2024-06-10,145,Cholera,138.6296186457226,16.372014769563556
Karonga,2024-06-17,359,Cholera,96.75864292072322,24.14929232494906
Karonga,2024-06-24,555,Cholera,233.8616740905225,25.80708242814999
Karonga,2024-07-01,420,Cholera,134.82502689217682,25.241107971623713
Karonga,2024-07-08,100,Cholera,194.1038506522117,30.563322171490917
Karonga,2024-07-15,338,Cholera,181.39425931229817,23.340504415183133
Karonga,2024-07-22,153,Cholera,223.85919164203412,20.825303588474974
Karonga,2024-07-29,211,Cholera,237.39038584853938,25.504509190967443
Karonga,2024-08-05,443,Cholera,108.49691183457405,22.96778353667887
Karonga,2024-08-12,609,Cholera,153.49432063512154,17.959875543601733
Karonga,2024-08-19,91,Cholera,204.4812288514752,34.72226197965465
Karonga,2024-08-26,214,Cholera,187.66036379532218,29.97110090669056
Karonga,2024-09-02,529,Cholera,92.80292433724038,21.851199103727588
Karonga,2024-09-09,508,Cholera,136.0871866545898,20.77261171462674
Karonga,2024-09-16,695,Cholera,199.6896469167056,32.90292752824121
Karonga,2024-09-23,74,Cholera,106.00920234051046,16.36626304844649
Karonga,2024-09-30,92,Cholera,82.96478064145305,26.49493320333238
Karonga,2024-10-07,596,Cholera,193.87808373532346,16.80294453041397
Karonga,2024-10-14,369,Cholera,85.86914048687305,16.839066949481946
Karonga,2024-10-21,544,Cholera,83.18543738301196,27.17379664524117
Karonga,2024-10-28,288,Cholera,156.84588249306054,24.65216639046931
Karonga,2024-11-04,160,Cholera,230.74342195913852,18.19901178555738
Karonga,2024-11-11,336,Cholera,98.19587230326127,34.82048599385406
Karonga,2024-11-18,262,Cholera,176.64158513755555,30.344271427343866
Karonga,2024-11-25,667,Cholera,142.5362104994787,26.886471868990515
Karonga,2024-12-02,106,Cholera,186.21229744845814,24.549699123590656
Karonga,2024-12-09,528,Cholera,245.3210452989416,28.089292319460476
Karonga,2024-12-16,140,Cholera,184.50595193188258,20.855844003030178
Karonga,2024-12-23,477,Cholera,83.08363152745008,19.36912889611321
Karonga,2024-12-30,629,Cholera,26.102457951911518,17.29018378456922
Karonga,2025-01-06,521,Cholera,100.18466760882222,24.87812142942753
Karonga,2025-01-13,546,Cholera,125.9632200519768,34.169368612221035
Karonga,2025-01-20,434,Cholera,104.95926190092045,15.989741706617211
Karonga,2025-01-27,638,Cholera,244.47742759396107,20.50065181585574
Karonga,2025-02-03,539,Cholera,124.36081926890364,21.117108642805363
Karonga,2025-02-10,182,Cholera,186.19911334314003,28.20019549951385
Karonga,2025-02-17,362,Cholera,227.448341169411,29.450316210270095
Karonga,2025-02-24,408,Cholera,102.75251417942552,20.577463227152332
Karonga,2025-03-03,221,Cholera,218.41261957949908,34.9104243058687
Karonga,2025-03-10,433,Cholera,128.36725712025492,20.268847482970347
Karonga,2025-03-17,661,Cholera,97.01323502018155,21.946082980399844
Karonga,2025-03-24,338,Cholera,197.28068679338475,32.49986254707977
Karonga,2025-03-31,166,Cholera,120.60821043428498,17.40624839755905
Karonga,2025-04-07,460,Cholera,132.47400196345075,18.944203447265778
Karonga,2025-04-14,589,Cholera,238.52786096736256,15.900314993074353
Karonga,2025-04-21,623,Cholera,16.695978452748143,27.81559953939004
Karonga,2025-04-28,311,Cholera,60.38910975923403,24.314753216706443
Karonga,2025-05-05,684,Cholera,52.431147311640416,20.65120818412553
Karonga,2025-05-12,458,Cholera,135.99383222697273,25.95837671408951
Karonga,2025-05-19,166,Cholera,3.5657485771135864,15.516524725295422
Karonga,2025-05-26,485,Cholera,49.02362892595441,34.47898682196552
Karonga,2025-06-02,588,Cholera,105.03648908791918,32.72833178445241
Karonga,2025-06-09,85,Cholera,215.0439052602192,16.169232167344234
Karonga,2025-06-16,168,Cholera,131.9926241744939,15.628162002133351
Karonga,2025-06-23,566,Cholera,248.9222313744151,23.062683133047145
Karonga,2025-06-30,139,Cholera,228.1613769792084,24.453597567111125
Karonga,2025-07-07,246,Cholera,186.96753093863063,24.55795711644104
Karonga,2025-07-14,65,Cholera,52.39627444787281,20.800931805657953
Karonga,2025-07-21,583,Cholera,2.04230065153041,30.262984808900093
Karonga,2025-07-28,425,Cholera,120.45819953787435,29.21445283859547
Karonga,2025-08-04,203,Cholera,113.14340896481615,32.32610519059098
Karonga,2025-08-11,352,Cholera,56.23143254045274,24.240621710069007
Karonga,2025-08-18,648,Cholera,204.10050305863774,21.076420764281334
Karonga,2025-08-25,586,Cholera,211.2743289161313,18.35546142542157
Karonga,2025-09-01,461,Cholera,107.72512357484531,31.407511919450744
Karonga,2025-09-08,621,Cholera,130.3209790610054,17.00337217300175
Karonga,2025-09-15,159,Cholera,141.04786587751178,18.116916937951125
Karonga,2025-09-22,225,Cholera,218.03249105570526,31.492634388134416
Karonga,2025-09-29,169,Cholera,156.44121616723993,26.450926756975914
Karonga,2025-10-06,231,Cholera,103.75369260772557,30.998790142170577
Karonga,2025-10-13,240,Cholera,241.09291177146463,32.05635036942012
Karonga,2024-01-01,142,Monkeypox,119.07089863981984,32.53031779773375
Karonga,2024-01-08,194,Monkeypox,212.5008438060506,31.30925491255905
Karonga,2024-01-15,144,Monkeypox,177.97639401118738,22.904386272260883
Karonga,2024-01-22,119,Monkeypox,16.52755342465545,33.00505791237424
Karonga,2024-01-29,79,Monkeypox,125.76537737770654,20.152705813543655
Karonga,2024-02-05,177,Monkeypox,146.2053350689748,27.030248760108485
Karonga,2024-02-12,165,Monkeypox,92.8072949478225,23.34026543672831
Karonga,2024-02-19,36,Monkeypox,36.24971036465091,17.356499217629185
Karonga,2024-02-26,173,Monkeypox,87.146397872879,22.073157238825942
Karonga,2024-03-04,82,Monkeypox,249.40217588414782,23.272639146913114
Karonga,2024-03-11,147,Monkeypox,160.893701800446,23.744255270193918
Karonga,2024-03-18,94,Monkeypox,184.40770156161835,21.402873095613707
Karonga,2024-03-25,81,Monkeypox,178.53734838734482,32.250971204079804
Karonga,2024-04-01,181,Monkeypox,235.52299688009958,26.39675563594383
Karonga,2024-04-08,37,Monkeypox,201.10803043317947,15.434913770864922
Karonga,2024-04-15,58,Monkeypox,50.37172788154684,19.699378161810884
Karonga,2024-04-22,34,Monkeypox,182.98573665237726,19.36442082613904
Karonga,2024-04-29,58,Monkeypox,106.02813828393262,34.304616844178994
Karonga,2024-05-06,98,Monkeypox,104.43228525413409,18.99886762934366
Karonga,2024-05-13,20,Monkeypox,75.00207351950972,29.710531153661176
Karonga,2024-05-20,174,Monkeypox,222.62772348273958,27.250466207510982
Karonga,2024-05-27,94,Monkeypox,89.10920856802268,21.008960965113868
Karonga,2024-06-03,61,Monkeypox,36.53593232254765,24.0234332717066
Karonga,2024-06-10,76,Monkeypox,124.63928522374671,24.768181890780276
Karonga,2024-06-17,33,Monkeypox,200.03851808418668,15.837914245546846
Karonga,2024-06-24,77,Monkeypox,87.38177792917351,31.3056440166981
Karonga,2024-07-01,77,Monkeypox,131.17373015185697,21.49346689069815
Karonga,2024-07-08,59,Monkeypox,89.63457660666721,26.047211523290468
Karonga,2024-07-15,74,Monkeypox,231.19453990755483,34.65196078790517
Karonga,2024-07-22,112,Monkeypox,239.09998157976267,17.12283500007728
Karonga,2024-07-29,195,Monkeypox,95.44836094218704,22.519399785543527
Karonga,2024-08-05,49,Monkeypox,47.68872606886451,32.38439943044393
Karonga,2024-08-12,186,Monkeypox,126.65770046997282,30.737017633899626
Karonga,2024-08-19,25,Monkeypox,109.90316115976803,27.04571422143459
Karonga,2024-08-26,37,Monkeypox,66.48985400712556,28.41629515558723
Karonga,2024-09-02,110,Monkeypox,107.50603403394062,22.20522705565788
Karonga,2024-09-09,129,Monkeypox,232.099519912829,23.110272566854135
Karonga,2024-09-16,64,Monkeypox,142.8317020981506,31.111671159368296
Karonga,2024-09-23,36,Monkeypox,136.03377682431284,32.20502239473434
Karonga,2024-09-30,185,Monkeypox,50.3928478296716,21.90484281688778
Karonga,2024-10-07,165,Monkeypox,226.5289513862718,30.876801482294873
Karonga,2024-10-14,34,Monkeypox,165.45178483356545,20.981738260120288
Karonga,2024-10-21,173,Monkeypox,145.4797929966262,15.972348575705071
Karonga,2024-10-28,176,Monkeypox,32.94017241730366,24.56807421107871
Karonga,2024-11-04,119,Monkeypox,102.9797833846121,24.449540776083058
Karonga,2024-11-11,69,Monkeypox,237.28850630117824,32.78787025970999
Karonga,2024-11-18,189,Monkeypox,174.679223615791,16.737133177297356
Karonga,2024-11-25,17,Monkeypox,186.02543808103488,24.62340906165286
Karonga,2024-12-02,63,Monkeypox,210.70813191311152,33.80078929517594
Karonga,2024-12-09,101,Monkeypox,156.38059102492812,32.60020345399665
Karonga,2024-12-16,47,Monkeypox,9.836447777645724,32.53504029006092
Karonga,2024-12-23,138,Monkeypox,45.359335993212845,29.73554898996626
Karonga,2024-12-30,127,Monkeypox,193.99208383290625,23.763011424938362
Karonga,2025-01-06,137,Monkeypox,204.8569193075099,31.89468397274044
Karonga,2025-01-13,20,Monkeypox,208.36219131446381,18.1144720471228
Karonga,2025-01-20,189,Monkeypox,34.966954375281,33.341802856760864
Karonga,2025-01-27,192,Monkeypox,97.51898899135941,21.796527891109683
Karonga,2025-02-03,129,Monkeypox,86.99354593198413,34.91960386288508
Karonga,2025-02-10,22,Monkeypox,194.26423856217366,21.786259408288608
Karonga,2025-02-17,46,Monkeypox,132.60312996716897,33.15999720756237
Karonga,2025-02-24,171,Monkeypox,79.73079838604924,30.420687170522974
Karonga,2025-03-03,82,Monkeypox,145.73809091762826,17.671298069421
Karonga,2025-03-10,103,Monkeypox,110.24624347888154,15.786672196757586
Karonga,2025-03-17,106,Monkeypox,107.65370331096679,23.679508613535482
Karonga,2025-03-24,199,Monkeypox,245.2329607776649,25.72467967605597
Karonga,2025-03-31,131,Monkeypox,176.48418078193134,28.174607049546413
Karonga,2025-04-07,15,Monkeypox,206.92061779739527,20.459668564646677
Karonga,2025-04-14,125,Monkeypox,146.28565458703582,29.792260927815438
Karonga,2025-04-21,101,Monkeypox,193.44990060965117,34.32894209692763
Karonga,2025-04-28,17,Monkeypox,73.27159421889503,24.56046086413255
Karonga,2025-05-05,38,Monkeypox,41.13645548425193,16.528220048086485
Karonga,2025-05-12,43,Monkeypox,118.00214500197993,21.076566310630973
Karonga,2025-05-19,99,Monkeypox,241.35988091745688,16.516404165834665
Karonga,2025-05-26,62,Monkeypox,19.843858726608932,22.687343858485114
Karonga,2025-06-02,193,Monkeypox,35.32678154384089,26.936328499404453
Karonga,2025-06-09,187,Monkeypox,221.53418702456375,25.156014647971233
Karonga,2025-06-16,16,Monkeypox,197.82025684242944,28.780356133885743
Karonga,2025-06-23,73,Monkeypox,160.64903687012406,17.533631619931928
Karonga,2025-06-30,52,Monkeypox,239.33448643135375,34.60029527776187
Karonga,2025-07-07,67,Monkeypox,215.7553191535934,23.24808372805939
Karonga,2025-07-14,122,Monkeypox,180.88249026788603,25.19203974880237
Karonga,2025-07-21,51,Monkeypox,209.04859240833733,27.573411371899567
Karonga,2025-07-28,172,Monkeypox,54.665195574898405,34.774895856816684
Karonga,2025-08-04,100,Monkeypox,30.280592010585444,33.00027233680453
Karonga,2025-08-11,20,Monkeypox,220.6166427287174,16.005106342395386
Karonga,2025-08-18,140,Monkeypox,98.80695283440147,26.22925795755353
Karonga,2025-08-25,74,Monkeypox,154.81261265337906,18.871373061420886
Karonga,2025-09-01,41,Monkeypox,125.9204927493934,16.500773806287423
Karonga,2025-09-08,120,Monkeypox,188.6022879019766,21.62875948264546
Karonga,2025-09-15,79,Monkeypox,68.73198584697954,20.629659257809045
Karonga,2025-09-22,32,Monkeypox,5.653176209688193,34.86589499468379
Karonga,2025-09-29,115,Monkeypox,248.90338962684527,32.497513487954976
Karonga,2025-10-06,118,Monkeypox,219.60779238752374,33.93194163287332
Karonga,2025-10-13,60,Monkeypox,227.85072372611708,19.347745842184647
Kasungu,2024-01-01,1094,Malaria,27.06526991273328,29.35022717931946
Kasungu,2024-01-08,329,Malaria,76.5545796481214,33.04871456365174
Kasungu,2024-01-15,1093,Malaria,17.939709532847875,34.38465050148949
Kasungu,2024-01-22,1195,Malaria,84.24572393870774,28.719162949148124
Kasungu,2024-01-29,435,Malaria,230.312419982188,17.017773467157312
Kasungu,2024-02-05,826,Malaria,130.3286574967771,34.491844803150514
Kasungu,2024-02-12,875,Malaria,31.200286585375046,24.449690121955726
Kasungu,2024-02-19,686,Malaria,147.88870778302663,27.834371409710826
Kasungu,2024-02-26,1493,Malaria,53.49242135528126,31.943861583741885
Kasungu,2024-03-04,1149,Malaria,7.145162113035064,26.280268032694227
Kasungu,2024-03-11,1476,Malaria,158.60184945660953,30.16697757519896
Kasungu,2024-03-18,1177,Malaria,189.80506983256225,20.45525496975353
Kasungu,2024-03-25,1065,Malaria,197.36268042055775,34.101253599415315
Kasungu,2024-04-01,178,Malaria,81.57750373908803,26.141913047570995
Kasungu,2024-04-08,1091,Malaria,106.62882983676502,22.440272234501922
Kasungu,2024-04-15,1401,Malaria,20.23813258786067,28.087719329268804
Kasungu,2024-04-22,1310,Malaria,52.89912530231955,31.798996314433577
Kasungu,2024-04-29,1126,Malaria,156.07696499288636,28.81249505479902
Kasungu,2024-05-06,931,Malaria,112.61161635119585,19.95311021074473
Kasungu,2024-05-13,990,Malaria,68.75812662124068,28.549916845584175
Kasungu,2024-05-20,1320,Malaria,186.8910074371201,15.610925156073632
Kasungu,2024-05-27,1325,Malaria,232.52214324033238,28.242103921968774
Kasungu,2024-06-03,1321,Malaria,79.31024043416384,32.84643828674043
Kasungu,2024-06-10,572,Malaria,230.81225161140955,31.57475034940289
Kasungu,2024-06-17,1335,Malaria,80.03317705096657,19.142187899755523
Kasungu,2024-06-24,433,Malaria,90.75709796883363,15.239693454865096
Kasungu,2024-07-01,497,Malaria,87.55977280070567,34.28434166789354
Kasungu,2024-07-08,826,Malaria,231.5346843277003,21.214588041319363
Kasungu,2024-07-15,966,Malaria,74.58862679428793,26.05991982711701
Kasungu,2024-07-22,594,Malaria,231.0688185349279,20.90574690225213
Kasungu,2024-07-29,1467,Malaria,123.34624739144212,30.583037653096117
Kasungu,2024-08-05,734,Malaria,46.42985423626084,31.409709397771362
Kasungu,2024-08-12,381,Malaria,101.31331042211956,27.64813391242401
Kasungu,2024-08-19,126,Malaria,43.28544510169416,18.705962069069585
Kasungu,2024-08-26,260,Malaria,213.26760693974322,20.092311079067198
Kasungu,2024-09-02,664,Malaria,10.289666382272856,24.906926612300303
Kasungu,2024-09-09,1198,Malaria,210.95379415318826,27.453937017726474
Kasungu,2024-09-16,1483,Malaria,123.15767341103123,16.05649843301824
Kasungu,2024-09-23,1399,Malaria,20.574466381256233,30.90143248607054
Kasungu,2024-09-30,1136,Malaria,211.13564657012518,32.905104850701534
Kasungu,2024-10-07,746,Malaria,221.11635089612608,17.04314391617546
Kasungu,2024-10-14,1346,Malaria,111.10569554934868,28.7311220927192
Kasungu,2024-10-21,248,Malaria,216.21371650037588,15.729322255951368
Kasungu,2024-10-28,837,Malaria,128.26607427328608,32.71250145437648
Kasungu,2024-11-04,1486,Malaria,130.31352977298874,29.91693910525379
Kasungu,2024-11-11,1268,Malaria,86.85064766900771,21.04335511437742
Kasungu,2024-11-18,1374,Malaria,17.53624053651101,28.787032686102823
Kasungu,2024-11-25,1050,Malaria,210.7344536226879,17.547383645371028
Kasungu,2024-12-02,687,Malaria,227.97253564484237,21.153277521308276
Kasungu,2024-12-09,670,Malaria,238.54782158525109,24.991994034548
Kasungu,2024-12-16,196,Malaria,238.48265111259326,23.10916387613841
Kasungu,2024-12-23,836,Malaria,5.583458975924049,15.791245217238616
Kasungu,2024-12-30,563,Malaria,236.13574271490663,30.454736575732564
Kasungu,2025-01-06,1360,Malaria,150.1592683775667,23.14334257867212
Kasungu,2025-01-13,725,Malaria,162.92654690865896,34.231062741475185
Kasungu,2025-01-20,709,Malaria,129.86726233193895,23.076344414804232
Kasungu,2025-01-27,871,Malaria,166.43612039642053,19.7743903474114
Kasungu,2025-02-03,575,Malaria,213.8945691403882,17.155775717991737
Kasungu,2025-02-10,303,Malaria,157.48722554744296,17.841609118034036
Kasungu,2025-02-17,1055,Malaria,55.02532570859636,24.36004806189549
Kasungu,2025-02-24,359,Malaria,92.1301689097386,22.759358805450198
Kasungu,2025-03-03,568,Malaria,20.265499600353593,18.654860713348793
Kasungu,2025-03-10,135,Malaria,18.18264375497172,27.357964920918853
Kasungu,2025-03-17,435,Malaria,196.644275297164,32.934654690067475
Kasungu,2025-03-24,656,Malaria,46.292902645493186,33.29077049076541
Kasungu,2025-03-31,186,Malaria,178.45207985776435,20.327097875331333
Kasungu,2025-04-07,566,Malaria,242.49863595440874,21.856821725060954
Kasungu,2025-04-14,620,Malaria,229.51465446372683,28.388433255986502
Kasungu,2025-04-21,1333,Malaria,13.721281514103122,29.386712952121467
Kasungu,2025-04-28,618,Malaria,225.60808433868874,19.276624765408975
Kasungu,2025-05-05,1170,Malaria,179.61173057223095,28.323134523638522
Kasungu,2025-05-12,929,Malaria,31.415467633066406,31.90818236981392
Kasungu,2025-05-19,818,Malaria,175.71129917537138,33.97133220139273
Kasungu,2025-05-26,1117,Malaria,110.50788913303793,25.751392016498116
Kasungu,2025-06-02,946,Malaria,55.81416864945843,20.2937012548173
Kasungu,2025-06-09,1254,Malaria,53.118952525947726,31.699187573980645
Kasungu,2025-06-16,405,Malaria,180.10666113025164,19.00993580191264
Kasungu,2025-06-23,841,Malaria,247.17360108167932,17.978624435428678
Kasungu,2025-06-30,697,Malaria,154.76342571991785,28.27153311749089
Kasungu,2025-07-07,367,Malaria,221.26227391411592,23.44634126722558
Kasungu,2025-07-14,1291,Malaria,214.05063300666916,22.71506031135742
Kasungu,2025-07-21,277,Malaria,124.70332921607086,18.511344130705957
Kasungu,2025-07-28,841,Malaria,120.758101645175,31.107824544466904
Kasungu,2025-08-04,1292,Malaria,80.17358297390508,34.82206595644625
Kasungu,2025-08-11,474,Malaria,158.6096336662969,18.54389433372014
Kasungu,2025-08-18,593,Malaria,5.090573848056307,34.650991690818415
Kasungu,2025-08-25,802,Malaria,138.3368646579576,31.394258673216424
Kasungu,2025-09-01,1249,Malaria,55.62091953066084,34.9127155617118
Kasungu,2025-09-08,1082,Malaria,141.2487308664451,27.291035817392633
Kasungu,2025-09-15,321,Malaria,171.9103592504826,20.391138829156546
Kasungu,2025-09-22,378,Malaria,37.33436887801794,15.49671999826722
Kasungu,2025-09-29,200,Malaria,182.49636294149147,34.730846815943934
Kasungu,2025-10-06,653,Malaria,230.9853014951237,33.283237514523464
Kasungu,2025-10-13,751,Malaria,162.35147007134555,26.77674944978895
Kasungu,2024-01-01,593,Cholera,165.5264656135014,26.82516490070639
Kasungu,2024-01-08,311,Cholera,187.98077922070593,25.09652617438998
Kasungu,2024-01-15,244,Cholera,113.13003340799766,26.07333094916364
Kasungu,2024-01-22,650,Cholera,153.86580263460365,16.450392667204113
Kasungu,2024-01-29,320,Cholera,232.0981447153066,24.9625801318144
Kasungu,2024-02-05,315,Cholera,174.08811535636656,33.89980594372457
Kasungu,2024-02-12,543,Cholera,223.56929627416912,19.830213017096188
Kasungu,2024-02-19,178,Cholera,132.90171074725305,33.10558742483529
Kasungu,2024-02-26,459,Cholera,131.37646074276506,23.712590770315217
Kasungu,2024-03-04,287,Cholera,231.2734003002101,15.75179509855511
Kasungu,2024-03-11,488,Cholera,139.04530790928183,33.84685475025614
Kasungu,2024-03-18,77,Cholera,28.606474269832344,26.20676362515583
Kasungu,2024-03-25,419,Cholera,163.81040076534316,15.49443765428732
Kasungu,2024-04-01,680,Cholera,40.71366549577032,34.18956145457626
Kasungu,2024-04-08,421,Cholera,28.335476079606014,17.286013175672004
Kasungu,2024-04-15,493,Cholera,23.902268726664065,30.04820624363566
Kasungu,2024-04-22,550,Cholera,226.43033209934285,34.27041728190518
Kasungu,2024-04-29,430,Cholera,166.29940924112086,30.492879844221257
Kasungu,2024-05-06,363,Cholera,216.17128303861242,19.12848355170316
Kasungu,2024-05-13,268,Cholera,90.6159293698742,17.65796211710589
Kasungu,2024-05-20,197,Cholera,171.92973638300495,23.92978953083272
Kasungu,2024-05-27,54,Cholera,204.48985976943166,28.474654877745877
Kasungu,2024-06-03,433,Cholera,102.23920893500973,16.438383697288433
Kasungu,2024-06-10,676,Cholera,19.168126690578184,17.899673310607923
Kasungu,2024-06-17,321,Cholera,81.49200109638427,23.618604063084433
Kasungu,2024-06-24,74,Cholera,1.5112176092502982,28.504241321749525
Kasungu,2024-07-01,608,Cholera,77.05748427568767,18.493188813856822
Kasungu,2024-07-08,358,Cholera,229.14109316551912,34.24660252661766
Kasungu,2024-07-15,210,Cholera,3.3863998996657987,20.508939492328615
Kasungu,2024-07-22,179,Cholera,84.05776504387924,16.999355559874036
Kasungu,2024-07-29,546,Cholera,193.22605312584156,18.914193063594976
Kasungu,2024-08-05,425,Cholera,173.4984864706367,28.91689879276241
Kasungu,2024-08-12,314,Cholera,100.08514629384982,22.42172086557563
Kasungu,2024-08-19,634,Cholera,9.344285038315665,34.82080411388861
Kasungu,2024-08-26,364,Cholera,212.7706743422511,31.740075039923486
Kasungu,2024-09-02,364,Cholera,149.1650731883302,24.065414086372023
Kasungu,2024-09-09,519,Cholera,122.55467531338913,31.228518540172047
Kasungu,2024-09-16,261,Cholera,209.04177178237305,31.396144652468315
Kasungu,2024-09-23,489,Cholera,160.1646718870542,23.553487646959155
Kasungu,2024-09-30,543,Cholera,218.48979529298347,15.59546188758796
Kasungu,2024-10-07,165,Cholera,53.36015611001035,30.033384322317254
Kasungu,2024-10-14,463,Cholera,191.7396928240364,15.726964612470507
Kasungu,2024-10-21,223,Cholera,147.9016895500192,33.23453754173981
Kasungu,2024-10-28,636,Cholera,179.0779584429665,26.037879859440885
Kasungu,2024-11-04,266,Cholera,129.63301545824245,22.53257370295742
Kasungu,2024-11-11,285,Cholera,101.60950683097198,27.654846919788433
Kasungu,2024-11-18,180,Cholera,80.95414514543808,28.8979395659593
Kasungu,2024-11-25,649,Cholera,15.80517552001548,20.523458717952153
Kasungu,2024-12-02,250,Cholera,94.45788524892765,28.491510919662677
Kasungu,2024-12-09,694,Cholera,103.04521631244535,28.78958634000091
Kasungu,2024-12-16,478,Cholera,235.04725294511962,25.113841073683407
Kasungu,2024-12-23,611,Cholera,96.39801053765423,32.437772792431254
Kasungu,2024-12-30,304,Cholera,210.08964165531356,23.252783754171574
Kasungu,2025-01-06,366,Cholera,183.68681683194708,22.965883228957605
Kasungu,2025-01-13,274,Cholera,213.4724516349634,29.933046166201137
Kasungu,2025-01-20,656,Cholera,26.450756436693702,20.212021987258204
Kasungu,2025-01-27,271,Cholera,38.468646271437116,22.366754361988153
Kasungu,2025-02-03,150,Cholera,23.256327540119553,31.755031248014852
Kasungu,2025-02-10,445,Cholera,195.68688766197215,19.92037770505202
Kasungu,2025-02-17,245,Cholera,19.831351174201927,32.19565812800638
Kasungu,2025-02-24,374,Cholera,190.1629319763819,26.040641374780673
Kasungu,2025-03-03,110,Cholera,199.00371108621172,22.071775861307525
Kasungu,2025-03-10,468,Cholera,51.40337583547619,20.588446001805806
Kasungu,2025-03-17,138,Cholera,42.02801938021455,16.932409645957758
Kasungu,2025-03-24,117,Cholera,136.82788418239875,23.262697214584627
Kasungu,2025-03-31,255,Cholera,74.72080066148374,19.617694491553067
Kasungu,2025-04-07,248,Cholera,52.058055414291985,18.44842801096744
Kasungu,2025-04-14,362,Cholera,221.6697270089912,27.118841215326636
Kasungu,2025-04-21,309,Cholera,178.9453030302924,25.329819175399315
Kasungu,2025-04-28,308,Cholera,41.85065143743294,33.51706847973111
Kasungu,2025-05-05,292,Cholera,38.4611339833758,34.80650013709495
Kasungu,2025-05-12,535,Cholera,11.079941581686874,25.692963892899428
Kasungu,2025-05-19,580,Cholera,27.27426857310447,15.789005833123614
Kasungu,2025-05-26,676,Cholera,173.38098476038965,32.91657626667718
Kasungu,2025-06-02,160,Cholera,122.64969804138612,27.887279268811888
Kasungu,2025-06-09,92,Cholera,185.0090213031588,30.044392828461213
Kasungu,2025-06-16,403,Cholera,16.308859538458538,33.937594336669655
Kasungu,2025-06-23,339,Cholera,84.61814158451264,27.763030450327513
Kasungu,2025-06-30,277,Cholera,243.2612031914893,15.477996217335878
Kasungu,2025-07-07,100,Cholera,74.35958247159385,19.52899584056611
Kasungu,2025-07-14,305,Cholera,19.099466115555575,20.558518669412297
Kasungu,2025-07-21,593,Cholera,197.72474882234263,25.97074339797031
Kasungu,2025-07-28,525,Cholera,166.7910038586007,17.50960964964384
Kasungu,2025-08-04,537,Cholera,208.74297170741193,31.58333640582112
Kasungu,2025-08-11,216,Cholera,233.47927158102584,32.84892033558725
Kasungu,2025-08-18,139,Cholera,159.00312307349304,15.790551242510595
Kasungu,2025-08-25,142,Cholera,19.05005262384166,21.63776627793236
Kasungu,2025-09-01,130,Cholera,116.41132808013863,31.55004765223931
Kasungu,2025-09-08,424,Cholera,140.4972768387242,16.700558451886703
Kasungu,2025-09-15,302,Cholera,150.2729951616457,18.988036818969082
Kasungu,2025-09-22,404,Cholera,139.27289381770373,33.101868301319065
Kasungu,2025-09-29,601,Cholera,179.68338552210182,23.299997000433486
Kasungu,2025-10-06,678,Cholera,12.305618269022656,15.624445036881136
Kasungu,2025-10-13,618,Cholera,11.711226196243707,21.10031762218572
Kasungu,2024-01-01,99,Monkeypox,165.43204508957987,27.137655463095705
Kasungu,2024-01-08,82,Monkeypox,173.67610763450926,26.023684204837778
Kasungu,2024-01-15,152,Monkeypox,145.03885988606285,19.626860323213922
Kasungu,2024-01-22,71,Monkeypox,83.23807059592278,18.234637575195343
Kasungu,2024-01-29,126,Monkeypox,136.82737433463564,16.439581051280555
Kasungu,2024-02-05,67,Monkeypox,111.2235137911847,21.506685368693127
Kasungu,2024-02-12,139,Monkeypox,200.3634746424279,24.34949276476107
Kasungu,2024-02-19,160,Monkeypox,207.10538366617692,19.412712648047727
Kasungu,2024-02-26,180,Monkeypox,133.5392109933437,25.774566181446502
Kasungu,2024-03-04,80,Monkeypox,133.83834653240612,33.19049100929187
Kasungu,2024-03-11,98,Monkeypox,125.65306276995167,32.94773870534621
Kasungu,2024-03-18,190,Monkeypox,18.349360199319708,28.95356122863953
Kasungu,2024-03-25,129,Monkeypox,200.4115909156376,34.295190281391456
Kasungu,2024-04-01,131,Monkeypox,200.6408604749003,26.343775800193647
Kasungu,2024-04-08,84,Monkeypox,126.45670149503852,15.101180117060283
Kasungu,2024-04-15,93,Monkeypox,109.09141721272455,29.013673713406305
Kasungu,2024-04-22,88,Monkeypox,58.75410444666976,15.415153496217703
Kasungu,2024-04-29,122,Monkeypox,249.97780155394562,20.234918088579235
Kasungu,2024-05-06,137,Monkeypox,205.29417833088257,23.127745140149912
Kasungu,2024-05-13,118,Monkeypox,54.64463270492187,24.225343405131383
Kasungu,2024-05-20,95,Monkeypox,198.49316622941205,32.81256038304336
Kasungu,2024-05-27,167,Monkeypox,147.3858662140981,16.33631415120286
Kasungu,2024-06-03,91,Monkeypox,9.884095003738324,28.802663412693796
Kasungu,2024-06-10,64,Monkeypox,61.370704125746855,15.381820728847655
Kasungu,2024-06-17,62,Monkeypox,153.57465898426804,24.02061479666264
Kasungu,2024-06-24,136,Monkeypox,104.95209830540524,23.021552683901902
Kasungu,2024-07-01,155,Monkeypox,122.99754720950907,28.718833244456604
Kasungu,2024-07-08,170,Monkeypox,91.25215268079393,32.769779659874914
Kasungu,2024-07-15,103,Monkeypox,68.7872795159804,21.682817195246976
Kasungu,2024-07-22,57,Monkeypox,220.34906348081915,20.384074374301097
Kasungu,2024-07-29,119,Monkeypox,144.24159624305238,33.650958649191864
Kasungu,2024-08-05,125,Monkeypox,226.84676576130371,29.60552119983943
Kasungu,2024-08-12,145,Monkeypox,60.45462536549129,34.195567409631686
Kasungu,2024-08-19,127,Monkeypox,64.0566895796609,26.614803508925934
Kasungu,2024-08-26,44,Monkeypox,54.81129065752513,20.521081121752125
Kasungu,2024-09-02,68,Monkeypox,188.7118059214255,32.2904887137546
Kasungu,2024-09-09,110,Monkeypox,104.15598169931845,17.17115584177143
Kasungu,2024-09-16,140,Monkeypox,86.83822931340005,23.233166259991915
Kasungu,2024-09-23,132,Monkeypox,168.8818744734085,20.07837352149374
Kasungu,2024-09-30,176,Monkeypox,172.8333225232775,34.050578409797836
Kasungu,2024-10-07,148,Monkeypox,243.61970821104885,26.217727480044886
Kasungu,2024-10-14,179,Monkeypox,236.84626269550503,23.09094628150863
Kasungu,2024-10-21,159,Monkeypox,75.75156865536903,22.79972085613308
Kasungu,2024-10-28,198,Monkeypox,77.07489565240247,30.429198027180547
Kasungu,2024-11-04,190,Monkeypox,130.2372067551097,26.90070701424071
Kasungu,2024-11-11,28,Monkeypox,209.89238064469913,24.957464503875574
Kasungu,2024-11-18,177,Monkeypox,199.3004353227976,33.23427877358495
Kasungu,2024-11-25,135,Monkeypox,164.85139697747692,25.950974420113823
Kasungu,2024-12-02,137,Monkeypox,249.2167575169893,18.771122321367592
Kasungu,2024-12-09,150,Monkeypox,117.61551789838943,22.382011782832326
Kasungu,2024-12-16,70,Monkeypox,121.9855644519604,24.838119589834314
Kasungu,2024-12-23,156,Monkeypox,60.48446685953054,21.274444127102793
Kasungu,2024-12-30,53,Monkeypox,16.10243250616997,30.932262383043966
Kasungu,2025-01-06,43,Monkeypox,9.739529486915337,15.878233165404687
Kasungu,2025-01-13,109,Monkeypox,143.66922142507545,25.646615638276543
Kasungu,2025-01-20,98,Monkeypox,72.91071871214042,30.24561374525799
Kasungu,2025-01-27,150,Monkeypox,239.49715586926058,19.143487711810963
Kasungu,2025-02-03,132,Monkeypox,16.92601489373849,19.362561780994717
Kasungu,2025-02-10,190,Monkeypox,48.62429576632227,25.50294535529793
Kasungu,2025-02-17,140,Monkeypox,200.7295537433958,28.65855928191836
Kasungu,2025-02-24,49,Monkeypox,104.32781722599385,24.152806456088747
Kasungu,2025-03-03,150,Monkeypox,116.28279920019332,30.50401560951046
Kasungu,2025-03-10,179,Monkeypox,20.239530100698094,30.313504703342232
Kasungu,2025-03-17,46,Monkeypox,212.5302268571592,19.528575584102374
Kasungu,2025-03-24,162,Monkeypox,217.59730407961263,19.68682819572784
Kasungu,2025-03-31,184,Monkeypox,168.3768680216515,33.88244781838647
Kasungu,2025-04-07,184,Monkeypox,64.89250564810173,32.75997731048629
Kasungu,2025-04-14,50,Monkeypox,107.87434237001659,18.5810721674388
Kasungu,2025-04-21,41,Monkeypox,78.01302132012408,34.014431455878714
Kasungu,2025-04-28,42,Monkeypox,123.13477083324567,16.821184772831895
Kasungu,2025-05-05,38,Monkeypox,131.4385002243864,28.25893155645568
Kasungu,2025-05-12,65,Monkeypox,34.60924266817972,22.207252365444365
Kasungu,2025-05-19,103,Monkeypox,168.59836008380634,15.819120662438413
Kasungu,2025-05-26,140,Monkeypox,196.95701184510355,28.049575450839107
Kasungu,2025-06-02,137,Monkeypox,19.248043197031826,31.017833719144857
Kasungu,2025-06-09,68,Monkeypox,71.52196176692269,22.271309536043816
Kasungu,2025-06-16,129,Monkeypox,92.94282245001898,24.163080877674766
Kasungu,2025-06-23,49,Monkeypox,11.137515434338358,30.90589510747197
Kasungu,2025-06-30,106,Monkeypox,22.069907343984813,33.019690827610575
Kasungu,2025-07-07,62,Monkeypox,77.35014869961768,19.42905235538946
Kasungu,2025-07-14,32,Monkeypox,63.165926002834354,18.038588814246673
Kasungu,2025-07-21,135,Monkeypox,200.5054952588112,18.52512326129571
Kasungu,2025-07-28,100,Monkeypox,50.5978768709702,23.387872621778293
Kasungu,2025-08-04,88,Monkeypox,243.0157324296978,29.570883843468888
Kasungu,2025-08-11,34,Monkeypox,201.57471373567793,28.05674954411784
Kasungu,2025-08-18,45,Monkeypox,227.0941468742926,34.442128216125724
Kasungu,2025-08-25,71,Monkeypox,202.24059441353032,32.16547593826
Kasungu,2025-09-01,129,Monkeypox,239.82365579260176,32.76081439275768
Kasungu,2025-09-08,94,Monkeypox,29.736002723726617,25.22274703141099
Kasungu,2025-09-15,151,Monkeypox,32.65240860987123,17.575458869661407
Kasungu,2025-09-22,148,Monkeypox,175.91041267072933,16.39870440317193
Kasungu,2025-09-29,74,Monkeypox,215.5685298110725,23.551466088327345
Kasungu,2025-10-06,121,Monkeypox,219.48476031961397,34.20884324739853
Kasungu,2025-10-13,28,Monkeypox,127.96735876822754,26.405459938073225
Likoma,2024-01-01,670,Malaria,181.2406783201517,30.64697142096948
Likoma,2024-01-08,1336,Malaria,227.84299187189464,32.55331298827183
Likoma,2024-01-15,853,Malaria,29.167819300293303,15.565670589482323
Likoma,2024-01-22,326,Malaria,119.73426041660831,16.843294164490015
Likoma,2024-01-29,1102,Malaria,41.27852662312967,24.164464616568036
Likoma,2024-02-05,1468,Malaria,33.524176981977654,22.378490197364265
Likoma,2024-02-12,1021,Malaria,141.23703151085715,23.654539304833154
Likoma,2024-02-19,394,Malaria,184.78951391257885,15.221290028714296
Likoma,2024-02-26,618,Malaria,72.49066719038852,30.28418393264702
Likoma,2024-03-04,385,Malaria,13.23043923161818,33.5711751321561
Likoma,2024-03-11,1303,Malaria,25.40017988167767,34.77831591657782
Likoma,2024-03-18,429,Malaria,69.4755651102428,28.435975591046724
Likoma,2024-03-25,109,Malaria,192.1126544361072,17.16149838654809
Likoma,2024-04-01,164,Malaria,54.42343690878829,30.394818108100996
Likoma,2024-04-08,678,Malaria,66.35679017295371,16.370201245031716
Likoma,2024-04-15,481,Malaria,232.14929497559757,33.78860351535332
Likoma,2024-04-22,1414,Malaria,49.25745787267305,30.543527991589688
Likoma,2024-04-29,705,Malaria,125.52321948516595,29.410091102182076
Likoma,2024-05-06,898,Malaria,210.17621486888598,34.57926330959772
Likoma,2024-05-13,406,Malaria,196.2165004936427,25.953345937599615
Likoma,2024-05-20,416,Malaria,8.380636320635155,31.49831797893932
Likoma,2024-05-27,1137,Malaria,6.703211137440768,28.25365109621977
Likoma,2024-06-03,1116,Malaria,26.668962730988177,32.88148377185356
Likoma,2024-06-10,286,Malaria,0.2532456159992924,20.662769544518667
Likoma,2024-06-17,1366,Malaria,96.62575702267398,22.130434066253187
Likoma,2024-06-24,570,Malaria,53.43842506202631,24.33852163087085
Likoma,2024-07-01,149,Malaria,183.55843387704624,20.858401721906414
Likoma,2024-07-08,766,Malaria,166.34918736727732,23.895843662060894
Likoma,2024-07-15,156,Malaria,85.57001527496847,30.629758383711497
Likoma,2024-07-22,1104,Malaria,140.2110880855279,20.961493347150594
Likoma,2024-07-29,211,Malaria,74.98373145939597,32.54974810922196
Likoma,2024-08-05,1187,Malaria,139.15402360644526,26.84530944207222
Likoma,2024-08-12,1084,Malaria,128.07040913192475,18.19972895680828
Likoma,2024-08-19,624,Malaria,72.9789263536032,21.863900104067135
Likoma,2024-08-26,782,Malaria,66.01367143423047,19.30712958688527
Likoma,2024-09-02,1294,Malaria,195.4169808738026,33.02993591115094
Likoma,2024-09-09,1489,Malaria,246.04511208191394,22.73963564116673
Likoma,2024-09-16,530,Malaria,200.17501576523634,24.942904946096967
Likoma,2024-09-23,506,Malaria,58.526830209354145,30.516292361644425
Likoma,2024-09-30,553,Malaria,66.714278342552,23.40336021519403
Likoma,2024-10-07,310,Malaria,165.98517801397298,18.18921404999874
Likoma,2024-10-14,722,Malaria,206.31980369410715,32.39682039690306
Likoma,2024-10-21,151,Malaria,127.82888638113366,25.22337242798996
Likoma,2024-10-28,1308,Malaria,167.7951017631767,27.988491636690338
Likoma,2024-11-04,809,Malaria,148.38853767555605,15.204150138720676
Likoma,2024-11-11,630,Malaria,216.10850110834633,26.937270052359832
Likoma,2024-11-18,307,Malaria,148.96160027332542,26.068864720642285
Likoma,2024-11-25,331,Malaria,63.384442185520946,31.765677478323326
Likoma,2024-12-02,842,Malaria,135.9669297205594,34.3540822327212
Likoma,2024-12-09,913,Malaria,144.31982707625554,21.047562537380564
Likoma,2024-12-16,668,Malaria,23.812533364279936,30.188205046099966
Likoma,2024-12-23,1344,Malaria,48.10089913191062,26.358394866202985
Likoma,2024-12-30,314,Malaria,84.94667587157959,15.556653044239122
Likoma,2025-01-06,1036,Malaria,148.6482614763763,27.148154139421262
Likoma,2025-01-13,1245,Malaria,37.866576236381064,30.92337706805231
Likoma,2025-01-20,1053,Malaria,118.6018743658599,27.00941563973739
Likoma,2025-01-27,176,Malaria,234.32039811749368,30.158321362925523
Likoma,2025-02-03,892,Malaria,148.68123128476208,23.93147304118353
Likoma,2025-02-10,241,Malaria,219.16196271438787,30.245218457590205
Likoma,2025-02-17,1366,Malaria,9.956592959174282,25.626773001786958
Likoma,2025-02-24,1099,Malaria,132.00592159974968,32.06540611696755
Likoma,2025-03-03,414,Malaria,248.57077741317022,32.92865931872187
Likoma,2025-03-10,1212,Malaria,139.29887171941755,26.242604029529424
Likoma,2025-03-17,756,Malaria,127.1430809200772,34.23538302565309
Likoma,2025-03-24,185,Malaria,66.25623664812122,29.967988497218663
Likoma,2025-03-31,1390,Malaria,81.42091502795562,33.42536452921803
Likoma,2025-04-07,1469,Malaria,218.9925048378245,27.951178511168308
Likoma,2025-04-14,1090,Malaria,199.56605125168483,33.821343160489754
Likoma,2025-04-21,1043,Malaria,113.33069438734859,18.973658193661944
Likoma,2025-04-28,1349,Malaria,44.74644234310557,29.095208145344976
Likoma,2025-05-05,1125,Malaria,198.42690616200775,29.335198735126983
Likoma,2025-05-12,1082,Malaria,24.437425313841853,17.500986616132305
Likoma,2025-05-19,591,Malaria,6.09590035964902,31.839242722201135
Likoma,2025-05-26,1095,Malaria,111.75712062784257,31.567736780359944
Likoma,2025-06-02,1405,Malaria,228.96187005325277,22.73075060265869
Likoma,2025-06-09,283,Malaria,18.196501919856807,28.28273911821865
Likoma,2025-06-16,1253,Malaria,221.07379728382693,22.447754371775204
Likoma,2025-06-23,1227,Malaria,3.0586178634045003,23.544317554242475
Likoma,2025-06-30,720,Malaria,158.38477962443818,21.363949430686752
Likoma,2025-07-07,1288,Malaria,163.76621912805882,26.75394212420559
Likoma,2025-07-14,820,Malaria,187.96315354184438,20.570655449135074
Likoma,2025-07-21,1221,Malaria,37.26322367885845,19.81945579633846
Likoma,2025-07-28,1239,Malaria,204.23310690289208,34.699918838880365
Likoma,2025-08-04,292,Malaria,199.1210427906849,22.575805697862613
Likoma,2025-08-11,1393,Malaria,218.87580240724435,26.857798542361458
Likoma,2025-08-18,580,Malaria,129.10812064878132,34.89564833936004
Likoma,2025-08-25,960,Malaria,41.68734266990285,18.196878078057473
Likoma,2025-09-01,1483,Malaria,25.314904674870185,15.176229905592844
Likoma,2025-09-08,1390,Malaria,226.10144063194716,22.44838469355454
Likoma,2025-09-15,287,Malaria,56.49632797084478,17.6027590516202
Likoma,2025-09-22,414,Malaria,32.587923501069646,25.49302331128842
Likoma,2025-09-29,1193,Malaria,72.98563045120774,31.295105751889167
Likoma,2025-10-06,141,Malaria,23.682627613382383,17.42795775809997
Likoma,2025-10-13,587,Malaria,101.04365985254759,26.312360286918743
Likoma,2024-01-01,304,Cholera,184.9991179134541,18.39920213557861
Likoma,2024-01-08,600,Cholera,172.4230911116099,31.83289899659102
Likoma,2024-01-15,391,Cholera,248.6236257773892,23.72191746283521
Likoma,2024-01-22,538,Cholera,190.68022987103515,20.573548654652512
Likoma,2024-01-29,548,Cholera,126.06114685775802,34.0846880635476
Likoma,2024-02-05,663,Cholera,192.56284935245804,21.635794308976017
Likoma,2024-02-12,578,Cholera,69.87575655759665,21.770969875893975
Likoma,2024-02-19,50,Cholera,133.50661214306143,29.5668341091052
Likoma,2024-02-26,456,Cholera,98.33797617549794,24.615257282834257
Likoma,2024-03-04,97,Cholera,72.98229150283467,15.79760271560646
Likoma,2024-03-11,370,Cholera,59.71333567155074,16.58720821042959
Likoma,2024-03-18,506,Cholera,44.591273514253096,25.549951297683375
Likoma,2024-03-25,697,Cholera,1.9576261464764877,29.57175559415463
Likoma,2024-04-01,109,Cholera,167.32271939986387,27.87452583200662
Likoma,2024-04-08,98,Cholera,121.34256110069167,24.362987956446858
Likoma,2024-04-15,584,Cholera,222.65430646893807,30.16785139024858
Likoma,2024-04-22,179,Cholera,153.31563631142498,21.88320500797505
Likoma,2024-04-29,258,Cholera,189.74202232541768,29.966771909936135
Likoma,2024-05-06,288,Cholera,85.1494536497722,15.518106396474156
Likoma,2024-05-13,268,Cholera,223.91088930631236,32.51161096786292
Likoma,2024-05-20,409,Cholera,10.26521649475806,18.595613476459672
Likoma,2024-05-27,213,Cholera,83.39403021188218,34.20442597305828
Likoma,2024-06-03,334,Cholera,19.30914690386401,18.85551101226668
Likoma,2024-06-10,92,Cholera,236.2389651069459,23.76441825098957
Likoma,2024-06-17,466,Cholera,203.83503842728743,26.467600386646268
Likoma,2024-06-24,280,Cholera,78.91312565599748,18.183332553721954
Likoma,2024-07-01,628,Cholera,169.75208324353815,29.28553196048237
Likoma,2024-07-08,228,Cholera,1.2598367624175322,24.33098993809587
Likoma,2024-07-15,378,Cholera,9.68393497327863,31.332159122077794
Likoma,2024-07-22,276,Cholera,99.71071317187976,33.771286506692256
Likoma,2024-07-29,65,Cholera,210.08845991785162,27.912074921119242
Likoma,2024-08-05,637,Cholera,227.24070395733375,16.835344989762987
Likoma,2024-08-12,103,Cholera,72.44324766959959,15.9389596888199
Likoma,2024-08-19,602,Cholera,83.62228292629206,19.32771676999102
Likoma,2024-08-26,575,Cholera,6.447076377895544,31.043634164716917
Likoma,2024-09-02,525,Cholera,187.85559847986482,22.404959974424983
Likoma,2024-09-09,141,Cholera,226.14887957803256,33.620720310362316
Likoma,2024-09-16,589,Cholera,221.0455093734687,21.890663625561576
Likoma,2024-09-23,588,Cholera,216.3967435533332,21.806562310162132
Likoma,2024-09-30,218,Cholera,85.4014863927166,15.433606381975839
Likoma,2024-10-07,113,Cholera,106.50099322084486,27.722398947548726
Likoma,2024-10-14,291,Cholera,6.407550560756537,17.85941426426866
Likoma,2024-10-21,247,Cholera,65.85829158518058,22.050812072712763
Likoma,2024-10-28,537,Cholera,48.65676478120157,16.520494443624877
Likoma,2024-11-04,193,Cholera,81.68476818614495,33.17159030839162
Likoma,2024-11-11,281,Cholera,176.6701571379144,30.519637249070993
Likoma,2024-11-18,603,Cholera,22.8711115604992,21.14120684851754
Likoma,2024-11-25,618,Cholera,89.46443012569344,26.24476108480367
Likoma,2024-12-02,69,Cholera,217.59038880584035,19.670591119875056
Likoma,2024-12-09,155,Cholera,220.72699900197472,32.65099607883847
Likoma,2024-12-16,74,Cholera,98.82582379082407,33.190405649116954
Likoma,2024-12-23,194,Cholera,246.446470939208,16.64681490302644
Likoma,2024-12-30,547,Cholera,71.35647008551015,29.038788771487823
Likoma,2025-01-06,433,Cholera,210.31632570514617,34.832032299788075
Likoma,2025-01-13,294,Cholera,52.78264974603886,26.754342486788065
Likoma,2025-01-20,575,Cholera,188.89715921598017,29.217842275981187
Likoma,2025-01-27,462,Cholera,39.6136065537146,17.899629867145286
Likoma,2025-02-03,378,Cholera,218.1672578764971,16.244130958073825
Likoma,2025-02-10,144,Cholera,209.98477139269878,34.299687782910006
Likoma,2025-02-17,70,Cholera,17.2370980942482,30.751650583529422
Likoma,2025-02-24,336,Cholera,193.86741979320485,16.78316257550922
Likoma,2025-03-03,159,Cholera,185.76027139153587,21.3263227194723
Likoma,2025-03-10,405,Cholera,73.21582575332583,32.194705481159
Likoma,2025-03-17,645,Cholera,129.30462731925155,24.5162257676267
Likoma,2025-03-24,289,Cholera,91.10828340178925,17.692049423624816
Likoma,2025-03-31,627,Cholera,183.63413648330464,15.900224132440524
Likoma,2025-04-07,603,Cholera,114.98562407595625,29.282575447001413
Likoma,2025-04-14,626,Cholera,67.453605508935,21.80690189523714
Likoma,2025-04-21,68,Cholera,103.90124858915989,26.314951652824625
Likoma,2025-04-28,56,Cholera,89.82432645287174,34.81598103502161
Likoma,2025-05-05,134,Cholera,68.2659277954692,21.942694425874322
Likoma,2025-05-12,465,Cholera,142.22977444336462,19.784662201138424
Likoma,2025-05-19,209,Cholera,149.17200970062314,21.317926958674285
Likoma,2025-05-26,569,Cholera,45.60189646134838,34.854966960376096
Likoma,2025-06-02,211,Cholera,116.98223270534342,28.68588765462684
Likoma,2025-06-09,541,Cholera,17.399258520922086,32.61381220866274
Likoma,2025-06-16,257,Cholera,207.58159782107856,28.555360082971223
Likoma,2025-06-23,208,Cholera,146.42545117375124,34.50125723334158
Likoma,2025-06-30,592,Cholera,56.490684355592066,17.837535332478126
Likoma,2025-07-07,524,Cholera,5.466179227829576,27.71870023924017
Likoma,2025-07-14,190,Cholera,173.308029519187,27.320767919698653
Likoma,2025-07-21,543,Cholera,150.50405859423753,26.92587982555696
Likoma,2025-07-28,452,Cholera,246.3001194669203,22.12035283892342
Likoma,2025-08-04,498,Cholera,173.41489569933574,23.88967578716007
Likoma,2025-08-11,437,Cholera,185.6047150142176,33.381643354505556
Likoma,2025-08-18,352,Cholera,0.23662007397348694,31.143011874555512
Likoma,2025-08-25,248,Cholera,79.25534722469419,20.944378379098367
Likoma,2025-09-01,81,Cholera,96.7336933893656,25.89407981947291
Likoma,2025-09-08,336,Cholera,59.291774649327444,29.659996527276
Likoma,2025-09-15,335,Cholera,149.33494902754023,28.613994947330582
Likoma,2025-09-22,147,Cholera,120.73078012801255,32.032059873737666
Likoma,2025-09-29,496,Cholera,73.29918072995201,25.170067852556887
Likoma,2025-10-06,392,Cholera,68.85880528568414,19.86479385646604
Likoma,2025-10-13,631,Cholera,108.3507774965074,15.537003741617374
Likoma,2024-01-01,21,Monkeypox,68.38708204465654,18.69302932773095
Likoma,2024-01-08,148,Monkeypox,190.5018166415773,30.893008543438476
Likoma,2024-01-15,34,Monkeypox,113.43216310130869,27.951303691528697
Likoma,2024-01-22,29,Monkeypox,2.583442050739182,26.940100804457753
Likoma,2024-01-29,31,Monkeypox,183.06491840505643,20.88316193461285
Likoma,2024-02-05,79,Monkeypox,51.289873143297804,31.061734929411408
Likoma,2024-02-12,170,Monkeypox,219.51664890207624,15.656693737602083
Likoma,2024-02-19,79,Monkeypox,76.2946552555753,20.48431150395076
Likoma,2024-02-26,182,Monkeypox,244.29567559659256,30.88519370036658
Likoma,2024-03-04,36,Monkeypox,36.843935478103774,16.273048408212418
Likoma,2024-03-11,76,Monkeypox,153.09691764257914,29.33007207340819
Likoma,2024-03-18,39,Monkeypox,134.6881657704486,29.747536491283434
Likoma,2024-03-25,15,Monkeypox,143.0116936670964,23.763335254918456
Likoma,2024-04-01,103,Monkeypox,75.70235364487546,32.969243266362426
Likoma,2024-04-08,127,Monkeypox,167.94444427625464,23.090988978741194
Likoma,2024-04-15,64,Monkeypox,237.81788176282157,29.34745483197762
Likoma,2024-04-22,80,Monkeypox,13.152848365725667,19.601825203733068
Likoma,2024-04-29,67,Monkeypox,6.7544646293518085,26.626836159661305
Likoma,2024-05-06,47,Monkeypox,108.99603488975518,24.57454013281587
Likoma,2024-05-13,125,Monkeypox,56.456037210955685,22.904557190971943
Likoma,2024-05-20,183,Monkeypox,159.28719789304532,33.83967470537975
Likoma,2024-05-27,21,Monkeypox,93.15811749400201,25.77866076819722
Likoma,2024-06-03,107,Monkeypox,248.40832417038328,23.908267414572563
Likoma,2024-06-10,141,Monkeypox,60.25872395760193,27.04324041476646
Likoma,2024-06-17,55,Monkeypox,136.59855380742462,17.274461165966063
Likoma,2024-06-24,115,Monkeypox,158.2296828358815,27.585695667912216
Likoma,2024-07-01,145,Monkeypox,107.53011127862807,33.376094525131464
Likoma,2024-07-08,68,Monkeypox,10.16658886885924,21.982730888984676
Likoma,2024-07-15,89,Monkeypox,58.42803186140133,28.905192323334397
Likoma,2024-07-22,115,Monkeypox,188.76965424773758,22.129475220773614
Likoma,2024-07-29,14,Monkeypox,15.630721635971872,25.728582359748785
Likoma,2024-08-05,118,Monkeypox,149.1405953556383,17.301901721954334
Likoma,2024-08-12,127,Monkeypox,104.41497506808089,28.465049177294617
Likoma,2024-08-19,53,Monkeypox,1.0967994737014763,17.414590771066806
Likoma,2024-08-26,197,Monkeypox,20.79481465914429,24.231248658075607
Likoma,2024-09-02,73,Monkeypox,79.89981746849351,28.1174393370798
Likoma,2024-09-09,149,Monkeypox,186.710879592152,19.19284048481165
Likoma,2024-09-16,189,Monkeypox,190.9846882642999,23.65742109703058
Likoma,2024-09-23,35,Monkeypox,67.34032901549689,20.49419886155381
Likoma,2024-09-30,148,Monkeypox,139.35919802436572,28.621793391826532
Likoma,2024-10-07,135,Monkeypox,93.43484622877065,20.255359156859196
Likoma,2024-10-14,174,Monkeypox,157.86832189900917,22.2457042807706
Likoma,2024-10-21,68,Monkeypox,176.441565841367,20.662507861560055
Likoma,2024-10-28,98,Monkeypox,245.5668194660847,28.92596309555975
Likoma,2024-11-04,119,Monkeypox,82.4310176561455,22.400619963705566
Likoma,2024-11-11,98,Monkeypox,196.5781096855719,31.391480076012755
Likoma,2024-11-18,41,Monkeypox,2.6067108591324715,31.343977955140016
Likoma,2024-11-25,46,Monkeypox,123.34740155617175,25.8518207842482
Likoma,2024-12-02,73,Monkeypox,111.85296512006157,31.033217602189964
Likoma,2024-12-09,148,Monkeypox,49.58495053522263,19.165789637699667
Likoma,2024-12-16,95,Monkeypox,67.36013638184494,23.668627115570736
Likoma,2024-12-23,128,Monkeypox,248.32489807914615,21.161368003490956
Likoma,2024-12-30,16,Monkeypox,241.8984477092846,21.097291508522822
Likoma,2025-01-06,107,Monkeypox,211.21338779425537,27.90664019951472
Likoma,2025-01-13,167,Monkeypox,247.4540090531761,23.449494662074226
Likoma,2025-01-20,120,Monkeypox,204.7141307928385,17.04278525518099
Likoma,2025-01-27,165,Monkeypox,11.263068830676847,24.16485482670947
Likoma,2025-02-03,128,Monkeypox,78.69303636686509,20.999069553697602
Likoma,2025-02-10,180,Monkeypox,33.68719038780929,31.75716601532458
Likoma,2025-02-17,83,Monkeypox,6.4425955028112325,30.916833850915793
Likoma,2025-02-24,151,Monkeypox,170.46418522255328,31.711700887121225
Likoma,2025-03-03,165,Monkeypox,226.5917540553774,31.445359215128526
Likoma,2025-03-10,89,Monkeypox,182.68204293250517,18.825329566811416
Likoma,2025-03-17,134,Monkeypox,180.77163208747456,25.623741682021258
Likoma,2025-03-24,120,Monkeypox,60.27742736668687,19.178393826029996
Likoma,2025-03-31,162,Monkeypox,225.63671299111604,26.60072015941458
Likoma,2025-04-07,139,Monkeypox,25.2093189226725,31.449828085290793
Likoma,2025-04-14,187,Monkeypox,29.923940957787277,25.54574540891243
Likoma,2025-04-21,66,Monkeypox,159.93186555689985,29.09285062669977
Likoma,2025-04-28,130,Monkeypox,201.31835663306867,28.537669477119987
Likoma,2025-05-05,189,Monkeypox,153.08834646054547,21.198482228776136
Likoma,2025-05-12,121,Monkeypox,15.836387570780207,28.02983421294238
Likoma,2025-05-19,106,Monkeypox,32.58696422830232,20.938700223393873
Likoma,2025-05-26,61,Monkeypox,112.05552314718368,25.617485167776124
Likoma,2025-06-02,66,Monkeypox,160.39936313410496,25.482312708473348
Likoma,2025-06-09,17,Monkeypox,160.54155212442447,21.714679942038885
Likoma,2025-06-16,65,Monkeypox,249.67675745226316,19.509385307898608
Likoma,2025-06-23,176,Monkeypox,236.1281794715852,27.425380711032663
Likoma,2025-06-30,85,Monkeypox,93.38918043786818,33.251322863665436
Likoma,2025-07-07,45,Monkeypox,245.0220352771782,22.457475227327457
Likoma,2025-07-14,63,Monkeypox,114.9044655460551,33.284367605463615
Likoma,2025-07-21,161,Monkeypox,208.45174783923827,24.51518540452116
Likoma,2025-07-28,88,Monkeypox,98.93906106558161,26.194632090061702
Likoma,2025-08-04,137,Monkeypox,212.4290232092945,33.141036679068954
Likoma,2025-08-11,154,Monkeypox,30.40731806623509,21.202867647253967
Likoma,2025-08-18,36,Monkeypox,186.34247600001746,32.38392007231748
Likoma,2025-08-25,189,Monkeypox,68.09398330239915,32.03398558807241
Likoma,2025-09-01,54,Monkeypox,87.78345392067385,33.37759234192407
Likoma,2025-09-08,51,Monkeypox,51.572488408998005,30.946259634619196
Likoma,2025-09-15,198,Monkeypox,74.78733131414994,27.737741038651173
Likoma,2025-09-22,91,Monkeypox,211.55998617547345,16.454734898617673
Likoma,2025-09-29,34,Monkeypox,91.46602269879048,20.77663415644586
Likoma,2025-10-06,60,Monkeypox,209.6332429336925,17.052410588755688
Likoma,2025-10-13,77,Monkeypox,82.3639757236723,32.47026427095835
Lilongwe,2024-01-01,368,Malaria,243.8546382989205,16.39461647429004
Lilongwe,2024-01-08,1275,Malaria,96.39200560501948,17.545611890531713
Lilongwe,2024-01-15,1375,Malaria,177.65976979532047,30.987147887235192
Lilongwe,2024-01-22,1298,Malaria,239.81918134758547,33.82562104905214
Lilongwe,2024-01-29,284,Malaria,46.58727700377388,24.508638023390024
Lilongwe,2024-02-05,1421,Malaria,14.884911184821103,16.97069379557581
Lilongwe,2024-02-12,724,Malaria,144.64856748736486,34.23063647443711
Lilongwe,2024-02-19,1328,Malaria,132.24256123469422,30.973262713746095
Lilongwe,2024-02-26,1107,Malaria,110.21085348952711,21.14002717215069
Lilongwe,2024-03-04,573,Malaria,6.299564244880262,31.889377062792665
Lilongwe,2024-03-11,430,Malaria,85.58739442106713,21.255672222949904
Lilongwe,2024-03-18,814,Malaria,186.3621048053319,26.830908881489677
Lilongwe,2024-03-25,130,Malaria,97.44954758714938,15.465186941180011
Lilongwe,2024-04-01,1221,Malaria,175.7369708457863,20.04306786455095
Lilongwe,2024-04-08,426,Malaria,223.8383749314641,19.17190319143137
Lilongwe,2024-04-15,1352,Malaria,159.33130263746767,29.0015832329592
Lilongwe,2024-04-22,664,Malaria,185.83170099326603,26.423596212120753
Lilongwe,2024-04-29,308,Malaria,24.900211477470986,20.47968757339104
Lilongwe,2024-05-06,236,Malaria,14.073306623697906,34.373408707967315
Lilongwe,2024-05-13,1129,Malaria,185.2217278351686,19.044329854819217
Lilongwe,2024-05-20,656,Malaria,212.1565295927662,33.19633277328298
Lilongwe,2024-05-27,1454,Malaria,0.3048854428507608,15.735999918808703
Lilongwe,2024-06-03,664,Malaria,40.59400361845711,23.809129677957888
Lilongwe,2024-06-10,1341,Malaria,28.310057058445746,16.933940810831952
Lilongwe,2024-06-17,1228,Malaria,125.22483786647862,30.314235546276713
Lilongwe,2024-06-24,845,Malaria,56.1183920139659,22.234757283255796
Lilongwe,2024-07-01,1337,Malaria,61.6342889734196,23.88181075184479
Lilongwe,2024-07-08,395,Malaria,203.9316508371458,23.150121581041482
Lilongwe,2024-07-15,734,Malaria,210.62598458411796,17.073335464208675
Lilongwe,2024-07-22,1039,Malaria,109.60304235910002,22.394111530150457
Lilongwe,2024-07-29,246,Malaria,190.0548777561438,33.47157791128632
Lilongwe,2024-08-05,697,Malaria,114.34037756124013,28.666834465460283
Lilongwe,2024-08-12,970,Malaria,80.59025185786825,32.422088061030934
Lilongwe,2024-08-19,1233,Malaria,223.8575550576436,15.903312220809951
Lilongwe,2024-08-26,873,Malaria,222.14168837189231,27.25587324365533
Lilongwe,2024-09-02,308,Malaria,139.95246023090812,29.1270703556609
Lilongwe,2024-09-09,332,Malaria,199.36874805071827,30.757943645053302
Lilongwe,2024-09-16,981,Malaria,211.79768690398834,30.689058854743795
Lilongwe,2024-09-23,632,Malaria,199.94196756530758,16.770700192397882
Lilongwe,2024-09-30,230,Malaria,54.502886663762986,27.92071205775176
Lilongwe,2024-10-07,1348,Malaria,29.748466098368926,26.423857718449437
Lilongwe,2024-10-14,1197,Malaria,84.45839846305672,28.399623969390355
Lilongwe,2024-10-21,534,Malaria,69.8695231847544,27.15049239937816
Lilongwe,2024-10-28,636,Malaria,79.04035305540161,17.21804814725003
Lilongwe,2024-11-04,1269,Malaria,220.99149001540897,34.49123272217793
Lilongwe,2024-11-11,1400,Malaria,139.20218304624237,17.12433912606065
Lilongwe,2024-11-18,137,Malaria,51.93336663572856,25.00221683733649
Lilongwe,2024-11-25,522,Malaria,48.94105325942241,34.030528361998805
Lilongwe,2024-12-02,564,Malaria,74.31736405131292,32.41850653628769
Lilongwe,2024-12-09,382,Malaria,248.65256034737354,19.332107002876658
Lilongwe,2024-12-16,533,Malaria,30.52420466477626,21.728925409378267
Lilongwe,2024-12-23,1299,Malaria,71.39991973357502,28.430789389644108
Lilongwe,2024-12-30,1322,Malaria,173.53749100940098,30.033577720612573
Lilongwe,2025-01-06,969,Malaria,135.10640540014015,18.205539487864133
Lilongwe,2025-01-13,523,Malaria,18.64526798347893,17.233141791165213
Lilongwe,2025-01-20,1046,Malaria,175.8601307784923,25.192205580414907
Lilongwe,2025-01-27,1068,Malaria,44.5574614337555,16.152969056221362
Lilongwe,2025-02-03,314,Malaria,88.04053603029286,28.18828868132787
Lilongwe,2025-02-10,1322,Malaria,175.1232669540714,21.662832935284825
Lilongwe,2025-02-17,540,Malaria,108.15858795133069,23.99344632365119
Lilongwe,2025-02-24,207,Malaria,164.5214248739512,34.062650222177375
Lilongwe,2025-03-03,1049,Malaria,69.98344439020485,29.908533645407772
Lilongwe,2025-03-10,142,Malaria,16.41948499746765,17.279524845929366
Lilongwe,2025-03-17,1424,Malaria,77.93806470409409,32.05966555145946
Lilongwe,2025-03-24,1231,Malaria,166.81424717544988,25.833140704435092
Lilongwe,2025-03-31,1141,Malaria,70.56368299963512,15.7463841884468
Lilongwe,2025-04-07,988,Malaria,21.984054994560047,16.128092432073256
Lilongwe,2025-04-14,643,Malaria,85.62219912593808,21.48124683939049
Lilongwe,2025-04-21,279,Malaria,92.3552223790512,32.879020283061514
Lilongwe,2025-04-28,120,Malaria,231.93637084962407,31.635689094149527
Lilongwe,2025-05-05,1329,Malaria,224.24387674193645,18.297210542771886
Lilongwe,2025-05-12,841,Malaria,198.08624030205976,20.31392914251178
Lilongwe,2025-05-19,334,Malaria,221.95052300205245,26.922865899586263
Lilongwe,2025-05-26,1468,Malaria,73.18908873391611,27.272605634965736
Lilongwe,2025-06-02,557,Malaria,209.57458229366597,18.801139674864476
Lilongwe,2025-06-09,1193,Malaria,170.41292449147187,30.84585156364927
Lilongwe,2025-06-16,721,Malaria,189.73785852612517,32.21575859744579
Lilongwe,2025-06-23,718,Malaria,41.56957667264904,16.912398584602187
Lilongwe,2025-06-30,402,Malaria,139.66631207216082,31.220335109839255
Lilongwe,2025-07-07,1426,Malaria,94.89773528814413,20.67626753847724
Lilongwe,2025-07-14,794,Malaria,98.80146366594525,15.481652483659957
Lilongwe,2025-07-21,1245,Malaria,27.968958837237295,25.45322767167162
Lilongwe,2025-07-28,180,Malaria,204.55721349934356,30.348742360832638
Lilongwe,2025-08-04,515,Malaria,159.62436294080055,23.45916358124324
Lilongwe,2025-08-11,1172,Malaria,182.8885748777413,31.54985733017085
Lilongwe,2025-08-18,100,Malaria,212.43334977755046,22.2731199891867
Lilongwe,2025-08-25,1068,Malaria,241.7364291830206,19.547111134162712
Lilongwe,2025-09-01,1350,Malaria,43.14615145383136,19.189975501705565
Lilongwe,2025-09-08,1189,Malaria,74.58343842535267,25.57857997584769
Lilongwe,2025-09-15,835,Malaria,140.8648510561894,31.200891173805616
Lilongwe,2025-09-22,1220,Malaria,131.62431800093486,28.570122353551856
Lilongwe,2025-09-29,507,Malaria,8.562358868407172,26.118255160978485
Lilongwe,2025-10-06,938,Malaria,210.66959621645435,16.222191071077447
Lilongwe,2025-10-13,741,Malaria,184.82929619531546,27.46220705567955
Lilongwe,2024-01-01,353,Cholera,157.91873569206408,31.013309394806054
Lilongwe,2024-01-08,303,Cholera,188.68520157941757,20.901357342206563
Lilongwe,2024-01-15,696,Cholera,219.32781938896193,15.461811872535431
Lilongwe,2024-01-22,510,Cholera,131.37231816486027,26.299474685619344
Lilongwe,2024-01-29,472,Cholera,191.3574875002332,22.29700220606017
Lilongwe,2024-02-05,66,Cholera,60.31317727401048,32.41718760133229
Lilongwe,2024-02-12,71,Cholera,174.64441055627975,28.725380021274656
Lilongwe,2024-02-19,439,Cholera,181.72874039824197,34.52801291732548
Lilongwe,2024-02-26,189,Cholera,212.8011261828451,24.375108085896375
Lilongwe,2024-03-04,413,Cholera,160.45756999774628,33.02137541749427
Lilongwe,2024-03-11,622,Cholera,90.08443793962284,23.370747997054327
Lilongwe,2024-03-18,419,Cholera,63.62158875099549,22.30608947699421
Lilongwe,2024-03-25,247,Cholera,181.23131456632495,24.2838699498463
Lilongwe,2024-04-01,679,Cholera,126.81326757346709,26.408948895223354
Lilongwe,2024-04-08,331,Cholera,246.20424578183633,32.84421563520691
Lilongwe,2024-04-15,137,Cholera,33.35320674752004,20.456998492853256
Lilongwe,2024-04-22,220,Cholera,151.0152058190847,32.573019392133276
Lilongwe,2024-04-29,652,Cholera,92.50620593507414,22.457089237952594
Lilongwe,2024-05-06,337,Cholera,46.74780774817503,32.8833920207266
Lilongwe,2024-05-13,319,Cholera,132.7001722599137,22.834284506629388
Lilongwe,2024-05-20,366,Cholera,168.05979749881135,25.129734612968093
Lilongwe,2024-05-27,445,Cholera,138.73090578184397,16.81092143633372
Lilongwe,2024-06-03,576,Cholera,82.83458041619343,25.78765561809322
Lilongwe,2024-06-10,155,Cholera,29.75845350589043,32.802724353179784
Lilongwe,2024-06-17,439,Cholera,71.70286983143679,19.319765485131406
Lilongwe,2024-06-24,582,Cholera,143.58972774417995,15.859638498948271
Lilongwe,2024-07-01,174,Cholera,57.44151892054192,19.523821445970952
Lilongwe,2024-07-08,580,Cholera,98.00580858372452,16.38547253365173
Lilongwe,2024-07-15,610,Cholera,224.36841884136862,28.342851552314414
Lilongwe,2024-07-22,98,Cholera,89.29842821905531,29.599901762533406
Lilongwe,2024-07-29,615,Cholera,133.16063292017805,18.142285533359928
Lilongwe,2024-08-05,130,Cholera,246.1654608478815,25.34982381047602
Lilongwe,2024-08-12,253,Cholera,173.74194560042778,23.848225079410035
Lilongwe,2024-08-19,455,Cholera,151.13429372112918,24.933930898494957
Lilongwe,2024-08-26,65,Cholera,153.9925928070243,28.582257338299016
Lilongwe,2024-09-02,107,Cholera,34.70948261192641,22.553175007187324
Lilongwe,2024-09-09,339,Cholera,46.304686524423985,16.725236465761196
Lilongwe,2024-09-16,392,Cholera,248.40220958485472,15.341564406029882
Lilongwe,2024-09-23,143,Cholera,123.18318253144017,24.77137630880703
Lilongwe,2024-09-30,536,Cholera,66.67884072864247,15.086831586561702
Lilongwe,2024-10-07,658,Cholera,54.86497103717683,24.05805657961629
Lilongwe,2024-10-14,135,Cholera,205.09930370822357,33.719511113205165
Lilongwe,2024-10-21,604,Cholera,244.45537377096775,15.740401354057006
Lilongwe,2024-10-28,542,Cholera,9.125037637043476,22.36830063874221
Lilongwe,2024-11-04,623,Cholera,28.14223314186834,33.532062135834636
Lilongwe,2024-11-11,548,Cholera,231.92343936104731,31.428563498210412
Lilongwe,2024-11-18,545,Cholera,125.64735828661632,17.56990180716509
Lilongwe,2024-11-25,480,Cholera,51.38412397857767,32.13728370606885
Lilongwe,2024-12-02,447,Cholera,117.95274199431319,24.770442214747135
Lilongwe,2024-12-09,89,Cholera,141.58160765855487,22.052758493700367
Lilongwe,2024-12-16,520,Cholera,193.71576214957483,31.30143177673069
Lilongwe,2024-12-23,81,Cholera,228.4770900618816,29.881581325101223
Lilongwe,2024-12-30,79,Cholera,46.92565017880324,33.438947292095776
Lilongwe,2025-01-06,175,Cholera,176.73655387091227,32.000791592094856
Lilongwe,2025-01-13,320,Cholera,222.65191531398807,33.21129577464575
Lilongwe,2025-01-20,672,Cholera,114.88291806635434,16.197096459368236
Lilongwe,2025-01-27,453,Cholera,112.83135710255793,15.742194581097177
Lilongwe,2025-02-03,267,Cholera,67.32416675484745,29.96557758862123
Lilongwe,2025-02-10,460,Cholera,216.33782131107068,20.74755094860291
Lilongwe,2025-02-17,681,Cholera,6.853190600733777,29.750626939005723
Lilongwe,2025-02-24,53,Cholera,99.76755701716542,18.670227111772167
Lilongwe,2025-03-03,336,Cholera,31.184505539623096,34.71914175771788
Lilongwe,2025-03-10,142,Cholera,96.54104432712546,28.56110739336822
Lilongwe,2025-03-17,464,Cholera,164.30672314912113,17.911220428136623
Lilongwe,2025-03-24,221,Cholera,199.05288910894103,28.57927272845353
Lilongwe,2025-03-31,437,Cholera,245.60997348577098,18.50030589384496
Lilongwe,2025-04-07,248,Cholera,50.250253522875596,23.777315528039555
Lilongwe,2025-04-14,499,Cholera,111.6153224009998,29.3679237105082
Lilongwe,2025-04-21,75,Cholera,75.75197568340253,28.442234390762014
Lilongwe,2025-04-28,247,Cholera,27.09394311497637,17.64065518968855
Lilongwe,2025-05-05,595,Cholera,151.24384944348844,28.813182757267384
Lilongwe,2025-05-12,299,Cholera,190.7461614992297,25.916898230131167
Lilongwe,2025-05-19,597,Cholera,48.72205931697957,25.3645865354832
Lilongwe,2025-05-26,114,Cholera,122.06233278097231,28.460261363573913
Lilongwe,2025-06-02,571,Cholera,18.891083683633596,19.35459626387043
Lilongwe,2025-06-09,475,Cholera,143.9152279555049,34.666976424228054
Lilongwe,2025-06-16,578,Cholera,86.90604984184435,23.61587748228883
Lilongwe,2025-06-23,215,Cholera,98.46564320387927,29.730864074370686
Lilongwe,2025-06-30,501,Cholera,239.15877427769698,25.38671064413081
Lilongwe,2025-07-07,164,Cholera,55.47900383883647,30.48384795335806
Lilongwe,2025-07-14,119,Cholera,92.63275042460084,15.248922382079373
Lilongwe,2025-07-21,51,Cholera,188.1185773115047,25.592953753545856
Lilongwe,2025-07-28,555,Cholera,116.288452414824,25.917773599694552
Lilongwe,2025-08-04,631,Cholera,240.08793707116592,26.271214454179734
Lilongwe,2025-08-11,582,Cholera,151.29460121868644,26.82269854314825
Lilongwe,2025-08-18,581,Cholera,11.927584967265814,17.11659600956203
Lilongwe,2025-08-25,346,Cholera,218.54815324206115,21.88698954411519
Lilongwe,2025-09-01,153,Cholera,168.9248878270842,16.792959665460995
Lilongwe,2025-09-08,472,Cholera,197.47354440663923,22.586892695717424
Lilongwe,2025-09-15,202,Cholera,84.19546807779435,26.139310501341726
Lilongwe,2025-09-22,482,Cholera,234.65040159607136,20.338772699717616
Lilongwe,2025-09-29,672,Cholera,140.02693002165955,29.171022103361537
Lilongwe,2025-10-06,428,Cholera,24.596891168650075,19.441336213813273
Lilongwe,2025-10-13,464,Cholera,198.52623625784491,24.137243897625858
Lilongwe,2024-01-01,162,Monkeypox,216.7039109694774,24.252804649675802
Lilongwe,2024-01-08,136,Monkeypox,2.13096615550365,19.04215749927011
Lilongwe,2024-01-15,168,Monkeypox,121.15623510365725,21.25052635911383
Lilongwe,2024-01-22,174,Monkeypox,33.67262244541314,34.381337102509036
Lilongwe,2024-01-29,111,Monkeypox,229.64053949566363,23.97668297725818
Lilongwe,2024-02-05,85,Monkeypox,5.24880649352083,21.405972674130293
Lilongwe,2024-02-12,36,Monkeypox,65.24319968203623,28.079063337141566
Lilongwe,2024-02-19,21,Monkeypox,134.60693352138597,29.011945705740146
Lilongwe,2024-02-26,27,Monkeypox,41.26658478013107,17.618001581085057
Lilongwe,2024-03-04,139,Monkeypox,211.54332456954972,22.26117563608753
Lilongwe,2024-03-11,128,Monkeypox,102.21164909387309,23.530800855796457
Lilongwe,2024-03-18,45,Monkeypox,153.36653900756403,15.642969107216961
Lilongwe,2024-03-25,191,Monkeypox,209.53101276042855,31.789445136758946
Lilongwe,2024-04-01,156,Monkeypox,103.80543267892706,21.272760182720553
Lilongwe,2024-04-08,48,Monkeypox,218.9702599493999,20.33479561254012
Lilongwe,2024-04-15,119,Monkeypox,206.38761820685824,29.928987398880246
Lilongwe,2024-04-22,196,Monkeypox,188.74437650485237,26.321543534093106
Lilongwe,2024-04-29,180,Monkeypox,52.14931448461294,29.219494045721053
Lilongwe,2024-05-06,103,Monkeypox,187.0837146417352,17.246083011703504
Lilongwe,2024-05-13,176,Monkeypox,66.02398614154986,17.941900218292886
Lilongwe,2024-05-20,117,Monkeypox,37.53262511791999,30.985898356102698
Lilongwe,2024-05-27,53,Monkeypox,52.4923904884198,23.722918505079612
Lilongwe,2024-06-03,86,Monkeypox,190.67240518083932,33.075058333065755
Lilongwe,2024-06-10,151,Monkeypox,121.782247457802,27.084319785513912
Lilongwe,2024-06-17,31,Monkeypox,197.53311346758338,17.667757348253158
Lilongwe,2024-06-24,84,Monkeypox,187.34865071511103,34.901708168756784
Lilongwe,2024-07-01,95,Monkeypox,4.660582834330295,32.81094156154096
Lilongwe,2024-07-08,36,Monkeypox,28.78046125843975,21.648954894275434
Lilongwe,2024-07-15,88,Monkeypox,208.1981587252331,19.22282756781213
Lilongwe,2024-07-22,154,Monkeypox,230.7173961314321,34.91078177171268
Lilongwe,2024-07-29,54,Monkeypox,210.18713236895084,16.086891918316077
Lilongwe,2024-08-05,153,Monkeypox,248.9456055330416,30.168633698690194
Lilongwe,2024-08-12,42,Monkeypox,72.24024295653037,18.588427591553312
Lilongwe,2024-08-19,14,Monkeypox,5.008213033887015,27.263752190451203
Lilongwe,2024-08-26,23,Monkeypox,201.1553440175644,23.773554940953638
Lilongwe,2024-09-02,38,Monkeypox,197.58622317783195,26.16410370302308
Lilongwe,2024-09-09,94,Monkeypox,26.552358171211406,20.216216019441916
Lilongwe,2024-09-16,97,Monkeypox,181.14077424625037,17.55775381595417
Lilongwe,2024-09-23,151,Monkeypox,242.25232346221532,31.347952267595332
Lilongwe,2024-09-30,153,Monkeypox,172.01334979920836,32.69922507746244
Lilongwe,2024-10-07,195,Monkeypox,33.04098159885263,31.827209741594135
Lilongwe,2024-10-14,128,Monkeypox,224.04131741783223,34.10916123855226
Lilongwe,2024-10-21,188,Monkeypox,176.33348467257682,17.52212410496561
Lilongwe,2024-10-28,115,Monkeypox,15.164478106437867,24.923383567616305
Lilongwe,2024-11-04,13,Monkeypox,190.46280743518227,29.08024399612009
Lilongwe,2024-11-11,152,Monkeypox,107.7286598421067,20.635107352842365
Lilongwe,2024-11-18,170,Monkeypox,58.79183128983484,29.681816601438328
Lilongwe,2024-11-25,102,Monkeypox,179.06653365478957,33.63889399503783
Lilongwe,2024-12-02,100,Monkeypox,233.1870073378454,33.33122788952119
Lilongwe,2024-12-09,152,Monkeypox,206.1198987210783,21.525135530220584
Lilongwe,2024-12-16,11,Monkeypox,148.4212994682026,16.082774446912218
Lilongwe,2024-12-23,60,Monkeypox,110.1526230375881,23.88805658601598
Lilongwe,2024-12-30,16,Monkeypox,4.763844828146152,31.028944828622055
Lilongwe,2025-01-06,30,Monkeypox,152.0176476016855,20.821117478024256
Lilongwe,2025-01-13,114,Monkeypox,105.81423106747049,26.057919837265885
Lilongwe,2025-01-20,32,Monkeypox,59.9827623054402,17.51841055518268
Lilongwe,2025-01-27,78,Monkeypox,41.5290888735477,17.994581094040715
Lilongwe,2025-02-03,172,Monkeypox,52.66893042631421,28.213760207064087
Lilongwe,2025-02-10,168,Monkeypox,4.033821360051093,31.615770165334087
Lilongwe,2025-02-17,183,Monkeypox,153.57023868988205,28.829338655070355
Lilongwe,2025-02-24,120,Monkeypox,212.98030877219318,29.527481559143936
Lilongwe,2025-03-03,139,Monkeypox,109.0932562060935,18.225436996492633
Lilongwe,2025-03-10,124,Monkeypox,201.4695033365045,28.26565965050584
Lilongwe,2025-03-17,169,Monkeypox,158.86910289254567,31.789368494792885
Lilongwe,2025-03-24,27,Monkeypox,77.1883708344141,27.080112538174532
Lilongwe,2025-03-31,158,Monkeypox,23.852900391007235,27.57454983041615
Lilongwe,2025-04-07,137,Monkeypox,133.97055914921523,33.374276085798236
Lilongwe,2025-04-14,132,Monkeypox,206.15353415162897,23.05556957406612
Lilongwe,2025-04-21,53,Monkeypox,37.46315670249986,23.00999036235197
Lilongwe,2025-04-28,12,Monkeypox,202.62907514431834,26.384222091397618
Lilongwe,2025-05-05,196,Monkeypox,200.6735162318161,25.879775265373695
Lilongwe,2025-05-12,43,Monkeypox,247.01392050821863,18.239060098712915
Lilongwe,2025-05-19,93,Monkeypox,83.89809689650204,33.78263264116126
Lilongwe,2025-05-26,95,Monkeypox,12.324356863510467,31.69322740245056
Lilongwe,2025-06-02,41,Monkeypox,197.53692401084825,24.840124869772584
Lilongwe,2025-06-09,67,Monkeypox,29.300920674122377,31.007901580772195
Lilongwe,2025-06-16,78,Monkeypox,207.94445630564616,21.596143856524552
Lilongwe,2025-06-23,46,Monkeypox,245.44198118668598,28.235924479556388
Lilongwe,2025-06-30,133,Monkeypox,65.36056039337635,15.640418015794232
Lilongwe,2025-07-07,192,Monkeypox,117.47767053379937,31.84969818494184
Lilongwe,2025-07-14,121,Monkeypox,48.014834644026585,24.376847983353798
Lilongwe,2025-07-21,143,Monkeypox,135.82367603078868,24.98719545451929
Lilongwe,2025-07-28,109,Monkeypox,19.837520073177682,23.61155931999442
Lilongwe,2025-08-04,193,Monkeypox,88.23814634120738,20.287186851703712
Lilongwe,2025-08-11,193,Monkeypox,236.10070947458794,17.554500528912357
Lilongwe,2025-08-18,20,Monkeypox,166.33093094804326,23.03351296503793
Lilongwe,2025-08-25,163,Monkeypox,161.02461953506761,30.484112081642493
Lilongwe,2025-09-01,173,Monkeypox,92.79847762536677,33.11433985326012
Lilongwe,2025-09-08,11,Monkeypox,12.722158396293064,29.736772430384363
Lilongwe,2025-09-15,54,Monkeypox,70.78817210869055,32.59576501393046
Lilongwe,2025-09-22,175,Monkeypox,197.5414379789471,27.13370031882289
Lilongwe,2025-09-29,11,Monkeypox,62.76597327410871,29.4684402062694
Lilongwe,2025-10-06,164,Monkeypox,162.86981600693966,26.27250750317273
Lilongwe,2025-10-13,23,Monkeypox,76.97239541817535,21.119610104404767
Machinga,2024-01-01,779,Malaria,5.531335891406474,21.81218292940248
Machinga,2024-01-08,593,Malaria,94.16491107169891,25.41463750829246
Machinga,2024-01-15,863,Malaria,135.431596788301,18.246969183656162
Machinga,2024-01-22,992,Malaria,228.5085729142097,26.733519900455594
Machinga,2024-01-29,247,Malaria,6.103404979904497,15.763021085003064
Machinga,2024-02-05,282,Malaria,155.43106077605654,19.49068900581786
Machinga,2024-02-12,551,Malaria,17.947326401448528,16.123289373465834
Machinga,2024-02-19,213,Malaria,243.99440243307305,27.430729963041898
Machinga,2024-02-26,759,Malaria,61.51126295570031,22.595707050965963
Machinga,2024-03-04,901,Malaria,41.47882801824226,15.524417684625957
Machinga,2024-03-11,220,Malaria,24.12870606253048,26.033821489912224
Machinga,2024-03-18,1423,Malaria,172.3055791671456,20.584608987511803
Machinga,2024-03-25,619,Malaria,68.55961647682707,21.133456027185915
Machinga,2024-04-01,906,Malaria,140.28189853883626,29.683646651793858
Machinga,2024-04-08,346,Malaria,191.05320895245282,28.21874005157839
Machinga,2024-04-15,1257,Malaria,61.31324141588479,24.80067181890111
Machinga,2024-04-22,1150,Malaria,15.088188914436806,19.271399870018513
Machinga,2024-04-29,882,Malaria,207.26081319168878,25.913852485748215
Machinga,2024-05-06,514,Malaria,184.58002206165457,26.878971747664615
Machinga,2024-05-13,309,Malaria,122.25386286973195,20.727918923621957
Machinga,2024-05-20,626,Malaria,205.84541384091943,26.748743540059596
Machinga,2024-05-27,338,Malaria,128.9471973836908,23.503850563437094
Machinga,2024-06-03,1180,Malaria,67.159980991461,15.884063828628056
Machinga,2024-06-10,729,Malaria,14.937975551910037,17.124289398068406
Machinga,2024-06-17,240,Malaria,128.48208984834434,29.87359097772444
Machinga,2024-06-24,1460,Malaria,76.32116959741464,30.085893937134045
Machinga,2024-07-01,292,Malaria,162.06109575822697,15.332342426563248
Machinga,2024-07-08,710,Malaria,230.4233004226898,21.78063417804027
Machinga,2024-07-15,750,Malaria,38.289038267312,16.535004160656342
Machinga,2024-07-22,700,Malaria,101.92118420405305,22.62049010100127
Machinga,2024-07-29,1170,Malaria,63.55798112919453,23.91310469216818
Machinga,2024-08-05,1323,Malaria,215.1795495983442,33.61693552994312
Machinga,2024-08-12,1177,Malaria,114.00039423809577,28.77162618328358
Machinga,2024-08-19,1341,Malaria,139.85383974729297,30.194547732633104
Machinga,2024-08-26,287,Malaria,59.736940297526544,17.353467182337713
Machinga,2024-09-02,918,Malaria,66.43982938796213,26.530933457372733
Machinga,2024-09-09,581,Malaria,130.3731152467259,28.225099139928588
Machinga,2024-09-16,211,Malaria,67.71801964670551,25.96575422734118
Machinga,2024-09-23,1469,Malaria,210.01298369235812,15.062261677832913
Machinga,2024-09-30,756,Malaria,108.0510961828662,32.36660890822889
Machinga,2024-10-07,413,Malaria,93.88768183174001,17.56262991644944
Machinga,2024-10-14,845,Malaria,205.3164485190607,30.404461171447643
Machinga,2024-10-21,723,Malaria,76.5534416916753,27.328978350290612
Machinga,2024-10-28,867,Malaria,158.2470843703282,20.16877189315059
Machinga,2024-11-04,635,Malaria,163.19704658121032,20.854817398400158
Machinga,2024-11-11,1485,Malaria,192.53422553949042,18.53168930856145
Machinga,2024-11-18,458,Malaria,58.59131998016262,34.85365392490874
Machinga,2024-11-25,791,Malaria,165.22098457389333,26.962187268166424
Machinga,2024-12-02,1165,Malaria,143.25556928102105,28.899232593887398
Machinga,2024-12-09,432,Malaria,245.39981007106138,15.129690254898808
Machinga,2024-12-16,1450,Malaria,172.4311758834948,20.696275451892923
Machinga,2024-12-23,1184,Malaria,62.928791934163094,22.94992328708217
Machinga,2024-12-30,921,Malaria,207.05854342493188,18.17892837061513
Machinga,2025-01-06,352,Malaria,0.1176257291096161,17.839433733650683
Machinga,2025-01-13,407,Malaria,13.78064759422079,16.775748391142766
Machinga,2025-01-20,289,Malaria,233.07197425355866,25.76853237084766
Machinga,2025-01-27,201,Malaria,63.91140902244702,27.45346960225197
Machinga,2025-02-03,424,Malaria,90.244267077112,24.94667680943033
Machinga,2025-02-10,1155,Malaria,126.39497808497971,27.264035116397185
Machinga,2025-02-17,370,Malaria,190.71883353516276,23.19699346439024
Machinga,2025-02-24,1409,Malaria,182.6209534497898,28.26223928324882
Machinga,2025-03-03,296,Malaria,37.380650962770574,18.87287390703763
Machinga,2025-03-10,1298,Malaria,10.80130358858647,15.932186503682564
Machinga,2025-03-17,470,Malaria,179.69512946799819,16.20182203495662
Machinga,2025-03-24,247,Malaria,235.61722431177017,27.540453702737818
Machinga,2025-03-31,209,Malaria,99.38879502031465,17.829184734305784
Machinga,2025-04-07,1342,Malaria,156.10043166191917,29.80208037245233
Machinga,2025-04-14,440,Malaria,132.41209690988123,16.632091595975844
Machinga,2025-04-21,1099,Malaria,53.37542317791452,26.41307885457239
Machinga,2025-04-28,1015,Malaria,27.103697735430753,23.827916658056864
Machinga,2025-05-05,1270,Malaria,77.33491167869182,31.654595559394096
Machinga,2025-05-12,1197,Malaria,120.63764805745444,27.333797829585972
Machinga,2025-05-19,1200,Malaria,185.34424230735848,29.736415175652294
Machinga,2025-05-26,818,Malaria,215.89036743297476,19.985184730020592
Machinga,2025-06-02,1150,Malaria,122.9416915168235,25.51655050659741
Machinga,2025-06-09,1117,Malaria,11.830601177470312,28.777198144410278
Machinga,2025-06-16,562,Malaria,32.31043697114549,24.25314559782908
Machinga,2025-06-23,237,Malaria,174.90732417905753,25.271706805749886
Machinga,2025-06-30,952,Malaria,60.16614586505009,31.99506341090673
Machinga,2025-07-07,486,Malaria,208.62780503379938,34.74874905054423
Machinga,2025-07-14,393,Malaria,220.00557364454176,19.739484988721575
Machinga,2025-07-21,1348,Malaria,57.01890403812784,31.258120043538074
Machinga,2025-07-28,639,Malaria,42.71086818659494,18.66369553061403
Machinga,2025-08-04,1122,Malaria,175.7683927451659,15.458138417051321
Machinga,2025-08-11,701,Malaria,19.114859655166683,24.420712053655564
Machinga,2025-08-18,1152,Malaria,19.692857645892154,31.142622314341594
Machinga,2025-08-25,441,Malaria,206.21044430359458,16.22494187285177
Machinga,2025-09-01,756,Malaria,227.46163259389184,30.97400429175989
Machinga,2025-09-08,1063,Malaria,128.96911457174664,31.00095394164436
Machinga,2025-09-15,197,Malaria,246.4444994921595,34.91890247267628
Machinga,2025-09-22,744,Malaria,117.15223107309833,31.523881195008233
Machinga,2025-09-29,170,Malaria,111.98734464405908,28.78161793435435
Machinga,2025-10-06,1243,Malaria,115.46995118565576,24.2627483937383
Machinga,2025-10-13,1398,Malaria,197.90989925098773,17.955632357471554
Machinga,2024-01-01,128,Cholera,72.83577928363816,34.27310882297532
Machinga,2024-01-08,403,Cholera,178.82872137185257,34.25880160841699
Machinga,2024-01-15,381,Cholera,153.27169754025104,25.010601389298568
Machinga,2024-01-22,187,Cholera,178.0169963774557,26.74644667852919
Machinga,2024-01-29,465,Cholera,48.70941751850366,16.218175884423193
Machinga,2024-02-05,389,Cholera,105.06981404039134,16.719349249910348
Machinga,2024-02-12,340,Cholera,165.86361722787842,31.616892782327177
Machinga,2024-02-19,370,Cholera,94.42712152575075,26.806370178026853
Machinga,2024-02-26,176,Cholera,188.85060734118557,22.66489381473567
Machinga,2024-03-04,232,Cholera,23.47189577484493,25.277047690962135
Machinga,2024-03-11,571,Cholera,23.330918480012535,21.72666451899986
Machinga,2024-03-18,415,Cholera,47.199113019658206,28.618009299954103
Machinga,2024-03-25,87,Cholera,176.25044382377786,20.828843827944432
Machinga,2024-04-01,409,Cholera,16.018810684043288,32.4129029379811
Machinga,2024-04-08,176,Cholera,98.74943769090497,18.64562815791451
Machinga,2024-04-15,549,Cholera,22.601354349156416,26.4205828061612
Machinga,2024-04-22,371,Cholera,200.28442958254487,26.536557949794627
Machinga,2024-04-29,483,Cholera,104.19019738132823,17.23418192449399
Machinga,2024-05-06,439,Cholera,42.67821575832037,29.136727817722424
Machinga,2024-05-13,317,Cholera,189.90689109458086,32.134616102366266
Machinga,2024-05-20,321,Cholera,246.57753524933136,24.9690547070542
Machinga,2024-05-27,484,Cholera,161.60550232535525,18.949951317391086
Machinga,2024-06-03,606,Cholera,146.27338483372478,28.917562998502607
Machinga,2024-06-10,634,Cholera,160.37981315659175,28.825036744263365
Machinga,2024-06-17,227,Cholera,246.4155602157266,33.76274978345234
Machinga,2024-06-24,169,Cholera,24.634598511788674,26.299107914884274
Machinga,2024-07-01,360,Cholera,28.16977697026621,31.19822910331215
Machinga,2024-07-08,277,Cholera,134.721362703568,23.234398752690684
Machinga,2024-07-15,536,Cholera,6.61296386475449,34.58764756101908
Machinga,2024-07-22,200,Cholera,157.19758571738933,30.798745043812993
Machinga,2024-07-29,667,Cholera,160.16751323226808,15.62672589892683
Machinga,2024-08-05,687,Cholera,208.48909485168565,31.831546494966577
Machinga,2024-08-12,414,Cholera,104.44222796696084,23.57627379607757
Machinga,2024-08-19,157,Cholera,48.12505434093736,22.288443574251474
Machinga,2024-08-26,407,Cholera,195.6416933298325,34.69821109747214
Machinga,2024-09-02,434,Cholera,130.1937533465204,15.791008223821121
Machinga,2024-09-09,53,Cholera,10.600956624035456,16.961593289420144
Machinga,2024-09-16,642,Cholera,44.11524077426304,33.11379232892398
Machinga,2024-09-23,540,Cholera,120.35104095522433,23.107583723108647
Machinga,2024-09-30,73,Cholera,237.64800842844986,29.080225454786778
Machinga,2024-10-07,293,Cholera,184.99805660038834,28.247352885558968
Machinga,2024-10-14,531,Cholera,104.34587732466474,16.512790565353267
Machinga,2024-10-21,233,Cholera,41.816892801337325,17.57434069351752
Machinga,2024-10-28,668,Cholera,138.26170338508572,31.487607329119015
Machinga,2024-11-04,434,Cholera,53.27221205745117,34.90708373401539
Machinga,2024-11-11,368,Cholera,126.89168029446263,30.09684353057593
Machinga,2024-11-18,600,Cholera,143.4789884521725,21.947892820209383
Machinga,2024-11-25,519,Cholera,94.08334158006629,31.50476755001755
Machinga,2024-12-02,199,Cholera,165.35943246237986,21.807550004986496
Machinga,2024-12-09,649,Cholera,226.22923893459705,30.531644060380884
Machinga,2024-12-16,241,Cholera,25.192372815594418,24.71702700697643
Machinga,2024-12-23,328,Cholera,221.6401544638802,30.226392083787573
Machinga,2024-12-30,288,Cholera,85.47336326442823,18.125021371167037
Machinga,2025-01-06,368,Cholera,96.33147020397156,22.351779654928485
Machinga,2025-01-13,497,Cholera,159.91581181776547,30.606983806403985
Machinga,2025-01-20,53,Cholera,127.99658729242763,24.654499078820237
Machinga,2025-01-27,473,Cholera,154.89835700988488,30.57686798157306
Machinga,2025-02-03,384,Cholera,39.667805473403014,17.310246751805717
Machinga,2025-02-10,131,Cholera,60.333960595218116,27.01970978583625
Machinga,2025-02-17,461,Cholera,2.4866832031795463,31.49394143695407
Machinga,2025-02-24,302,Cholera,66.80422169324996,31.587772577313082
Machinga,2025-03-03,128,Cholera,97.25111079666141,28.19298258006411
Machinga,2025-03-10,524,Cholera,26.341527434653177,22.054111204435415
Machinga,2025-03-17,319,Cholera,48.45193406701481,25.2886888968168
Machinga,2025-03-24,526,Cholera,1.6772966707953862,22.17749504720565
Machinga,2025-03-31,244,Cholera,82.34686178359263,26.299281187728212
Machinga,2025-04-07,554,Cholera,187.29444728986655,18.118095950043866
Machinga,2025-04-14,85,Cholera,63.410087697666484,29.007159818933232
Machinga,2025-04-21,639,Cholera,71.82402676817925,16.267648779209075
Machinga,2025-04-28,478,Cholera,195.73903129702526,17.586921108434446
Machinga,2025-05-05,471,Cholera,66.43442276768391,16.777498874848796
Machinga,2025-05-12,346,Cholera,113.12472991995092,30.12637350543209
Machinga,2025-05-19,290,Cholera,192.42909203708885,31.059666736359866
Machinga,2025-05-26,642,Cholera,182.35608762099676,31.55526433545894
Machinga,2025-06-02,537,Cholera,223.03222463345722,21.85540451262075
Machinga,2025-06-09,584,Cholera,160.53152279369294,15.390693085745308
Machinga,2025-06-16,387,Cholera,211.42613055305637,18.33397352287531
Machinga,2025-06-23,400,Cholera,7.336278512825811,34.94576555313614
Machinga,2025-06-30,520,Cholera,129.07601931979454,16.665795118238307
Machinga,2025-07-07,88,Cholera,23.16233195193537,22.78722680211073
Machinga,2025-07-14,348,Cholera,47.90015642220824,18.757424455332604
Machinga,2025-07-21,296,Cholera,224.83757154593116,33.26165930829973
Machinga,2025-07-28,395,Cholera,44.009788173281386,23.644455972428478
Machinga,2025-08-04,542,Cholera,117.64965919901648,24.15984075929842
Machinga,2025-08-11,543,Cholera,41.48675735720764,17.262782154892783
Machinga,2025-08-18,622,Cholera,124.14221524514451,26.541904317467214
Machinga,2025-08-25,644,Cholera,26.392776971080362,15.980534206899366
Machinga,2025-09-01,454,Cholera,163.56846959812268,19.83691350630041
Machinga,2025-09-08,358,Cholera,126.82181365970072,34.212885153150026
Machinga,2025-09-15,498,Cholera,160.6785917981775,29.302537418058932
Machinga,2025-09-22,574,Cholera,29.34308747753789,19.754512611906947
Machinga,2025-09-29,243,Cholera,63.838974775342756,27.042072735172816
Machinga,2025-10-06,618,Cholera,209.90234173815617,27.041777418369527
Machinga,2025-10-13,635,Cholera,37.458952424580474,25.779382328767262
Machinga,2024-01-01,156,Monkeypox,187.30289673447973,25.119299616220005
Machinga,2024-01-08,175,Monkeypox,84.57916230818108,22.113191054062845
Machinga,2024-01-15,186,Monkeypox,25.650983831049217,34.06485255095896
Machinga,2024-01-22,157,Monkeypox,114.43871153378818,25.18445839748949
Machinga,2024-01-29,196,Monkeypox,199.95744184428827,22.902905144566738
Machinga,2024-02-05,56,Monkeypox,95.53309146930852,16.19391832840248
Machinga,2024-02-12,177,Monkeypox,238.11557924977694,15.419003533532463
Machinga,2024-02-19,194,Monkeypox,65.67696035392837,33.74839111552293
Machinga,2024-02-26,60,Monkeypox,181.40463376003163,24.18053059435224
Machinga,2024-03-04,199,Monkeypox,191.04477955488937,31.24766525545604
Machinga,2024-03-11,79,Monkeypox,46.10805393002435,18.60507088988692
Machinga,2024-03-18,133,Monkeypox,232.24245651273694,22.61652289048219
Machinga,2024-03-25,71,Monkeypox,188.74940301763766,15.98253551474267
Machinga,2024-04-01,156,Monkeypox,237.73396001874684,25.13703508717751
Machinga,2024-04-08,24,Monkeypox,239.40546459086463,20.07544840106399
Machinga,2024-04-15,26,Monkeypox,57.7223167834327,20.511264345126957
Machinga,2024-04-22,90,Monkeypox,211.3173182283111,27.81775047038657
Machinga,2024-04-29,83,Monkeypox,19.482352502989244,25.861787459097744
Machinga,2024-05-06,12,Monkeypox,176.67269790948689,30.744786732759422
Machinga,2024-05-13,150,Monkeypox,23.1450089534454,27.48014800200626
Machinga,2024-05-20,197,Monkeypox,43.8461503004097,19.967454510914298
Machinga,2024-05-27,46,Monkeypox,66.03801824114403,28.394993874127856
Machinga,2024-06-03,136,Monkeypox,152.83345261521035,32.12460845172431
Machinga,2024-06-10,190,Monkeypox,141.28013734395674,21.893444524604995
Machinga,2024-06-17,17,Monkeypox,212.5252147633602,34.76324938044263
Machinga,2024-06-24,93,Monkeypox,246.34525673478234,21.299556006801946
Machinga,2024-07-01,184,Monkeypox,164.64995131673658,19.618074698601426
Machinga,2024-07-08,198,Monkeypox,124.75552340570628,19.870931309787757
Machinga,2024-07-15,67,Monkeypox,36.838310840582785,27.70449091951101
Machinga,2024-07-22,38,Monkeypox,225.73389158162746,31.21082400034051
Machinga,2024-07-29,81,Monkeypox,101.66999595559275,32.31701940148707
Machinga,2024-08-05,23,Monkeypox,210.25248814745268,23.721534763737868
Machinga,2024-08-12,173,Monkeypox,179.0313347840824,19.203110189382606
Machinga,2024-08-19,44,Monkeypox,189.1531603161941,18.112703985813916
Machinga,2024-08-26,64,Monkeypox,102.12864473999147,17.959512994864046
Machinga,2024-09-02,155,Monkeypox,119.14437016159654,27.347857197225178
Machinga,2024-09-09,144,Monkeypox,90.87519566656152,31.82819314213291
Machinga,2024-09-16,64,Monkeypox,93.48852154971962,15.600465489712754
Machinga,2024-09-23,22,Monkeypox,17.810774282145754,30.77073340266484
Machinga,2024-09-30,77,Monkeypox,244.17054089755848,29.685268362157448
Machinga,2024-10-07,62,Monkeypox,110.33000974000237,29.955487707665494
Machinga,2024-10-14,152,Monkeypox,26.937759834684826,34.923929121891334
Machinga,2024-10-21,153,Monkeypox,111.49616003194826,31.532050704012956
Machinga,2024-10-28,165,Monkeypox,244.01836568110465,29.96309071383394
Machinga,2024-11-04,68,Monkeypox,57.55912014087891,27.58718587158349
Machinga,2024-11-11,175,Monkeypox,238.80653813484744,28.11307221464309
Machinga,2024-11-18,180,Monkeypox,105.66577391304074,22.66333636955743
Machinga,2024-11-25,147,Monkeypox,42.44969066532714,28.973098876513177
Machinga,2024-12-02,110,Monkeypox,141.47691948819985,22.11294632550306
Machinga,2024-12-09,120,Monkeypox,19.594039111657942,15.595220943984543
Machinga,2024-12-16,172,Monkeypox,22.561965738398413,17.369587328410976
Machinga,2024-12-23,27,Monkeypox,200.26334664121126,32.21955960709395
Machinga,2024-12-30,53,Monkeypox,20.03529206954274,27.23932382673356
Machinga,2025-01-06,111,Monkeypox,105.03838871939372,15.014963114257693
Machinga,2025-01-13,146,Monkeypox,97.23903118821384,30.801625811888456
Machinga,2025-01-20,187,Monkeypox,34.671660352093156,21.08577139277891
Machinga,2025-01-27,142,Monkeypox,90.4974089068725,18.520608691037054
Machinga,2025-02-03,188,Monkeypox,184.5158320646277,30.391870008552345
Machinga,2025-02-10,30,Monkeypox,130.69556499633208,18.593343932364455
Machinga,2025-02-17,181,Monkeypox,94.53896779158214,23.43041671738966
Machinga,2025-02-24,163,Monkeypox,183.6005359088107,28.413759571524402
Machinga,2025-03-03,166,Monkeypox,161.1207961083988,15.809291365900568
Machinga,2025-03-10,14,Monkeypox,239.62392412834603,31.190594320323424
Machinga,2025-03-17,29,Monkeypox,7.120081971189768,33.30017030620086
Machinga,2025-03-24,75,Monkeypox,80.38089224133627,29.70672064442359
Machinga,2025-03-31,184,Monkeypox,88.26223827375118,33.82630982393264
Machinga,2025-04-07,126,Monkeypox,20.024526277624826,16.877171971438095
Machinga,2025-04-14,77,Monkeypox,99.3430959629644,27.262182366456734
Machinga,2025-04-21,147,Monkeypox,76.50286672596862,19.280188914215046
Machinga,2025-04-28,60,Monkeypox,63.38204617843629,24.091604408868072
Machinga,2025-05-05,130,Monkeypox,8.378495617922145,17.689608149536365
Machinga,2025-05-12,50,Monkeypox,162.49066575717288,25.20126177241999
Machinga,2025-05-19,128,Monkeypox,247.7936569394213,27.96205501945359
Machinga,2025-05-26,158,Monkeypox,120.03560042592306,27.513547857613073
Machinga,2025-06-02,176,Monkeypox,74.1055939424179,20.15887963154196
Machinga,2025-06-09,129,Monkeypox,39.13016144602294,17.322647516708905
Machinga,2025-06-16,128,Monkeypox,24.443661646236237,22.60644136242366
Machinga,2025-06-23,15,Monkeypox,45.43338168134348,16.30035980440837
Machinga,2025-06-30,183,Monkeypox,129.61672994076758,32.62088329797613
Machinga,2025-07-07,69,Monkeypox,24.682316618432814,33.436318071602166
Machinga,2025-07-14,48,Monkeypox,36.83964174697496,26.392172367078487
Machinga,2025-07-21,129,Monkeypox,219.19982432912087,20.553821856824825
Machinga,2025-07-28,132,Monkeypox,20.315593017287775,19.72561808944523
Machinga,2025-08-04,178,Monkeypox,177.58779183879645,19.27918611642533
Machinga,2025-08-11,46,Monkeypox,203.75507901529065,32.68262852945627
Machinga,2025-08-18,114,Monkeypox,223.22562449623348,24.590724158366786
Machinga,2025-08-25,106,Monkeypox,53.792165660388385,23.658341765358323
Machinga,2025-09-01,35,Monkeypox,180.69151216633244,27.93456090428524
Machinga,2025-09-08,56,Monkeypox,11.559689728603217,19.408160263566522
Machinga,2025-09-15,19,Monkeypox,66.73998049639488,18.07453667713653
Machinga,2025-09-22,151,Monkeypox,76.3513537577967,25.0601905054624
Machinga,2025-09-29,28,Monkeypox,134.83671493599385,21.28704674192386
Machinga,2025-10-06,91,Monkeypox,202.55155469680489,31.89141745856419
Machinga,2025-10-13,86,Monkeypox,54.28732227332503,32.33825579214523
Mangochi,2024-01-01,896,Malaria,230.88799156907356,30.985265712801002
Mangochi,2024-01-08,1410,Malaria,54.61422632675844,16.240072913291435
Mangochi,2024-01-15,1348,Malaria,238.72725318887404,22.64967887392507
Mangochi,2024-01-22,1478,Malaria,90.68370618030657,20.11855200567069
Mangochi,2024-01-29,571,Malaria,58.46509876454736,32.86155342772754
Mangochi,2024-02-05,459,Malaria,149.30248990185564,28.380936622403
Mangochi,2024-02-12,545,Malaria,64.9034265961898,18.407122834797352
Mangochi,2024-02-19,1050,Malaria,157.76486709907277,15.008758962007418
Mangochi,2024-02-26,541,Malaria,216.72115606679046,27.15293936369151
Mangochi,2024-03-04,269,Malaria,159.70365839986968,22.7246051948754
Mangochi,2024-03-11,1272,Malaria,81.62343432730366,29.190483782975004
Mangochi,2024-03-18,608,Malaria,193.69773609806649,15.357510563139634
Mangochi,2024-03-25,1488,Malaria,55.04646509264996,24.3199698527365
Mangochi,2024-04-01,1269,Malaria,231.27956208060283,33.866247641838555
Mangochi,2024-04-08,319,Malaria,139.83186478376402,29.80527053459562
Mangochi,2024-04-15,806,Malaria,245.03982038069915,28.194066895156354
Mangochi,2024-04-22,1426,Malaria,14.686805237920236,18.556233056877048
Mangochi,2024-04-29,920,Malaria,52.56155883507921,26.17852596500675
Mangochi,2024-05-06,1109,Malaria,69.25873153609088,25.648505939795935
Mangochi,2024-05-13,810,Malaria,237.9116610754172,20.549850864416257
Mangochi,2024-05-20,1381,Malaria,212.0664403664313,21.199384556919963
Mangochi,2024-05-27,279,Malaria,49.54254558373136,27.675091009760067
Mangochi,2024-06-03,409,Malaria,160.38809405364978,15.899563114650961
Mangochi,2024-06-10,582,Malaria,26.628508650841155,24.987259870981077
Mangochi,2024-06-17,1280,Malaria,237.8466507700939,23.682483456380155
Mangochi,2024-06-24,808,Malaria,216.66547305065993,27.302063756468552
Mangochi,2024-07-01,981,Malaria,177.11057496194312,23.8612113274578
Mangochi,2024-07-08,1041,Malaria,121.96100481240623,15.503158089067828
Mangochi,2024-07-15,446,Malaria,213.5240427340111,20.15513992545483
Mangochi,2024-07-22,1390,Malaria,63.95497959045965,18.520224152078885
Mangochi,2024-07-29,563,Malaria,26.259238954947584,28.46428108251323
Mangochi,2024-08-05,287,Malaria,2.993241554445997,26.045405172585905
Mangochi,2024-08-12,1444,Malaria,135.90700636512588,22.781865125310834
Mangochi,2024-08-19,965,Malaria,204.82199028979994,23.106219941422893
Mangochi,2024-08-26,568,Malaria,38.813234368166114,32.447659940008634
Mangochi,2024-09-02,119,Malaria,19.73098217885305,32.455985949284944
Mangochi,2024-09-09,195,Malaria,67.99594232680568,26.86094276064916
Mangochi,2024-09-16,770,Malaria,83.93625729240762,25.04999809958278
Mangochi,2024-09-23,832,Malaria,134.36653760958583,19.6075205974558
Mangochi,2024-09-30,436,Malaria,212.71959851272644,31.588350596779044
Mangochi,2024-10-07,1065,Malaria,172.36503584849712,34.87090266226782
Mangochi,2024-10-14,292,Malaria,139.35889000681465,33.11715590239034
Mangochi,2024-10-21,1446,Malaria,163.58294071030195,16.36363057598785
Mangochi,2024-10-28,1157,Malaria,179.51619231952054,18.721673861938037
Mangochi,2024-11-04,1228,Malaria,244.4011326599251,26.639421100714557
Mangochi,2024-11-11,217,Malaria,31.89572235298882,22.074909984596868
Mangochi,2024-11-18,727,Malaria,44.46481772884625,18.83908019015424
Mangochi,2024-11-25,1284,Malaria,148.00196931052892,19.059157819753068
Mangochi,2024-12-02,359,Malaria,238.45384876601852,33.191115589478
Mangochi,2024-12-09,483,Malaria,218.01145782117268,26.584163442579047
Mangochi,2024-12-16,1077,Malaria,189.32566229511016,29.390290656267403
Mangochi,2024-12-23,1210,Malaria,134.2426423097875,32.59593094553971
Mangochi,2024-12-30,791,Malaria,142.01002260815136,23.644027274573435
Mangochi,2025-01-06,1285,Malaria,125.1784857250506,27.699994899143448
Mangochi,2025-01-13,1063,Malaria,248.34052035763978,34.2152337478888
Mangochi,2025-01-20,184,Malaria,189.49033119169488,17.462163314297257
Mangochi,2025-01-27,425,Malaria,221.00666598514448,15.157552378296316
Mangochi,2025-02-03,564,Malaria,150.96768249098506,24.076183130533302
Mangochi,2025-02-10,1365,Malaria,245.32134036845844,26.5732561651536
Mangochi,2025-02-17,370,Malaria,43.010018551343485,18.123513901511956
Mangochi,2025-02-24,111,Malaria,218.79245309598036,19.206150432979825
Mangochi,2025-03-03,322,Malaria,47.82037927894444,17.76535389958861
Mangochi,2025-03-10,1065,Malaria,244.15276849780406,31.454097614927242
Mangochi,2025-03-17,1113,Malaria,195.0276121467366,17.592321004072513
Mangochi,2025-03-24,992,Malaria,7.662289020542196,17.242934469798456
Mangochi,2025-03-31,803,Malaria,164.1406295973421,17.587011877168788
Mangochi,2025-04-07,797,Malaria,186.1996389992593,20.390171694439815
Mangochi,2025-04-14,1348,Malaria,130.23359773951026,17.3456589826414
Mangochi,2025-04-21,188,Malaria,79.35459914756763,27.256777684353953
Mangochi,2025-04-28,694,Malaria,148.98948951533296,16.211965326462117
Mangochi,2025-05-05,402,Malaria,41.74645971218638,25.735273210843154
Mangochi,2025-05-12,860,Malaria,208.4476241711055,28.7890847677468
Mangochi,2025-05-19,133,Malaria,139.62821907728608,33.135553887078586
Mangochi,2025-05-26,1215,Malaria,219.36180936362786,34.90747165702069
Mangochi,2025-06-02,417,Malaria,241.4625571337681,24.787512094826212
Mangochi,2025-06-09,371,Malaria,106.93964436450091,31.524432043750245
Mangochi,2025-06-16,1350,Malaria,46.22180318400501,16.403440915826447
Mangochi,2025-06-23,1232,Malaria,143.84734849988175,34.73075630167301
Mangochi,2025-06-30,409,Malaria,74.93497690655241,15.862802351549236
Mangochi,2025-07-07,544,Malaria,120.82665511761704,33.721201849505846
Mangochi,2025-07-14,1377,Malaria,82.07692172200287,20.846764200678173
Mangochi,2025-07-21,799,Malaria,73.82340889502895,25.786742108064292
Mangochi,2025-07-28,1043,Malaria,207.52696481701872,23.700620722536247
Mangochi,2025-08-04,706,Malaria,169.4680779031366,31.75910195173119
Mangochi,2025-08-11,903,Malaria,127.96836356334084,22.573439404437778
Mangochi,2025-08-18,1099,Malaria,54.29594401870677,32.282608572262504
Mangochi,2025-08-25,299,Malaria,231.59089287955243,19.365112522502507
Mangochi,2025-09-01,849,Malaria,153.41657366872576,16.59485383664038
Mangochi,2025-09-08,333,Malaria,179.22765998482024,33.88340804433808
Mangochi,2025-09-15,286,Malaria,177.42946699558073,19.058527744633036
Mangochi,2025-09-22,1411,Malaria,52.200896256703295,32.11968181573484
Mangochi,2025-09-29,756,Malaria,32.69207674597069,25.72156458289639
Mangochi,2025-10-06,542,Malaria,107.15353507319827,31.50680381670471
Mangochi,2025-10-13,869,Malaria,178.74135593175922,29.046921817032743
Mangochi,2024-01-01,524,Cholera,165.49976786432708,19.34403073610702
Mangochi,2024-01-08,548,Cholera,234.20676427567122,27.96187053720402
Mangochi,2024-01-15,636,Cholera,239.11398618231428,27.37751738913513
Mangochi,2024-01-22,218,Cholera,236.55423740162183,20.546856617241033
Mangochi,2024-01-29,596,Cholera,246.71824631558695,23.02914957970679
Mangochi,2024-02-05,290,Cholera,207.55633361324968,19.320146456854832
Mangochi,2024-02-12,121,Cholera,201.28267380107,33.72105648148179
Mangochi,2024-02-19,605,Cholera,175.01016178898195,31.248177353122863
Mangochi,2024-02-26,615,Cholera,111.6569753795344,29.341628321640673
Mangochi,2024-03-04,686,Cholera,84.26989539111466,28.044808050101945
Mangochi,2024-03-11,306,Cholera,199.47518838508324,16.00235395226569
Mangochi,2024-03-18,385,Cholera,47.60724382349463,21.234609181719236
Mangochi,2024-03-25,388,Cholera,186.69979410029947,16.382283998877234
Mangochi,2024-04-01,501,Cholera,102.55399340447255,24.14544056156474
Mangochi,2024-04-08,53,Cholera,7.964025773743638,30.32257665521132
Mangochi,2024-04-15,126,Cholera,92.06316612736055,30.88991276941337
Mangochi,2024-04-22,613,Cholera,193.7841378663821,28.011189421073375
Mangochi,2024-04-29,562,Cholera,42.67861288460581,28.119881150720694
Mangochi,2024-05-06,394,Cholera,171.77250324951947,26.507423035304242
Mangochi,2024-05-13,88,Cholera,196.91407617586322,24.48638468765134
Mangochi,2024-05-20,686,Cholera,245.79971928368818,15.01026192557321
Mangochi,2024-05-27,353,Cholera,205.0250996914027,23.334544051950928
Mangochi,2024-06-03,96,Cholera,145.36344115677318,33.96536885056949
Mangochi,2024-06-10,677,Cholera,20.145955889656815,23.68996091371941
Mangochi,2024-06-17,504,Cholera,241.5192808700545,32.59357504387313
Mangochi,2024-06-24,213,Cholera,173.92570385277457,16.874148917024176
Mangochi,2024-07-01,212,Cholera,68.48771690892805,33.76370896689099
Mangochi,2024-07-08,631,Cholera,224.32954579470547,17.86214379338428
Mangochi,2024-07-15,586,Cholera,10.340545841967613,21.343522975121715
Mangochi,2024-07-22,696,Cholera,198.27864993793816,17.87301333087883
Mangochi,2024-07-29,515,Cholera,99.28822073444462,24.499936520241626
Mangochi,2024-08-05,365,Cholera,144.06705479953487,31.574175121166775
Mangochi,2024-08-12,467,Cholera,42.90309517339938,32.51834748845546
Mangochi,2024-08-19,293,Cholera,162.90741430594605,27.188527770581015
Mangochi,2024-08-26,130,Cholera,188.17118260082233,24.98836366559807
Mangochi,2024-09-02,70,Cholera,163.93661704775155,15.324399027924107
Mangochi,2024-09-09,641,Cholera,65.57450440894624,15.945063948361412
Mangochi,2024-09-16,325,Cholera,97.79946372917276,33.931003669344314
Mangochi,2024-09-23,509,Cholera,54.16185982287125,17.454516698742328
Mangochi,2024-09-30,549,Cholera,105.67113095866537,31.31160913551711
Mangochi,2024-10-07,214,Cholera,46.00187761049754,20.954589023025157
Mangochi,2024-10-14,69,Cholera,235.5115803733789,16.497395140305176
Mangochi,2024-10-21,490,Cholera,19.320596320636124,18.849185355159058
Mangochi,2024-10-28,145,Cholera,4.761206346295649,21.99291281443998
Mangochi,2024-11-04,408,Cholera,72.33638814950882,34.52360716227673
Mangochi,2024-11-11,338,Cholera,207.75672842539578,16.577703697202345
Mangochi,2024-11-18,102,Cholera,90.9021900119279,20.37896881429357
Mangochi,2024-11-25,277,Cholera,246.21554851161082,28.981330350036764
Mangochi,2024-12-02,125,Cholera,57.71082815970868,25.251006903704113
Mangochi,2024-12-09,570,Cholera,105.74110938677333,28.68420760927858
Mangochi,2024-12-16,208,Cholera,144.5832901734347,23.005560916457863
Mangochi,2024-12-23,379,Cholera,42.562766928925186,28.66202092123652
Mangochi,2024-12-30,95,Cholera,211.20012241158437,30.240794635369845
Mangochi,2025-01-06,454,Cholera,33.21657326951028,22.694697748187572
Mangochi,2025-01-13,555,Cholera,202.0466485141012,25.12282594777627
Mangochi,2025-01-20,242,Cholera,28.815367074075283,18.1868985122074
Mangochi,2025-01-27,545,Cholera,178.58119174620765,25.822787606092838
Mangochi,2025-02-03,448,Cholera,196.39655586650838,18.21089788651191
Mangochi,2025-02-10,313,Cholera,62.5555296375056,30.92925796800723
Mangochi,2025-02-17,104,Cholera,180.43291251454886,23.171883510854023
Mangochi,2025-02-24,264,Cholera,87.94691801624637,16.39748809042843
Mangochi,2025-03-03,693,Cholera,19.373529000100557,32.77267119341967
Mangochi,2025-03-10,345,Cholera,154.52477950928775,24.89860853379471
Mangochi,2025-03-17,271,Cholera,96.27560957343628,20.716544707287955
Mangochi,2025-03-24,147,Cholera,172.79073825550236,21.950952363523744
Mangochi,2025-03-31,393,Cholera,66.77370498568277,18.19141962743637
Mangochi,2025-04-07,365,Cholera,40.01657528322253,16.593173311814443
Mangochi,2025-04-14,608,Cholera,14.962049614090478,34.49702075134883
Mangochi,2025-04-21,447,Cholera,243.4709423180089,22.983350972969355
Mangochi,2025-04-28,75,Cholera,230.5407837764119,28.681740443692725
Mangochi,2025-05-05,450,Cholera,110.35205127736153,30.890189276481046
Mangochi,2025-05-12,641,Cholera,242.6935120314092,32.028875352502936
Mangochi,2025-05-19,519,Cholera,122.60595610073504,15.603227797474942
Mangochi,2025-05-26,657,Cholera,1.4601216554452068,32.9714604199052
Mangochi,2025-06-02,119,Cholera,183.86289121520346,19.053995779577406
Mangochi,2025-06-09,442,Cholera,19.928617862665394,20.324007671338876
Mangochi,2025-06-16,346,Cholera,177.8727872488021,20.091385080863983
Mangochi,2025-06-23,94,Cholera,111.64973132609119,28.39553491709715
Mangochi,2025-06-30,477,Cholera,191.88927746919288,21.495552274024632
Mangochi,2025-07-07,308,Cholera,75.94677502074951,23.746851135182887
Mangochi,2025-07-14,657,Cholera,39.05750814225739,18.405833725839265
Mangochi,2025-07-21,230,Cholera,120.70282252602354,21.178996717419267
Mangochi,2025-07-28,683,Cholera,73.25985583977595,34.585970541318474
Mangochi,2025-08-04,698,Cholera,49.91680918648697,23.409729906897695
Mangochi,2025-08-11,267,Cholera,167.2135833959958,23.580832847361112
Mangochi,2025-08-18,264,Cholera,132.96667709211061,23.983239859858713
Mangochi,2025-08-25,138,Cholera,180.0182922234657,29.044340546797404
Mangochi,2025-09-01,65,Cholera,157.19266044242914,26.732540871663442
Mangochi,2025-09-08,373,Cholera,202.75324538729387,29.17248646245114
Mangochi,2025-09-15,373,Cholera,115.09650530862831,34.53415258966529
Mangochi,2025-09-22,243,Cholera,20.28868635899431,28.921913190252994
Mangochi,2025-09-29,152,Cholera,156.88991981572067,32.80278135971997
Mangochi,2025-10-06,406,Cholera,10.722547432383573,34.89486162259553
Mangochi,2025-10-13,231,Cholera,54.67762043191474,24.665527732795063
Mangochi,2024-01-01,11,Monkeypox,215.07022768117213,25.473573054759772
Mangochi,2024-01-08,104,Monkeypox,210.53854381687222,24.043586340333214
Mangochi,2024-01-15,149,Monkeypox,68.46333836689672,15.015898068380135
Mangochi,2024-01-22,56,Monkeypox,182.3741979863446,15.533858064594064
Mangochi,2024-01-29,98,Monkeypox,40.64240638525027,18.720587391141894
Mangochi,2024-02-05,47,Monkeypox,83.94802126864248,33.27984573632064
Mangochi,2024-02-12,107,Monkeypox,14.039601170080186,15.532707878131141
Mangochi,2024-02-19,121,Monkeypox,183.28085204123457,27.731814585264686
Mangochi,2024-02-26,131,Monkeypox,27.20395894412084,22.886134298954538
Mangochi,2024-03-04,143,Monkeypox,140.91608332333158,17.780323383927083
Mangochi,2024-03-11,110,Monkeypox,226.17341603754002,15.341358498442816
Mangochi,2024-03-18,128,Monkeypox,134.37392512646758,31.194530893189373
Mangochi,2024-03-25,169,Monkeypox,178.97527852784137,16.54654565594235
Mangochi,2024-04-01,54,Monkeypox,29.08398405368187,23.896191430969395
Mangochi,2024-04-08,35,Monkeypox,129.9099582284434,29.08091660039289
Mangochi,2024-04-15,155,Monkeypox,211.23769364100144,16.383953724944107
Mangochi,2024-04-22,188,Monkeypox,235.24306579132647,19.60992353951464
Mangochi,2024-04-29,91,Monkeypox,108.08811368973286,15.624359191101316
Mangochi,2024-05-06,177,Monkeypox,7.198271878459117,24.491619798159924
Mangochi,2024-05-13,40,Monkeypox,40.65764994273866,30.420448714598827
Mangochi,2024-05-20,43,Monkeypox,54.20708607870406,30.616836480380172
Mangochi,2024-05-27,54,Monkeypox,204.65990581094178,17.130861211868552
Mangochi,2024-06-03,80,Monkeypox,80.27829878378012,19.509077420224145
Mangochi,2024-06-10,36,Monkeypox,178.67114110503363,33.29915720890674
Mangochi,2024-06-17,15,Monkeypox,201.7093352631539,24.374580447089595
Mangochi,2024-06-24,17,Monkeypox,99.88012546695646,30.622061749824752
Mangochi,2024-07-01,22,Monkeypox,147.89809943862855,22.67915235802657
Mangochi,2024-07-08,158,Monkeypox,222.66234431668335,23.780024794214555
Mangochi,2024-07-15,145,Monkeypox,4.2138244471533195,22.20695082874913
Mangochi,2024-07-22,40,Monkeypox,31.230602805183832,30.89530103909695
Mangochi,2024-07-29,39,Monkeypox,65.55290444407663,20.41426188187625
Mangochi,2024-08-05,88,Monkeypox,174.04730065012518,29.33384926122795
Mangochi,2024-08-12,48,Monkeypox,90.61209585362576,15.814466002835703
Mangochi,2024-08-19,63,Monkeypox,242.27417478827485,26.129958929431044
Mangochi,2024-08-26,169,Monkeypox,225.6108541272325,16.75407303302457
Mangochi,2024-09-02,64,Monkeypox,139.44696900701328,19.64362868164342
Mangochi,2024-09-09,39,Monkeypox,166.5458634942627,18.895622112952164
Mangochi,2024-09-16,58,Monkeypox,174.838508459364,15.391095757125566
Mangochi,2024-09-23,13,Monkeypox,195.1742953483557,29.88758325174111
Mangochi,2024-09-30,77,Monkeypox,80.53683784755327,23.080674674039642
Mangochi,2024-10-07,93,Monkeypox,50.85308135398495,21.45079643161208
Mangochi,2024-10-14,135,Monkeypox,102.14481379778653,32.33259809932582
Mangochi,2024-10-21,52,Monkeypox,175.11616177243172,28.21614543595919
Mangochi,2024-10-28,145,Monkeypox,227.09730322067654,17.84829699705363
Mangochi,2024-11-04,176,Monkeypox,224.13660048678733,30.31813543528027
Mangochi,2024-11-11,73,Monkeypox,169.25241829957244,20.586169453453998
Mangochi,2024-11-18,102,Monkeypox,85.71539211122773,29.556339066372253
Mangochi,2024-11-25,33,Monkeypox,216.72892609788687,32.95930976615347
Mangochi,2024-12-02,144,Monkeypox,175.50310253723143,18.291668824002677
Mangochi,2024-12-09,109,Monkeypox,84.65715471826934,19.321397917150104
Mangochi,2024-12-16,31,Monkeypox,139.88054298401278,23.499839731008024
Mangochi,2024-12-23,69,Monkeypox,45.50892467201448,17.04729806557226
Mangochi,2024-12-30,57,Monkeypox,53.29099408922225,22.35499018961935
Mangochi,2025-01-06,144,Monkeypox,20.792084815623806,21.566187807609722
Mangochi,2025-01-13,153,Monkeypox,59.59831052994838,19.3428205927404
Mangochi,2025-01-20,147,Monkeypox,61.94697153347545,17.606017750564774
Mangochi,2025-01-27,135,Monkeypox,214.5062705271398,21.97251764335968
Mangochi,2025-02-03,178,Monkeypox,157.35404466153153,29.095715121261637
Mangochi,2025-02-10,80,Monkeypox,118.56228491412321,22.79410910365687
Mangochi,2025-02-17,53,Monkeypox,224.55125821560432,34.08005354546608
Mangochi,2025-02-24,31,Monkeypox,33.18538915960631,23.1369126788624
Mangochi,2025-03-03,47,Monkeypox,137.2961419861578,24.18263249195796
Mangochi,2025-03-10,199,Monkeypox,108.8159841465266,32.02847926574593
Mangochi,2025-03-17,184,Monkeypox,15.637012268780975,33.678248346482206
Mangochi,2025-03-24,135,Monkeypox,242.33681288568582,22.924345900460033
Mangochi,2025-03-31,108,Monkeypox,87.94993338399063,22.829580625985884
Mangochi,2025-04-07,61,Monkeypox,118.77796461587484,26.571687723852527
Mangochi,2025-04-14,157,Monkeypox,60.822204522909765,25.413021181601167
Mangochi,2025-04-21,147,Monkeypox,89.62580428648525,33.27999873511561
Mangochi,2025-04-28,83,Monkeypox,44.96308211524974,19.899155108171193
Mangochi,2025-05-05,97,Monkeypox,102.4754016988087,31.288466394963205
Mangochi,2025-05-12,33,Monkeypox,190.1124435765733,24.872477658146277
Mangochi,2025-05-19,33,Monkeypox,248.20612893275154,18.246453787605333
Mangochi,2025-05-26,13,Monkeypox,40.515067698747494,27.711070288872605
Mangochi,2025-06-02,46,Monkeypox,19.26894672923088,20.042823779393856
Mangochi,2025-06-09,63,Monkeypox,189.57649193913574,18.702690568197255
Mangochi,2025-06-16,139,Monkeypox,114.31050324523598,19.638889901387508
Mangochi,2025-06-23,41,Monkeypox,158.798973438111,30.788097022768472
Mangochi,2025-06-30,160,Monkeypox,226.5521577139675,24.704522672201634
Mangochi,2025-07-07,122,Monkeypox,27.55927787376877,28.092392749007825
Mangochi,2025-07-14,24,Monkeypox,173.4702033342125,31.086912642317547
Mangochi,2025-07-21,188,Monkeypox,123.45311603966641,16.6500837445379
Mangochi,2025-07-28,24,Monkeypox,34.02822990682025,26.761947110146114
Mangochi,2025-08-04,178,Monkeypox,153.57616790883316,23.905803015007862
Mangochi,2025-08-11,163,Monkeypox,156.5166017262545,23.20892671910165
Mangochi,2025-08-18,43,Monkeypox,78.48849460689195,32.35449643236582
Mangochi,2025-08-25,58,Monkeypox,23.463315764048033,22.935362765071854
Mangochi,2025-09-01,61,Monkeypox,75.85933014028822,25.07108662057093
Mangochi,2025-09-08,69,Monkeypox,72.20719743744198,31.192129832922618
Mangochi,2025-09-15,178,Monkeypox,221.99554503434175,33.25871911959392
Mangochi,2025-09-22,152,Monkeypox,200.09826006795706,30.9624627047899
Mangochi,2025-09-29,195,Monkeypox,208.1984264839717,18.556168014656627
Mangochi,2025-10-06,187,Monkeypox,119.5398424646843,28.267339837907073
Mangochi,2025-10-13,77,Monkeypox,242.5649213473714,24.76524869225524
Mchinji,2024-01-01,521,Malaria,50.069381783030856,28.862747006614047
Mchinji,2024-01-08,717,Malaria,110.72017610246337,33.78095444575899
Mchinji,2024-01-15,1123,Malaria,114.95973528457019,21.323292726221226
Mchinji,2024-01-22,486,Malaria,138.04946817563962,22.83140204255182
Mchinji,2024-01-29,585,Malaria,218.26675492203043,32.478094145589566
Mchinji,2024-02-05,1043,Malaria,180.24747512299047,26.80583511128116
Mchinji,2024-02-12,558,Malaria,178.67547844952503,22.12146025644674
Mchinji,2024-02-19,1309,Malaria,18.822382649329562,20.106889066981612
Mchinji,2024-02-26,965,Malaria,209.2860835396825,19.668133121010776
Mchinji,2024-03-04,189,Malaria,219.71415219558057,28.5613473083526
Mchinji,2024-03-11,608,Malaria,115.25986549421991,30.408732872245103
Mchinji,2024-03-18,1452,Malaria,113.02563620995646,22.41133075359766
Mchinji,2024-03-25,220,Malaria,0.017144832617582706,22.521236448392955
Mchinji,2024-04-01,1077,Malaria,13.669541727740153,33.06801794976286
Mchinji,2024-04-08,463,Malaria,241.21836535177016,23.85833136917691
Mchinji,2024-04-15,1057,Malaria,111.66854045862895,33.72441423213438
Mchinji,2024-04-22,1136,Malaria,239.53677474048618,27.32508517420088
Mchinji,2024-04-29,257,Malaria,196.37308098708007,17.917389558449962
Mchinji,2024-05-06,1429,Malaria,65.05736740810904,20.623870723635005
Mchinji,2024-05-13,425,Malaria,70.49558612775209,32.3061470658736
Mchinji,2024-05-20,488,Malaria,99.55311705722202,33.4966404877331
Mchinji,2024-05-27,1109,Malaria,42.9897401132176,27.951155660521223
Mchinji,2024-06-03,808,Malaria,245.43382622664615,20.993426097973465
Mchinji,2024-06-10,583,Malaria,94.06556315184244,21.51314856838181
Mchinji,2024-06-17,623,Malaria,157.2989705040156,30.449386360065105
Mchinji,2024-06-24,582,Malaria,209.17884684853917,28.715207148590032
Mchinji,2024-07-01,1016,Malaria,0.036495216119591944,15.004160757304339
Mchinji,2024-07-08,778,Malaria,7.8423194161980625,25.602546635156337
Mchinji,2024-07-15,882,Malaria,240.18159282453803,18.9108297695841
Mchinji,2024-07-22,1134,Malaria,7.852424125306734,20.609265714427945
Mchinji,2024-07-29,632,Malaria,223.3444688398122,31.32679653534038
Mchinji,2024-08-05,951,Malaria,132.26017467208453,28.39653567039036
Mchinji,2024-08-12,1002,Malaria,87.04712716745664,21.631285044395373
Mchinji,2024-08-19,232,Malaria,91.2871527638655,29.040970414536723
Mchinji,2024-08-26,1059,Malaria,121.3158353722926,26.14295961887364
Mchinji,2024-09-02,131,Malaria,174.8302139151016,25.54170663983663
Mchinji,2024-09-09,144,Malaria,101.31263517196592,32.71922448345538
Mchinji,2024-09-16,1286,Malaria,87.48910902495338,18.77363775565326
Mchinji,2024-09-23,813,Malaria,73.9004285443105,31.993417667098463
Mchinji,2024-09-30,1029,Malaria,125.20757036667283,30.754175576488503
Mchinji,2024-10-07,1135,Malaria,158.03360264158798,16.451446521224383
Mchinji,2024-10-14,609,Malaria,74.99702623243329,25.52744271396916
Mchinji,2024-10-21,1358,Malaria,175.31968279458832,24.088428585687577
Mchinji,2024-10-28,1215,Malaria,11.47799553097445,15.841504697579502
Mchinji,2024-11-04,1081,Malaria,230.49990878591882,31.016176220876442
Mchinji,2024-11-11,127,Malaria,146.31001988232018,31.3770003394873
Mchinji,2024-11-18,1110,Malaria,73.37271033982925,19.052665413038575
Mchinji,2024-11-25,681,Malaria,85.48777059709522,15.619330418410659
Mchinji,2024-12-02,270,Malaria,72.69470413302243,18.02306301486181
Mchinji,2024-12-09,1126,Malaria,34.961842306158594,19.47263672257935
Mchinji,2024-12-16,1445,Malaria,112.97046728809434,18.852637375499025
Mchinji,2024-12-23,520,Malaria,145.82181008271263,21.309055162843524
Mchinji,2024-12-30,219,Malaria,52.72962284528085,31.381673944430602
Mchinji,2025-01-06,915,Malaria,242.71506226609708,26.78124772145256
Mchinji,2025-01-13,1352,Malaria,39.573266638749274,22.938536428736214
Mchinji,2025-01-20,1036,Malaria,249.07768189908074,27.424805108049227
Mchinji,2025-01-27,1282,Malaria,185.32781073196207,18.810000530891408
Mchinji,2025-02-03,885,Malaria,142.95435738449083,23.069983820030213
Mchinji,2025-02-10,882,Malaria,248.90550223096773,25.543842064647734
Mchinji,2025-02-17,142,Malaria,63.34700529511278,25.187714305939352
Mchinji,2025-02-24,1188,Malaria,94.88133817465938,22.039343856348744
Mchinji,2025-03-03,133,Malaria,191.38448582913153,21.21517020922188
Mchinji,2025-03-10,1245,Malaria,213.90198196411623,31.689418740952505
Mchinji,2025-03-17,1353,Malaria,214.56487995837742,21.974069425053337
Mchinji,2025-03-24,407,Malaria,160.92368325428095,19.668694753470977
Mchinji,2025-03-31,915,Malaria,132.79359728299247,29.31491458394926
Mchinji,2025-04-07,597,Malaria,159.06270657232952,19.388157609250133
Mchinji,2025-04-14,973,Malaria,229.88643864305834,30.208673625962298
Mchinji,2025-04-21,403,Malaria,74.07875495450297,28.00829457029635
Mchinji,2025-04-28,1440,Malaria,31.133168360876873,26.13352488291092
Mchinji,2025-05-05,115,Malaria,67.73141859976106,34.534516187719596
Mchinji,2025-05-12,286,Malaria,67.44966670868374,27.048961936184007
Mchinji,2025-05-19,453,Malaria,39.0153251236558,21.040671095287067
Mchinji,2025-05-26,1022,Malaria,66.03540210615816,19.211998733201284
Mchinji,2025-06-02,639,Malaria,64.59816661387208,17.86937024946119
Mchinji,2025-06-09,281,Malaria,32.14852135677801,27.69490585488031
Mchinji,2025-06-16,1034,Malaria,11.894164023509013,17.484114545703292
Mchinji,2025-06-23,1422,Malaria,103.42536912989938,19.353149499885298
Mchinji,2025-06-30,1439,Malaria,90.50951843401445,28.75116224611523
Mchinji,2025-07-07,1423,Malaria,35.099762750548265,23.031993192714047
Mchinji,2025-07-14,649,Malaria,126.80378013345658,24.082166609884425
Mchinji,2025-07-21,315,Malaria,145.73289716830243,32.15818747256157
Mchinji,2025-07-28,332,Malaria,204.87515265180545,15.359218278614396
Mchinji,2025-08-04,540,Malaria,230.5297410736678,21.17840828693383
Mchinji,2025-08-11,1095,Malaria,53.673373236584496,30.222038767742866
Mchinji,2025-08-18,838,Malaria,193.02690107306535,21.45609505585285
Mchinji,2025-08-25,692,Malaria,100.82657113767354,26.164672605428528
Mchinji,2025-09-01,478,Malaria,109.44867836033929,26.268914115117973
Mchinji,2025-09-08,679,Malaria,84.9171802976764,24.827562251984638
Mchinji,2025-09-15,377,Malaria,58.77348506240557,17.456388518892293
Mchinji,2025-09-22,785,Malaria,98.13892056956733,17.409441740810536
Mchinji,2025-09-29,860,Malaria,42.06956249742849,28.02941044901727
Mchinji,2025-10-06,117,Malaria,47.37350864252071,32.059034141150704
Mchinji,2025-10-13,1058,Malaria,74.30057002943904,22.937201124812056
Mchinji,2024-01-01,395,Cholera,3.1251877404371853,16.942268855593188
Mchinji,2024-01-08,524,Cholera,128.78361249810814,34.58364733007926
Mchinji,2024-01-15,316,Cholera,2.039478688176888,16.841663428531955
Mchinji,2024-01-22,174,Cholera,38.78362987831879,15.09280661819147
Mchinji,2024-01-29,386,Cholera,14.921560219277568,24.68746077899446
Mchinji,2024-02-05,174,Cholera,18.374225060323713,20.484009902406022
Mchinji,2024-02-12,376,Cholera,185.99718659978984,26.372644871619713
Mchinji,2024-02-19,327,Cholera,71.99110780364964,31.23155911177291
Mchinji,2024-02-26,293,Cholera,158.7423463118566,27.19933547589758
Mchinji,2024-03-04,411,Cholera,86.75574912355921,30.63834796399008
Mchinji,2024-03-11,84,Cholera,101.23038279718155,25.041575575866048
Mchinji,2024-03-18,640,Cholera,175.0004405869,24.828640945546013
Mchinji,2024-03-25,575,Cholera,158.11548281483917,30.730049041618308
Mchinji,2024-04-01,223,Cholera,158.81448760463522,18.719654530754962
Mchinji,2024-04-08,322,Cholera,229.9074099700721,34.19360300401747
Mchinji,2024-04-15,292,Cholera,115.63777585527971,23.9385008720714
Mchinji,2024-04-22,170,Cholera,220.9197270506279,30.353940956508502
Mchinji,2024-04-29,465,Cholera,135.84498848684618,34.681041580447925
Mchinji,2024-05-06,603,Cholera,61.35023037023027,29.756242447446944
Mchinji,2024-05-13,278,Cholera,9.007566029733184,19.921661361505294
Mchinji,2024-05-20,411,Cholera,81.23668563569703,25.191116204121386
Mchinji,2024-05-27,427,Cholera,177.13830477013985,20.0648977216089
Mchinji,2024-06-03,657,Cholera,92.71015831065645,20.661492285272093
Mchinji,2024-06-10,134,Cholera,12.162350181123882,31.888603290369595
Mchinji,2024-06-17,471,Cholera,93.5912912255673,26.31084898323622
Mchinji,2024-06-24,72,Cholera,209.1519544726738,26.929982000482998
Mchinji,2024-07-01,189,Cholera,131.7137803611534,30.5901582256132
Mchinji,2024-07-08,698,Cholera,55.05297305130233,24.374816853367456
Mchinji,2024-07-15,468,Cholera,80.85047672761635,18.924906158144797
Mchinji,2024-07-22,339,Cholera,3.3583830883298638,30.297874952088563
Mchinji,2024-07-29,633,Cholera,237.76393119230687,25.86141132461709
Mchinji,2024-08-05,366,Cholera,198.1235957489255,23.76377999341492
Mchinji,2024-08-12,643,Cholera,32.420004333972265,23.956646883095498
Mchinji,2024-08-19,438,Cholera,203.37793645211423,26.537683811392196
Mchinji,2024-08-26,272,Cholera,103.90655447503278,30.732528995065188
Mchinji,2024-09-02,553,Cholera,8.522332184500826,28.837998875999855
Mchinji,2024-09-09,486,Cholera,130.17341145633867,21.10898565435911
Mchinji,2024-09-16,513,Cholera,21.111197585603954,29.05295428854967
Mchinji,2024-09-23,214,Cholera,99.25691750502466,21.826042952585958
Mchinji,2024-09-30,220,Cholera,171.5456355937009,17.495626280694133
Mchinji,2024-10-07,340,Cholera,52.9731136527565,33.280669201748935
Mchinji,2024-10-14,132,Cholera,168.5684707708766,28.722726626952518
Mchinji,2024-10-21,226,Cholera,19.755792861340133,16.58142898427921
Mchinji,2024-10-28,375,Cholera,185.24195748975163,21.085083306466196
Mchinji,2024-11-04,395,Cholera,170.73123668677962,23.654024030181333
Mchinji,2024-11-11,57,Cholera,15.146981181552526,24.51704796191001
Mchinji,2024-11-18,533,Cholera,142.9453380291104,22.90574816107231
Mchinji,2024-11-25,157,Cholera,195.68574400868698,21.269844375757515
Mchinji,2024-12-02,553,Cholera,165.9862893440641,28.999138315422435
Mchinji,2024-12-09,425,Cholera,84.04528304596839,18.970408833858595
Mchinji,2024-12-16,195,Cholera,242.3938991119824,30.354729516022484
Mchinji,2024-12-23,171,Cholera,114.50388055367378,26.665955037169567
Mchinji,2024-12-30,89,Cholera,24.44763287452098,26.67085521326004
Mchinji,2025-01-06,213,Cholera,180.17016179434418,15.112166497034519
Mchinji,2025-01-13,345,Cholera,218.73708766509384,20.57486216147487
Mchinji,2025-01-20,162,Cholera,133.25391956498635,19.861713546407124
Mchinji,2025-01-27,639,Cholera,70.0597695719497,17.73051813978385
Mchinji,2025-02-03,373,Cholera,27.54307420171126,25.90527388159007
Mchinji,2025-02-10,65,Cholera,106.37558980084297,33.742118229899035
Mchinji,2025-02-17,75,Cholera,165.5626944593589,15.123196163853939
Mchinji,2025-02-24,248,Cholera,245.58738095721003,21.125974594810526
Mchinji,2025-03-03,426,Cholera,127.03968190532116,21.02583843648867
Mchinji,2025-03-10,314,Cholera,194.80141006552282,29.342712255369538
Mchinji,2025-03-17,411,Cholera,232.9801384649695,33.436989732386294
Mchinji,2025-03-24,695,Cholera,15.021031262444279,20.311561698369452
Mchinji,2025-03-31,573,Cholera,48.02583378140932,24.829221133796064
Mchinji,2025-04-07,436,Cholera,76.0375032383881,26.638537858504097
Mchinji,2025-04-14,397,Cholera,208.38399020578734,20.166561576698214
Mchinji,2025-04-21,166,Cholera,0.6063382256756567,28.54059301999449
Mchinji,2025-04-28,364,Cholera,170.82160833245464,32.29357540240392
Mchinji,2025-05-05,596,Cholera,9.871908208274688,32.24035095539365
Mchinji,2025-05-12,570,Cholera,189.81786862698277,26.885731259440664
Mchinji,2025-05-19,83,Cholera,245.677282100719,26.626362099448343
Mchinji,2025-05-26,104,Cholera,143.85552824634593,16.92473271342346
Mchinji,2025-06-02,85,Cholera,135.51109374134882,27.01561253007585
Mchinji,2025-06-09,516,Cholera,38.181397902799844,15.098712991554953
Mchinji,2025-06-16,418,Cholera,85.2806505133121,34.32230029721353
Mchinji,2025-06-23,177,Cholera,213.0570432007226,27.224738705223515
Mchinji,2025-06-30,455,Cholera,136.57052313046023,31.847976897955913
Mchinji,2025-07-07,481,Cholera,215.74299791008914,33.042183423903296
Mchinji,2025-07-14,489,Cholera,62.368590533359,19.76533637554258
Mchinji,2025-07-21,129,Cholera,71.94054146529847,20.56737612762537
Mchinji,2025-07-28,277,Cholera,24.84849188544555,26.699515568398212
Mchinji,2025-08-04,394,Cholera,131.37035034019945,25.521564418922026
Mchinji,2025-08-11,347,Cholera,19.445921662778503,31.8013938130855
Mchinji,2025-08-18,641,Cholera,124.4080044651491,18.254682257700622
Mchinji,2025-08-25,193,Cholera,6.538908280451783,15.614394829590715
Mchinji,2025-09-01,415,Cholera,136.85795414316684,27.66082150483727
Mchinji,2025-09-08,548,Cholera,190.65066304686337,33.77687206594234
Mchinji,2025-09-15,99,Cholera,232.12480941011236,20.636758756989202
Mchinji,2025-09-22,348,Cholera,115.55270941091811,33.60996335376923
Mchinji,2025-09-29,436,Cholera,115.03469460965512,26.097395295265944
Mchinji,2025-10-06,212,Cholera,219.05153553663357,31.4594165697261
Mchinji,2025-10-13,428,Cholera,236.56107212617576,31.357166212161008
Mchinji,2024-01-01,170,Monkeypox,196.87141717985133,18.763788167284016
Mchinji,2024-01-08,135,Monkeypox,75.02461689525286,25.245699061037413
Mchinji,2024-01-15,129,Monkeypox,13.009332138564005,34.25080761047132
Mchinji,2024-01-22,99,Monkeypox,21.589933600198897,29.648918415301786
Mchinji,2024-01-29,127,Monkeypox,17.162146021111713,34.33103094331415
Mchinji,2024-02-05,135,Monkeypox,139.2362171856449,18.262377085730975
Mchinji,2024-02-12,185,Monkeypox,217.9079723073537,31.424587036151244
Mchinji,2024-02-19,138,Monkeypox,67.44362751276445,24.666066564638825
Mchinji,2024-02-26,39,Monkeypox,141.09925343177832,15.5727394734919
Mchinji,2024-03-04,149,Monkeypox,217.5124110496792,20.791060036147307
Mchinji,2024-03-11,133,Monkeypox,122.48395651105312,17.881671280753967
Mchinji,2024-03-18,37,Monkeypox,121.19029919536423,19.838149388612145
Mchinji,2024-03-25,158,Monkeypox,233.9381900028994,18.819922515044038
Mchinji,2024-04-01,35,Monkeypox,25.680382708461817,18.831613101439174
Mchinji,2024-04-08,144,Monkeypox,159.66125558080614,15.385645903541814
Mchinji,2024-04-15,52,Monkeypox,29.567115407721722,32.40367190216705
Mchinji,2024-04-22,116,Monkeypox,226.041254557169,26.603380246016634
Mchinji,2024-04-29,138,Monkeypox,183.00089630394424,16.43640631441165
Mchinji,2024-05-06,78,Monkeypox,65.01348818591637,33.13932256512926
Mchinji,2024-05-13,185,Monkeypox,130.40564049596742,34.93421703626563
Mchinji,2024-05-20,113,Monkeypox,231.05704466243358,30.024210775369568
Mchinji,2024-05-27,98,Monkeypox,9.801695233543379,19.922079905670703
Mchinji,2024-06-03,89,Monkeypox,142.11768409159149,17.04735696011758
Mchinji,2024-06-10,113,Monkeypox,150.09824418388698,32.65178139432227
Mchinji,2024-06-17,104,Monkeypox,245.4428761045546,32.475823544481194
Mchinji,2024-06-24,178,Monkeypox,198.9964142712202,32.413879383121575
Mchinji,2024-07-01,56,Monkeypox,57.17425997909145,30.606235446830887
Mchinji,2024-07-08,87,Monkeypox,228.53729748563578,24.78401308545224
Mchinji,2024-07-15,102,Monkeypox,90.8865207055801,26.405483361364844
Mchinji,2024-07-22,161,Monkeypox,103.9423025608778,21.106497982268134
Mchinji,2024-07-29,69,Monkeypox,162.51712397794566,26.367389884213246
Mchinji,2024-08-05,42,Monkeypox,159.92857190671614,30.988125589108783
Mchinji,2024-08-12,194,Monkeypox,159.12157476903627,28.535134772957186
Mchinji,2024-08-19,125,Monkeypox,53.870357101534125,21.286571116127508
Mchinji,2024-08-26,60,Monkeypox,113.52314755368361,29.28207888481944
Mchinji,2024-09-02,65,Monkeypox,181.3162352645742,27.853462981004178
Mchinji,2024-09-09,166,Monkeypox,161.10577055552332,20.030748754414336
Mchinji,2024-09-16,15,Monkeypox,124.4046288982279,24.41658880560026
Mchinji,2024-09-23,50,Monkeypox,63.41721403737321,15.394279070390407
Mchinji,2024-09-30,101,Monkeypox,28.38502619585609,15.728010715965109
Mchinji,2024-10-07,12,Monkeypox,75.20677074933704,29.636182781632954
Mchinji,2024-10-14,133,Monkeypox,122.08524780938423,18.65147990865675
Mchinji,2024-10-21,17,Monkeypox,55.02707268505772,30.521267139418676
Mchinji,2024-10-28,182,Monkeypox,60.83060805416587,21.860185279919264
Mchinji,2024-11-04,156,Monkeypox,220.72454720656836,19.7004282966625
Mchinji,2024-11-11,100,Monkeypox,120.38877295257971,15.596887963287237
Mchinji,2024-11-18,119,Monkeypox,91.42553285891847,26.178624024652272
Mchinji,2024-11-25,73,Monkeypox,224.26303123419055,31.91573291529711
Mchinji,2024-12-02,43,Monkeypox,94.24339150887295,24.854905283092073
Mchinji,2024-12-09,41,Monkeypox,29.365685587813495,30.03212658197615
Mchinji,2024-12-16,74,Monkeypox,217.01868719388872,16.28153667230148
Mchinji,2024-12-23,35,Monkeypox,114.3994338560232,31.6795081972442
Mchinji,2024-12-30,20,Monkeypox,68.51303916133745,28.421381661556346
Mchinji,2025-01-06,57,Monkeypox,116.64069122786336,34.20072113973283
Mchinji,2025-01-13,179,Monkeypox,232.27264304811936,32.33658891707195
Mchinji,2025-01-20,89,Monkeypox,245.5167436830771,17.286280631005862
Mchinji,2025-01-27,143,Monkeypox,81.16866757330735,31.871378396115265
Mchinji,2025-02-03,74,Monkeypox,134.4373582547804,26.93274910809935
Mchinji,2025-02-10,145,Monkeypox,49.934674544859725,25.812947645196484
Mchinji,2025-02-17,189,Monkeypox,1.5295288618893677,24.19237623158739
Mchinji,2025-02-24,61,Monkeypox,42.082603510546214,18.896330997752802
Mchinji,2025-03-03,134,Monkeypox,170.86310632902888,32.87914240751156
Mchinji,2025-03-10,96,Monkeypox,180.5376386711245,33.15553761720871
Mchinji,2025-03-17,54,Monkeypox,17.598459527425003,24.22036927676855
Mchinji,2025-03-24,187,Monkeypox,177.62231803252885,19.22067888503451
Mchinji,2025-03-31,169,Monkeypox,229.763501552111,28.519846964189917
Mchinji,2025-04-07,191,Monkeypox,206.85653840765863,34.766114623007006
Mchinji,2025-04-14,199,Monkeypox,215.68541089780024,33.3991669751675
Mchinji,2025-04-21,164,Monkeypox,108.89121146092887,21.62437431860109
Mchinji,2025-04-28,45,Monkeypox,67.3312106211398,23.835186511660705
Mchinji,2025-05-05,111,Monkeypox,189.87190066801918,23.17359060113678
Mchinji,2025-05-12,179,Monkeypox,36.38350239482369,23.158450048405584
Mchinji,2025-05-19,151,Monkeypox,120.57019219350548,28.374993089885102
Mchinji,2025-05-26,165,Monkeypox,113.98524284321576,28.181832464279744
Mchinji,2025-06-02,71,Monkeypox,201.22915796002687,19.81358086207424
Mchinji,2025-06-09,156,Monkeypox,220.66050869890498,34.49569906904878
Mchinji,2025-06-16,47,Monkeypox,133.20617697084566,28.004770750423788
Mchinji,2025-06-23,98,Monkeypox,218.73255242394976,20.024429844569234
Mchinji,2025-06-30,66,Monkeypox,223.74582187257212,25.47073394952519
Mchinji,2025-07-07,143,Monkeypox,111.72635264362695,34.47580371082915
Mchinji,2025-07-14,109,Monkeypox,172.78792142121785,33.583770271722386
Mchinji,2025-07-21,192,Monkeypox,106.76639089703083,21.799792741935
Mchinji,2025-07-28,57,Monkeypox,142.41902118835716,24.976729292138092
Mchinji,2025-08-04,83,Monkeypox,236.13820121544484,32.40817002654481
Mchinji,2025-08-11,133,Monkeypox,181.86966829961642,23.473382779468633
Mchinji,2025-08-18,92,Monkeypox,169.3417364307325,32.36618407649317
Mchinji,2025-08-25,59,Monkeypox,111.14525583075607,23.105785249283315
Mchinji,2025-09-01,192,Monkeypox,167.82655595509326,28.22581629824178
Mchinji,2025-09-08,78,Monkeypox,171.29023015739548,20.284222109101957
Mchinji,2025-09-15,172,Monkeypox,199.2876543743107,21.358218080555886
Mchinji,2025-09-22,101,Monkeypox,59.520074732526766,30.69143062601595
Mchinji,2025-09-29,180,Monkeypox,5.288514411301764,33.5439210396941
Mchinji,2025-10-06,148,Monkeypox,8.430340457355607,20.031535878214992
Mchinji,2025-10-13,10,Monkeypox,214.87505802466862,28.97380855585306
Mulanje,2024-01-01,1333,Malaria,31.16150594959549,23.069375301449057
Mulanje,2024-01-08,1036,Malaria,216.52764323786033,34.42670037639386
Mulanje,2024-01-15,1277,Malaria,56.457053977278235,30.523667861782293
Mulanje,2024-01-22,130,Malaria,24.002660154040374,24.502796099695114
Mulanje,2024-01-29,1342,Malaria,61.67673863569551,31.268072434931216
Mulanje,2024-02-05,1262,Malaria,105.60565043246967,21.17295748818174
Mulanje,2024-02-12,1147,Malaria,238.71273601682248,16.059661520917636
Mulanje,2024-02-19,616,Malaria,143.06018141690444,22.507881011932774
Mulanje,2024-02-26,822,Malaria,159.0433044367974,19.435368578055403
Mulanje,2024-03-04,470,Malaria,196.18236959459674,24.426139197678665
Mulanje,2024-03-11,1401,Malaria,20.07215731946191,22.410035374621717
Mulanje,2024-03-18,1108,Malaria,218.55781781613214,21.91542767657616
Mulanje,2024-03-25,1035,Malaria,66.91722215345314,27.620132720783168
Mulanje,2024-04-01,395,Malaria,227.24614922043008,17.039053486721574
Mulanje,2024-04-08,1131,Malaria,39.968509268416106,23.401976330052666
Mulanje,2024-04-15,1353,Malaria,90.94642888123622,19.00075720439633
Mulanje,2024-04-22,804,Malaria,29.527659536638385,27.753723410986872
Mulanje,2024-04-29,885,Malaria,235.81238064000578,33.97185104715452
Mulanje,2024-05-06,1069,Malaria,64.2357273979193,32.58770418817515
Mulanje,2024-05-13,718,Malaria,115.16552240060233,26.867153217851943
Mulanje,2024-05-20,148,Malaria,110.32902652561188,30.39113294539298
Mulanje,2024-05-27,974,Malaria,105.35512240921547,20.09545198976106
Mulanje,2024-06-03,1098,Malaria,173.3558401161587,23.502404036851885
Mulanje,2024-06-10,1030,Malaria,139.29360964319704,16.424650752898174
Mulanje,2024-06-17,970,Malaria,234.11453736886023,16.88403096952719
Mulanje,2024-06-24,1496,Malaria,9.692142817042171,15.5039916314564
Mulanje,2024-07-01,306,Malaria,124.91667636290177,26.565238519651878
Mulanje,2024-07-08,272,Malaria,140.12827267063923,15.568203800563573
Mulanje,2024-07-15,523,Malaria,197.284897872209,28.397943521309504
Mulanje,2024-07-22,444,Malaria,149.94190787954892,26.438911871028523
Mulanje,2024-07-29,781,Malaria,110.21284736329615,17.50749196759494
Mulanje,2024-08-05,437,Malaria,72.24352207091242,20.758355622359417
Mulanje,2024-08-12,474,Malaria,200.36233254745966,27.950890647411377
Mulanje,2024-08-19,997,Malaria,224.9983346018785,26.16738283692257
Mulanje,2024-08-26,463,Malaria,15.35559343561102,18.966915191538604
Mulanje,2024-09-02,576,Malaria,88.4849237536223,27.578802283045583
Mulanje,2024-09-09,833,Malaria,243.3945725919355,29.929104529670944
Mulanje,2024-09-16,1300,Malaria,55.4258733888564,22.02270493996506
Mulanje,2024-09-23,1071,Malaria,142.09991306077342,17.928560379929934
Mulanje,2024-09-30,1217,Malaria,28.004219179963762,30.296871680053126
Mulanje,2024-10-07,1376,Malaria,217.1058762746782,26.028982011281286
Mulanje,2024-10-14,423,Malaria,246.50245687877396,33.617308509583054
Mulanje,2024-10-21,915,Malaria,4.682526547542448,16.384999114229142
Mulanje,2024-10-28,1485,Malaria,197.58288936000048,22.394616777869167
Mulanje,2024-11-04,1448,Malaria,248.52808604173993,21.417095361624412
Mulanje,2024-11-11,290,Malaria,51.0093057791828,31.789162602010922
Mulanje,2024-11-18,1300,Malaria,226.74841180737198,29.037491112720456
Mulanje,2024-11-25,574,Malaria,116.1482376714904,25.3455175709304
Mulanje,2024-12-02,1015,Malaria,179.22372416381705,24.39579596509998
Mulanje,2024-12-09,800,Malaria,140.8545381023255,27.846906843697003
Mulanje,2024-12-16,1002,Malaria,41.4382635895732,26.994034242251807
Mulanje,2024-12-23,1063,Malaria,125.18585070377009,25.70595854702092
Mulanje,2024-12-30,608,Malaria,123.93901504622104,27.123497611835816
Mulanje,2025-01-06,1420,Malaria,142.22898854702044,21.574129049597627
Mulanje,2025-01-13,1278,Malaria,147.85016718400632,28.919195674623197
Mulanje,2025-01-20,799,Malaria,53.633506460721236,24.386450722023213
Mulanje,2025-01-27,1286,Malaria,147.8316618524082,27.054255467586685
Mulanje,2025-02-03,498,Malaria,234.2113949822492,17.547552488442516
Mulanje,2025-02-10,1109,Malaria,69.84558703266977,31.046014099182646
Mulanje,2025-02-17,547,Malaria,211.42912547438814,22.877550011066873
Mulanje,2025-02-24,870,Malaria,157.10410723409265,24.06774970276568
Mulanje,2025-03-03,496,Malaria,10.113010964734686,16.983052392466934
Mulanje,2025-03-10,816,Malaria,125.81875872482084,28.94552552903034
Mulanje,2025-03-17,226,Malaria,249.7983337031955,24.108002053452893
Mulanje,2025-03-24,698,Malaria,170.24289491794895,27.083248396957437
Mulanje,2025-03-31,163,Malaria,143.37721719217814,17.33845607109405
Mulanje,2025-04-07,661,Malaria,10.940344314076922,34.63088859465188
Mulanje,2025-04-14,1423,Malaria,106.93022906036163,31.229242173878887
Mulanje,2025-04-21,325,Malaria,202.82256604428346,21.19890480564301
Mulanje,2025-04-28,223,Malaria,104.28509735767449,33.07337532815687
Mulanje,2025-05-05,507,Malaria,245.34410889146656,24.237344722998003
Mulanje,2025-05-12,305,Malaria,206.35392787538527,18.49967061893842
Mulanje,2025-05-19,809,Malaria,114.83111841252614,18.704225810500272
Mulanje,2025-05-26,1122,Malaria,48.52368005439411,22.611816844796355
Mulanje,2025-06-02,166,Malaria,243.56354466743485,15.11604737239743
Mulanje,2025-06-09,895,Malaria,48.25154251676378,31.907481168946678
Mulanje,2025-06-16,672,Malaria,74.52561756972135,22.807679270737797
Mulanje,2025-06-23,1064,Malaria,28.750101782049704,31.158249175643952
Mulanje,2025-06-30,1218,Malaria,38.87882966933576,26.422805662103038
Mulanje,2025-07-07,854,Malaria,39.29609807364257,34.31427345572723
Mulanje,2025-07-14,593,Malaria,61.97394371526571,33.85341305510771
Mulanje,2025-07-21,255,Malaria,214.22895526966974,30.536961160299274
Mulanje,2025-07-28,770,Malaria,188.77697309910675,22.2559051181805
Mulanje,2025-08-04,804,Malaria,19.405686854553572,25.04222710668128
Mulanje,2025-08-11,724,Malaria,123.47095284598467,30.96733123401691
Mulanje,2025-08-18,1106,Malaria,30.4355070557375,23.903033697877802
Mulanje,2025-08-25,384,Malaria,209.76730913255,25.61650727469901
Mulanje,2025-09-01,454,Malaria,181.7864387121111,31.168723954522846
Mulanje,2025-09-08,1032,Malaria,226.56822690199795,25.39715144031026
Mulanje,2025-09-15,255,Malaria,125.46305325335116,32.13605683659543
Mulanje,2025-09-22,551,Malaria,223.18507926072377,18.26981170535353
Mulanje,2025-09-29,227,Malaria,55.08103601493214,25.190507305742297
Mulanje,2025-10-06,1182,Malaria,6.891836619385056,15.520140612287614
Mulanje,2025-10-13,315,Malaria,94.45435052601084,27.097902990768326
Mulanje,2024-01-01,382,Cholera,137.09087053413515,16.26855647912794
Mulanje,2024-01-08,278,Cholera,243.49672771795787,17.426351388920185
Mulanje,2024-01-15,361,Cholera,105.87192002072746,28.01158160603798
Mulanje,2024-01-22,187,Cholera,234.13643607366086,24.585057038655286
Mulanje,2024-01-29,534,Cholera,85.40020781904306,15.53269982220829
Mulanje,2024-02-05,471,Cholera,54.90926585205619,28.162853579641855
Mulanje,2024-02-12,200,Cholera,1.1453620327825098,31.123997743477
Mulanje,2024-02-19,143,Cholera,191.5501659802561,33.66649387319221
Mulanje,2024-02-26,51,Cholera,189.47998981283462,25.495575004803744
Mulanje,2024-03-04,159,Cholera,36.76903133358908,29.00383660703723
Mulanje,2024-03-11,258,Cholera,23.672618591548204,27.27563098979729
Mulanje,2024-03-18,121,Cholera,143.14646873884357,17.507362839688877
Mulanje,2024-03-25,218,Cholera,68.944673291958,29.344817672610894
Mulanje,2024-04-01,317,Cholera,96.147977667972,15.126486079328942
Mulanje,2024-04-08,464,Cholera,9.772892555713481,22.19202440329861
Mulanje,2024-04-15,604,Cholera,187.66879486626001,29.66412378777615
Mulanje,2024-04-22,220,Cholera,94.168789353529,31.762777854332107
Mulanje,2024-04-29,432,Cholera,57.707014361637555,21.914633312327425
Mulanje,2024-05-06,468,Cholera,248.2355304383857,18.36545943745287
Mulanje,2024-05-13,564,Cholera,80.88351701066989,21.700178710317058
Mulanje,2024-05-20,176,Cholera,1.833793542912493,16.237581652115235
Mulanje,2024-05-27,430,Cholera,20.87952303864696,24.01342462236228
Mulanje,2024-06-03,619,Cholera,58.45636548665672,23.887172744573732
Mulanje,2024-06-10,340,Cholera,85.03607894391618,15.86039288638357
Mulanje,2024-06-17,328,Cholera,130.6237285090733,17.03251387415515
Mulanje,2024-06-24,694,Cholera,90.64693102492063,28.670588788710024
Mulanje,2024-07-01,369,Cholera,97.45178278616007,31.670811478917987
Mulanje,2024-07-08,681,Cholera,61.99126225980323,22.03564298275026
Mulanje,2024-07-15,157,Cholera,120.12296672217396,31.216602805827883
Mulanje,2024-07-22,159,Cholera,141.41606780740983,28.255226295512596
Mulanje,2024-07-29,503,Cholera,40.161574630000004,23.59225886745076
Mulanje,2024-08-05,470,Cholera,99.56005077292998,30.92799349980183
Mulanje,2024-08-12,596,Cholera,38.81943760860976,15.614268958296243
Mulanje,2024-08-19,66,Cholera,193.21683960249158,30.8542168500301
Mulanje,2024-08-26,524,Cholera,155.99403071857145,27.4894301190395
Mulanje,2024-09-02,204,Cholera,179.08633085281772,32.853663932309566
Mulanje,2024-09-09,667,Cholera,94.37583329279647,18.846481075239247
Mulanje,2024-09-16,370,Cholera,134.5794514955337,30.706864731489294
Mulanje,2024-09-23,526,Cholera,45.087862830540146,21.70296282314382
Mulanje,2024-09-30,317,Cholera,222.52852464110802,28.346285284125578
Mulanje,2024-10-07,361,Cholera,84.06945871494412,20.658306363347236
Mulanje,2024-10-14,537,Cholera,216.34636133832743,22.38767102484563
Mulanje,2024-10-21,357,Cholera,85.68930848086504,26.71733760898175
Mulanje,2024-10-28,406,Cholera,78.60843931589709,29.13882382542953
Mulanje,2024-11-04,377,Cholera,163.42560193884137,25.165213964092665
Mulanje,2024-11-11,52,Cholera,189.06370976895664,29.48592058229355
Mulanje,2024-11-18,521,Cholera,3.927742495443254,31.72934302034641
Mulanje,2024-11-25,245,Cholera,198.05796241549405,31.160895242308282
Mulanje,2024-12-02,260,Cholera,100.00179097049353,16.387509180619663
Mulanje,2024-12-09,205,Cholera,213.87758443980638,27.849052297564207
Mulanje,2024-12-16,546,Cholera,236.1585876525624,34.206386425053594
Mulanje,2024-12-23,642,Cholera,88.22163816536435,23.811563798138735
Mulanje,2024-12-30,478,Cholera,196.91335796707318,25.667857531326735
Mulanje,2025-01-06,104,Cholera,13.844609182572686,32.908830241845244
Mulanje,2025-01-13,510,Cholera,81.5985223547033,33.641364166363104
Mulanje,2025-01-20,140,Cholera,228.4542484891104,22.73864492890565
Mulanje,2025-01-27,315,Cholera,195.24036555312625,15.446680398927306
Mulanje,2025-02-03,154,Cholera,107.15881310989481,28.2058867207036
Mulanje,2025-02-10,672,Cholera,229.5035927534809,23.79804873473079
Mulanje,2025-02-17,556,Cholera,1.0977454889603278,27.465570881181655
Mulanje,2025-02-24,171,Cholera,133.28446803677974,20.18409147562575
Mulanje,2025-03-03,676,Cholera,112.89417141817718,22.864889384133292
Mulanje,2025-03-10,125,Cholera,197.97089122852174,15.545807246351327
Mulanje,2025-03-17,491,Cholera,160.464003934034,24.846996158366153
Mulanje,2025-03-24,531,Cholera,53.038506077152825,34.607919591345414
Mulanje,2025-03-31,379,Cholera,166.88911845575555,29.99665540264047
Mulanje,2025-04-07,144,Cholera,42.10505728010627,26.56913600288564
Mulanje,2025-04-14,581,Cholera,23.128571746812597,23.59778062763985
Mulanje,2025-04-21,536,Cholera,167.64158457713282,17.390449809464645
Mulanje,2025-04-28,650,Cholera,99.72290833319092,28.826228336347206
Mulanje,2025-05-05,224,Cholera,40.55355889089887,34.1838841668727
Mulanje,2025-05-12,193,Cholera,50.58748735984539,22.080412312245432
Mulanje,2025-05-19,211,Cholera,109.86233899729825,28.52193957801669
Mulanje,2025-05-26,365,Cholera,118.67205093592429,33.426604791235114
Mulanje,2025-06-02,383,Cholera,240.7254923775119,26.421520323451546
Mulanje,2025-06-09,482,Cholera,231.80812935515846,15.958278804524653
Mulanje,2025-06-16,139,Cholera,196.7737014822019,22.391378894671604
Mulanje,2025-06-23,523,Cholera,140.71095776959046,27.42492138085776
Mulanje,2025-06-30,108,Cholera,33.35149710761015,20.251647795796984
Mulanje,2025-07-07,86,Cholera,178.01673098395904,33.96329918201482
Mulanje,2025-07-14,151,Cholera,147.47861511681725,33.05181062837913
Mulanje,2025-07-21,625,Cholera,198.77411574042915,27.10046227145886
Mulanje,2025-07-28,276,Cholera,240.06763876695172,33.46168522964964
Mulanje,2025-08-04,432,Cholera,206.46133242703655,24.1680602335789
Mulanje,2025-08-11,513,Cholera,77.16299060689887,20.769698668699895
Mulanje,2025-08-18,463,Cholera,90.9503739505604,34.965786314275434
Mulanje,2025-08-25,480,Cholera,215.70004178998255,28.486105481136015
Mulanje,2025-09-01,669,Cholera,99.23094412949324,30.27400325264186
Mulanje,2025-09-08,694,Cholera,128.9965695100107,33.143492485263536
Mulanje,2025-09-15,675,Cholera,223.3281966246295,32.85405549385462
Mulanje,2025-09-22,296,Cholera,248.83749603030665,32.26773592727514
Mulanje,2025-09-29,699,Cholera,191.32995239208344,15.779706698070425
Mulanje,2025-10-06,411,Cholera,249.28097032833588,20.993701669570157
Mulanje,2025-10-13,529,Cholera,248.84204833206178,24.010183209298514
Mulanje,2024-01-01,143,Monkeypox,49.90507681845305,31.378158071311955
Mulanje,2024-01-08,85,Monkeypox,44.00844231598941,33.681051882969506
Mulanje,2024-01-15,18,Monkeypox,25.64738605443187,18.30753406080569
Mulanje,2024-01-22,33,Monkeypox,246.7345342775365,28.945610405537064
Mulanje,2024-01-29,27,Monkeypox,224.71735528158456,30.052132422657586
Mulanje,2024-02-05,143,Monkeypox,181.1876470928552,27.99398682978356
Mulanje,2024-02-12,181,Monkeypox,247.9613665123271,21.5185800688293
Mulanje,2024-02-19,92,Monkeypox,191.54678073124091,25.87778411494771
Mulanje,2024-02-26,181,Monkeypox,226.68266666369172,20.280507588607755
Mulanje,2024-03-04,159,Monkeypox,121.41733553402898,20.896448350045528
Mulanje,2024-03-11,137,Monkeypox,79.25062792728296,16.919765679292098
Mulanje,2024-03-18,81,Monkeypox,89.60764824593456,19.084276097761308
Mulanje,2024-03-25,96,Monkeypox,230.27297948349553,23.3975004319227
Mulanje,2024-04-01,98,Monkeypox,172.2448428684557,22.51075088252456
Mulanje,2024-04-08,172,Monkeypox,38.296347809553346,26.908236908585724
Mulanje,2024-04-15,75,Monkeypox,21.915062780222122,25.533566267379914
Mulanje,2024-04-22,88,Monkeypox,223.1955546816334,27.640179085648846
Mulanje,2024-04-29,194,Monkeypox,208.3866924554933,32.60397292590603
Mulanje,2024-05-06,153,Monkeypox,27.741853188446687,29.726024500256685
Mulanje,2024-05-13,31,Monkeypox,112.02325859707857,32.31910098752696
Mulanje,2024-05-20,19,Monkeypox,17.57083845366961,28.666627656673068
Mulanje,2024-05-27,79,Monkeypox,120.55884843187742,24.190363805018034
Mulanje,2024-06-03,194,Monkeypox,28.27955114823849,24.159092651717586
Mulanje,2024-06-10,94,Monkeypox,205.4320892862645,32.34783063609598
Mulanje,2024-06-17,190,Monkeypox,235.83341377516498,30.837635723301297
Mulanje,2024-06-24,137,Monkeypox,212.3919820976046,15.669100111337837
Mulanje,2024-07-01,148,Monkeypox,156.28150506347785,20.46904348182979
Mulanje,2024-07-08,63,Monkeypox,15.523824106108531,20.238609107533424
Mulanje,2024-07-15,188,Monkeypox,109.94040643830152,22.41809044073595
Mulanje,2024-07-22,32,Monkeypox,87.06322164736812,22.30381227628348
Mulanje,2024-07-29,175,Monkeypox,125.89779463600028,15.6088750040884
Mulanje,2024-08-05,18,Monkeypox,127.38940513995465,18.765110870107783
Mulanje,2024-08-12,21,Monkeypox,27.29446886967535,19.8167210132372
Mulanje,2024-08-19,50,Monkeypox,176.68001780958997,32.882546157602334
Mulanje,2024-08-26,92,Monkeypox,244.55576615233355,24.438707970116248
Mulanje,2024-09-02,119,Monkeypox,247.68999720237417,16.964362564106022
Mulanje,2024-09-09,107,Monkeypox,183.08593085625267,24.539354358219022
Mulanje,2024-09-16,91,Monkeypox,36.20540390085198,26.74093634938436
Mulanje,2024-09-23,38,Monkeypox,199.4667620497483,19.09891294678841
Mulanje,2024-09-30,64,Monkeypox,244.12959236519504,16.304203865018753
Mulanje,2024-10-07,78,Monkeypox,210.72472063501365,22.931549344146408
Mulanje,2024-10-14,173,Monkeypox,198.7035994097189,17.13815117267929
Mulanje,2024-10-21,10,Monkeypox,123.72028079908095,26.54821938813481
Mulanje,2024-10-28,60,Monkeypox,92.09666366150981,29.904000015380184
Mulanje,2024-11-04,198,Monkeypox,232.1186337810638,32.984119684391075
Mulanje,2024-11-11,133,Monkeypox,16.02540785657555,18.162970131880986
Mulanje,2024-11-18,150,Monkeypox,169.00605522748705,32.13900375924531
Mulanje,2024-11-25,197,Monkeypox,130.57822379287677,15.5193477348317
Mulanje,2024-12-02,152,Monkeypox,229.33600237220242,17.18512415192784
Mulanje,2024-12-09,187,Monkeypox,40.92848904383781,31.40968857071455
Mulanje,2024-12-16,59,Monkeypox,111.12423083479814,29.51623811400453
Mulanje,2024-12-23,104,Monkeypox,221.4630425112644,31.76300940637258
Mulanje,2024-12-30,155,Monkeypox,78.19808032088407,18.178616226384502
Mulanje,2025-01-06,134,Monkeypox,235.1163228652441,23.032513508042463
Mulanje,2025-01-13,102,Monkeypox,227.54701136949086,26.3562388991758
Mulanje,2025-01-20,142,Monkeypox,104.18275229248003,25.902205627227968
Mulanje,2025-01-27,29,Monkeypox,101.56570099207318,33.379364195152604
Mulanje,2025-02-03,150,Monkeypox,71.97166876306149,30.208846149935773
Mulanje,2025-02-10,81,Monkeypox,25.798021689655336,32.149484459444764
Mulanje,2025-02-17,137,Monkeypox,28.558416635367983,25.787095396032175
Mulanje,2025-02-24,133,Monkeypox,202.95945432326232,24.995033041630144
Mulanje,2025-03-03,190,Monkeypox,77.44032777325933,29.012768522691193
Mulanje,2025-03-10,38,Monkeypox,118.80126387281386,19.468686343908566
Mulanje,2025-03-17,31,Monkeypox,248.72755439127852,20.660105663975955
Mulanje,2025-03-24,12,Monkeypox,103.47997724283883,29.45665679149604
Mulanje,2025-03-31,176,Monkeypox,213.98320632729133,33.88955987396736
Mulanje,2025-04-07,190,Monkeypox,121.38609619593078,23.698798399773864
Mulanje,2025-04-14,175,Monkeypox,68.62405924241449,25.622192253837
Mulanje,2025-04-21,160,Monkeypox,117.8246333775069,23.10615160610937
Mulanje,2025-04-28,21,Monkeypox,144.32296499726468,27.479542217337766
Mulanje,2025-05-05,69,Monkeypox,211.96193518000095,19.858212808975253
Mulanje,2025-05-12,79,Monkeypox,99.0134201117818,25.230393529876682
Mulanje,2025-05-19,133,Monkeypox,220.14829358346626,22.67697175595643
Mulanje,2025-05-26,163,Monkeypox,143.85619917673776,29.942486403344187
Mulanje,2025-06-02,84,Monkeypox,128.3835921333352,28.39989292468561
Mulanje,2025-06-09,141,Monkeypox,33.19051327520095,24.916420301219148
Mulanje,2025-06-16,177,Monkeypox,182.8663758706689,25.38196107460054
Mulanje,2025-06-23,174,Monkeypox,44.012684027163154,28.6014263862329
Mulanje,2025-06-30,58,Monkeypox,94.87197311956663,25.64021229788743
Mulanje,2025-07-07,178,Monkeypox,93.87441285144058,33.1372903794971
Mulanje,2025-07-14,59,Monkeypox,84.95060016398911,25.227185653270833
Mulanje,2025-07-21,145,Monkeypox,177.04136160914757,34.22937842714215
Mulanje,2025-07-28,85,Monkeypox,157.50307178754346,29.937705369347093
Mulanje,2025-08-04,23,Monkeypox,8.231492883258944,27.39798403684691
Mulanje,2025-08-11,177,Monkeypox,91.44612821721043,24.204473380609535
Mulanje,2025-08-18,10,Monkeypox,134.32976318069058,21.985631749680806
Mulanje,2025-08-25,114,Monkeypox,2.7260167808342284,29.627718071851852
Mulanje,2025-09-01,113,Monkeypox,177.59532836834958,33.840857730405126
Mulanje,2025-09-08,164,Monkeypox,31.026438048819383,20.87003532457551
Mulanje,2025-09-15,159,Monkeypox,13.995169043216515,28.14021040019517
Mulanje,2025-09-22,195,Monkeypox,99.4937998165067,19.317842740276642
Mulanje,2025-09-29,147,Monkeypox,167.5880657111531,28.74056392328521
Mulanje,2025-10-06,198,Monkeypox,79.17095341936023,34.22783853123573
Mulanje,2025-10-13,17,Monkeypox,88.28530672398097,25.831554147639388
Mwanza,2024-01-01,1247,Malaria,91.2242227765388,26.236972941659246
Mwanza,2024-01-08,895,Malaria,215.22224034838686,29.803244837948817
Mwanza,2024-01-15,532,Malaria,85.9203950461809,34.6648681132175
Mwanza,2024-01-22,439,Malaria,197.50000194184315,25.833230902609927
Mwanza,2024-01-29,974,Malaria,116.04238473297127,15.16694923592057
Mwanza,2024-02-05,378,Malaria,17.174851336962753,30.12595582821986
Mwanza,2024-02-12,950,Malaria,93.336307623926,15.3308555709894
Mwanza,2024-02-19,582,Malaria,172.2666540997813,16.567608055760093
Mwanza,2024-02-26,1046,Malaria,30.920625473085302,28.204189232468547
Mwanza,2024-03-04,756,Malaria,81.13282865711679,30.477962246234622
Mwanza,2024-03-11,825,Malaria,100.71189699250549,19.845770877615024
Mwanza,2024-03-18,1230,Malaria,15.266738252980888,28.475241168336737
Mwanza,2024-03-25,357,Malaria,100.5799411730317,20.414231519816504
Mwanza,2024-04-01,649,Malaria,32.12034654040296,29.501002376238553
Mwanza,2024-04-08,349,Malaria,9.036341954224897,19.58313446368316
Mwanza,2024-04-15,1241,Malaria,63.3783096355473,32.617863258824755
Mwanza,2024-04-22,597,Malaria,137.3288939532618,32.4923208073684
Mwanza,2024-04-29,241,Malaria,175.0310792604612,21.204710425323505
Mwanza,2024-05-06,190,Malaria,13.584871115012358,26.30801411651766
Mwanza,2024-05-13,1155,Malaria,71.30012382279072,28.419521509676063
Mwanza,2024-05-20,748,Malaria,105.92530114396729,26.35531439227694
Mwanza,2024-05-27,459,Malaria,159.2008890383279,23.72265069547958
Mwanza,2024-06-03,221,Malaria,161.83240302476514,27.584661372720397
Mwanza,2024-06-10,113,Malaria,105.61570003661936,32.17625512113102
Mwanza,2024-06-17,297,Malaria,187.3347641319507,27.09944195819112
Mwanza,2024-06-24,892,Malaria,223.99533332612063,30.562309351955935
Mwanza,2024-07-01,244,Malaria,45.87436546753656,28.625751328102798
Mwanza,2024-07-08,1318,Malaria,231.34011681820257,27.60407291801426
Mwanza,2024-07-15,1006,Malaria,138.2199519212642,18.471682485376114
Mwanza,2024-07-22,617,Malaria,244.93078215516263,29.263709773542935
Mwanza,2024-07-29,598,Malaria,178.73241594186936,28.96828997192477
Mwanza,2024-08-05,408,Malaria,193.1669938000712,30.01307274738933
Mwanza,2024-08-12,957,Malaria,205.43636596559742,30.713179610045827
Mwanza,2024-08-19,925,Malaria,84.67217677366997,22.296451659867536
Mwanza,2024-08-26,146,Malaria,191.67231483279474,21.370339250913624
Mwanza,2024-09-02,594,Malaria,86.41737734810786,27.790948374154404
Mwanza,2024-09-09,1088,Malaria,17.533197379199617,15.449070741226588
Mwanza,2024-09-16,597,Malaria,163.32030242476688,15.125926586782203
Mwanza,2024-09-23,1306,Malaria,105.37303597788272,16.75190266341691
Mwanza,2024-09-30,370,Malaria,221.52022922548474,24.392633716293894
Mwanza,2024-10-07,313,Malaria,42.75981619715602,23.242822951969032
Mwanza,2024-10-14,226,Malaria,165.46582205747228,24.034751479013334
Mwanza,2024-10-21,1229,Malaria,8.76744965407092,18.20570072566731
Mwanza,2024-10-28,462,Malaria,148.86822477879832,24.323841860015648
Mwanza,2024-11-04,919,Malaria,15.264376041867783,17.74477660841597
Mwanza,2024-11-11,1290,Malaria,232.7669821838192,26.034488029324162
Mwanza,2024-11-18,1075,Malaria,58.58049919293668,19.937003095015623
Mwanza,2024-11-25,154,Malaria,181.568430407448,17.95762385439083
Mwanza,2024-12-02,693,Malaria,223.13932228529077,29.057617973337827
Mwanza,2024-12-09,298,Malaria,136.64918366760386,18.766923809140593
Mwanza,2024-12-16,803,Malaria,143.56926962269915,16.856200304814084
Mwanza,2024-12-23,1068,Malaria,5.1968413143347885,31.143380014435678
Mwanza,2024-12-30,389,Malaria,209.13435043523037,26.712834064244447
Mwanza,2025-01-06,1443,Malaria,191.98906310290437,19.023196032613008
Mwanza,2025-01-13,554,Malaria,242.0663629271055,27.616399273663937
Mwanza,2025-01-20,911,Malaria,26.330251077043844,33.83978463618231
Mwanza,2025-01-27,359,Malaria,215.8426140173645,34.472238670081516
Mwanza,2025-02-03,640,Malaria,122.63442819657561,24.383482774286154
Mwanza,2025-02-10,747,Malaria,211.04490753644833,18.49171153283258
Mwanza,2025-02-17,612,Malaria,172.11446094092656,31.463508060400308
Mwanza,2025-02-24,907,Malaria,77.5841442258847,16.448146449447822
Mwanza,2025-03-03,1455,Malaria,144.27074944070742,16.432844541587645
Mwanza,2025-03-10,661,Malaria,21.821894711469863,25.926543658894214
Mwanza,2025-03-17,833,Malaria,163.18751163236527,15.984206204635235
Mwanza,2025-03-24,1133,Malaria,149.7992613865276,32.893408919574384
Mwanza,2025-03-31,1477,Malaria,51.24490740381971,18.604566984795362
Mwanza,2025-04-07,1214,Malaria,126.62966150720794,30.076126054921215
Mwanza,2025-04-14,1281,Malaria,222.92018810255976,15.238043943103838
Mwanza,2025-04-21,1157,Malaria,206.51861597051507,22.18822945097056
Mwanza,2025-04-28,1093,Malaria,41.89238474442119,23.503336304916672
Mwanza,2025-05-05,985,Malaria,179.51832594111997,27.21974499758887
Mwanza,2025-05-12,635,Malaria,122.8765064918711,20.961479340645376
Mwanza,2025-05-19,302,Malaria,51.98462209337853,22.36961711329466
Mwanza,2025-05-26,1220,Malaria,12.664268009277446,30.026453750923643
Mwanza,2025-06-02,117,Malaria,198.42344348034746,19.95395905955482
Mwanza,2025-06-09,1099,Malaria,206.34101526019535,16.09319779106874
Mwanza,2025-06-16,1316,Malaria,157.3833598555492,34.86286065806891
Mwanza,2025-06-23,1016,Malaria,46.22901143087632,31.828764135089497
Mwanza,2025-06-30,209,Malaria,38.35803282965441,17.50256065545978
Mwanza,2025-07-07,623,Malaria,46.23149470318394,26.707572582283
Mwanza,2025-07-14,1239,Malaria,30.79772020221394,33.11692289186809
Mwanza,2025-07-21,357,Malaria,182.15453848828716,30.623939154476616
Mwanza,2025-07-28,483,Malaria,112.93726611309776,34.67897836388363
Mwanza,2025-08-04,604,Malaria,216.17717927291397,32.26896736780738
Mwanza,2025-08-11,466,Malaria,203.4975115651836,15.28966555363326
Mwanza,2025-08-18,897,Malaria,230.66999216779863,25.65296995518799
Mwanza,2025-08-25,363,Malaria,93.86754620421448,25.239623250119813
Mwanza,2025-09-01,819,Malaria,85.25260885238053,29.909926181726853
Mwanza,2025-09-08,1487,Malaria,247.40887726056863,29.657296165890344
Mwanza,2025-09-15,1001,Malaria,190.4700894087902,21.428857641869627
Mwanza,2025-09-22,774,Malaria,102.05538443485284,28.350060948189125
Mwanza,2025-09-29,470,Malaria,244.9980858114147,32.36229563957251
Mwanza,2025-10-06,1458,Malaria,113.11421172395735,23.330254505703408
Mwanza,2025-10-13,286,Malaria,27.85774440461533,19.52312334048863
Mwanza,2024-01-01,668,Cholera,24.705926394897492,15.744218367505255
Mwanza,2024-01-08,289,Cholera,70.1361994239109,24.52548898829309
Mwanza,2024-01-15,605,Cholera,194.1049795103071,17.674434536367755
Mwanza,2024-01-22,423,Cholera,130.1916642434463,27.96286345588436
Mwanza,2024-01-29,239,Cholera,191.82566650035292,21.349790444726466
Mwanza,2024-02-05,66,Cholera,111.91844662640071,33.8891190524786
Mwanza,2024-02-12,683,Cholera,195.10060017922459,25.649918321109862
Mwanza,2024-02-19,416,Cholera,180.08226917314454,20.13682099136481
Mwanza,2024-02-26,673,Cholera,237.82995392280776,33.11467145740182
Mwanza,2024-03-04,504,Cholera,182.8575101592839,34.598004554929105
Mwanza,2024-03-11,284,Cholera,236.9709380205752,27.83352224801876
Mwanza,2024-03-18,682,Cholera,208.17617628774968,27.85346141700982
Mwanza,2024-03-25,556,Cholera,122.99839104274668,20.92937635654721
Mwanza,2024-04-01,543,Cholera,131.57987163150878,17.22072821972683
Mwanza,2024-04-08,654,Cholera,229.4120046173112,25.879066526733666
Mwanza,2024-04-15,108,Cholera,158.2056106791055,18.408127452983543
Mwanza,2024-04-22,420,Cholera,73.96685294494765,29.6390273999751
Mwanza,2024-04-29,207,Cholera,17.5306626125995,22.92145260185716
Mwanza,2024-05-06,552,Cholera,33.9780718781244,24.372179985492494
Mwanza,2024-05-13,656,Cholera,77.19153672733906,24.552376180686366
Mwanza,2024-05-20,249,Cholera,109.68513017625497,17.572396602343577
Mwanza,2024-05-27,617,Cholera,42.90111355998502,25.597046781632677
Mwanza,2024-06-03,325,Cholera,4.1528974528254885,18.12626059909841
Mwanza,2024-06-10,204,Cholera,13.905408939004465,32.14751527044275
Mwanza,2024-06-17,653,Cholera,150.1160511930664,32.24309507759922
Mwanza,2024-06-24,504,Cholera,199.0055706759161,32.81891896311401
Mwanza,2024-07-01,387,Cholera,229.60638918278482,28.67770411058499
Mwanza,2024-07-08,57,Cholera,190.05585887407057,21.938929966727816
Mwanza,2024-07-15,505,Cholera,145.61193167011558,15.263038388180375
Mwanza,2024-07-22,555,Cholera,134.66654943505102,16.08661180863829
Mwanza,2024-07-29,360,Cholera,135.0274185853843,16.800395248876015
Mwanza,2024-08-05,571,Cholera,55.856849282520855,16.238309259345773
Mwanza,2024-08-12,90,Cholera,215.84890676495868,20.915773369171923
Mwanza,2024-08-19,206,Cholera,149.7204987203591,17.198208215962875
Mwanza,2024-08-26,660,Cholera,227.81652690926293,32.94639901387739
Mwanza,2024-09-02,558,Cholera,40.290179367104386,28.38224817802943
Mwanza,2024-09-09,601,Cholera,244.1179919942343,31.753542790052997
Mwanza,2024-09-16,306,Cholera,223.3927939997199,29.93574247678586
Mwanza,2024-09-23,389,Cholera,102.65216697427307,31.818306954614634
Mwanza,2024-09-30,402,Cholera,215.80516254071136,23.03003835697365
Mwanza,2024-10-07,222,Cholera,234.59886199249473,26.291105960536612
Mwanza,2024-10-14,297,Cholera,217.2893403176287,34.095163144006634
Mwanza,2024-10-21,100,Cholera,199.47891653220145,30.428398062843584
Mwanza,2024-10-28,51,Cholera,240.5359550201826,28.37832711066209
Mwanza,2024-11-04,115,Cholera,31.770948523158953,30.208614729322996
Mwanza,2024-11-11,621,Cholera,53.14050710958243,16.108169844578427
Mwanza,2024-11-18,537,Cholera,46.491526855848456,31.267616058730333
Mwanza,2024-11-25,606,Cholera,49.0655301869182,28.986331851470545
Mwanza,2024-12-02,415,Cholera,38.88911758106858,32.25622828892059
Mwanza,2024-12-09,157,Cholera,118.75092914683059,33.67965552256142
Mwanza,2024-12-16,166,Cholera,245.39769545155323,26.926096058564617
Mwanza,2024-12-23,71,Cholera,19.25404730470995,31.53416595637494
Mwanza,2024-12-30,244,Cholera,206.15163027632167,22.680363407888272
Mwanza,2025-01-06,512,Cholera,209.32728603040522,25.12415414088209
Mwanza,2025-01-13,569,Cholera,62.847177205007654,21.91421458706912
Mwanza,2025-01-20,480,Cholera,121.5308775233587,20.4129734906014
Mwanza,2025-01-27,67,Cholera,41.45304300536679,27.63900657168596
Mwanza,2025-02-03,133,Cholera,203.8483651470779,17.72035749073315
Mwanza,2025-02-10,583,Cholera,77.37009496566615,26.40763885573159
Mwanza,2025-02-17,313,Cholera,173.56839151259277,15.141477429162764
Mwanza,2025-02-24,599,Cholera,41.78589192525478,25.700327018806497
Mwanza,2025-03-03,478,Cholera,165.9199829134444,16.738621053258274
Mwanza,2025-03-10,654,Cholera,131.30746188049724,29.926865003920348
Mwanza,2025-03-17,350,Cholera,143.4962247895796,33.89503390227314
Mwanza,2025-03-24,339,Cholera,93.49954932604123,33.7951380529022
Mwanza,2025-03-31,129,Cholera,222.68951547882014,30.66335392462073
Mwanza,2025-04-07,70,Cholera,74.24299524426334,25.34394708030717
Mwanza,2025-04-14,677,Cholera,48.491932539431794,31.698507906486405
Mwanza,2025-04-21,58,Cholera,76.58520043119374,29.91428001399624
Mwanza,2025-04-28,337,Cholera,0.10372607521108579,16.011144191117705
Mwanza,2025-05-05,449,Cholera,136.81235658818576,24.0248622050773
Mwanza,2025-05-12,197,Cholera,215.94364088443018,28.250841758900798
Mwanza,2025-05-19,542,Cholera,149.22408158078355,21.948934904676438
Mwanza,2025-05-26,621,Cholera,214.22443774031103,33.35053198602492
Mwanza,2025-06-02,437,Cholera,53.73855363811153,28.309478113234746
Mwanza,2025-06-09,580,Cholera,156.40722687678212,17.989253135839117
Mwanza,2025-06-16,69,Cholera,62.09743793726588,21.2656929745605
Mwanza,2025-06-23,199,Cholera,25.745318669622623,19.899410171644263
Mwanza,2025-06-30,476,Cholera,176.8582287416457,27.494174490259596
Mwanza,2025-07-07,201,Cholera,70.41378379660217,17.798399505583976
Mwanza,2025-07-14,603,Cholera,131.7345553743925,34.74632094495292
Mwanza,2025-07-21,571,Cholera,140.34512066468469,30.712355432032133
Mwanza,2025-07-28,103,Cholera,212.3059850307657,20.52861308662851
Mwanza,2025-08-04,122,Cholera,78.95679515159085,24.603465537279295
Mwanza,2025-08-11,169,Cholera,117.975650013256,34.42673307508755
Mwanza,2025-08-18,165,Cholera,108.02224720491115,20.805372437910933
Mwanza,2025-08-25,107,Cholera,40.65326936791924,18.89948467922807
Mwanza,2025-09-01,444,Cholera,127.44527194335073,20.21174210164553
Mwanza,2025-09-08,186,Cholera,194.08822628278094,30.819126207107203
Mwanza,2025-09-15,330,Cholera,81.71673122380574,31.304571670973218
Mwanza,2025-09-22,605,Cholera,94.002750008285,23.311210389001303
Mwanza,2025-09-29,491,Cholera,218.8244872102002,18.444022587503174
Mwanza,2025-10-06,497,Cholera,6.6678267752322,29.25521781926346
Mwanza,2025-10-13,407,Cholera,59.6847817329717,29.896347504912313
Mwanza,2024-01-01,114,Monkeypox,206.45675366633645,26.254411112902083
Mwanza,2024-01-08,129,Monkeypox,103.42395987950346,22.495485564583788
Mwanza,2024-01-15,17,Monkeypox,101.28049886992116,34.364716633317784
Mwanza,2024-01-22,89,Monkeypox,58.026392326558565,21.61336795597032
Mwanza,2024-01-29,99,Monkeypox,128.56886285753188,15.522767001318357
Mwanza,2024-02-05,15,Monkeypox,8.431643858630933,20.69024327395458
Mwanza,2024-02-12,197,Monkeypox,19.8927876570022,22.293247451439317
Mwanza,2024-02-19,160,Monkeypox,84.01954980609425,18.48819410865054
Mwanza,2024-02-26,94,Monkeypox,92.99265498227113,33.73143667493322
Mwanza,2024-03-04,103,Monkeypox,68.26116509264654,19.87691382192313
Mwanza,2024-03-11,161,Monkeypox,55.2542065328343,15.450053133551915
Mwanza,2024-03-18,149,Monkeypox,169.1338355373792,28.600919175921568
Mwanza,2024-03-25,80,Monkeypox,18.96493328265733,25.541192470798507
Mwanza,2024-04-01,128,Monkeypox,213.69088865922055,26.07213934994155
Mwanza,2024-04-08,127,Monkeypox,155.15267835968973,33.75536511085115
Mwanza,2024-04-15,21,Monkeypox,88.35821151512057,16.13904996048426
Mwanza,2024-04-22,88,Monkeypox,96.70737048302108,34.963956304948226
Mwanza,2024-04-29,100,Monkeypox,228.51569529565677,16.78689261912997
Mwanza,2024-05-06,133,Monkeypox,107.57980021834356,16.84904721340628
Mwanza,2024-05-13,58,Monkeypox,155.93482742660805,30.404339450875202
Mwanza,2024-05-20,172,Monkeypox,17.577436944951565,21.751051872793518
Mwanza,2024-05-27,165,Monkeypox,40.09591125897272,17.525426543225453
Mwanza,2024-06-03,141,Monkeypox,150.4698197357774,25.794227738000586
Mwanza,2024-06-10,166,Monkeypox,162.57348493898076,32.638169451955555
Mwanza,2024-06-17,27,Monkeypox,71.00373018855952,24.95461782964399
Mwanza,2024-06-24,76,Monkeypox,204.5994291523929,16.301243371306047
Mwanza,2024-07-01,116,Monkeypox,180.92464142663604,20.503539324933158
Mwanza,2024-07-08,139,Monkeypox,200.5687581286985,17.230070496063693
Mwanza,2024-07-15,135,Monkeypox,178.51551764551579,23.42856085140309
Mwanza,2024-07-22,43,Monkeypox,130.40517202914654,26.848907011487526
Mwanza,2024-07-29,127,Monkeypox,28.25710610644544,22.6400662655521
Mwanza,2024-08-05,142,Monkeypox,6.480945959528695,32.56577171465415
Mwanza,2024-08-12,38,Monkeypox,37.7622187079209,29.550749071577382
Mwanza,2024-08-19,138,Monkeypox,97.81683099891725,22.162794216959316
Mwanza,2024-08-26,40,Monkeypox,43.75187591176516,28.145291391206676
Mwanza,2024-09-02,13,Monkeypox,131.01305105969138,23.710123958926616
Mwanza,2024-09-09,186,Monkeypox,88.4002805548132,21.851844900259632
Mwanza,2024-09-16,70,Monkeypox,134.26298924858781,28.67985975407408
Mwanza,2024-09-23,134,Monkeypox,158.75089731669408,22.222381776380175
Mwanza,2024-09-30,83,Monkeypox,195.1831009984709,16.93324075383346
Mwanza,2024-10-07,94,Monkeypox,154.7800717359009,21.890751303394005
Mwanza,2024-10-14,186,Monkeypox,0.9893522920796649,16.22623658898339
Mwanza,2024-10-21,136,Monkeypox,160.96322181757859,26.2414793849148
Mwanza,2024-10-28,60,Monkeypox,68.01062986945605,25.680366943576065
Mwanza,2024-11-04,158,Monkeypox,12.05295306286458,25.325517414538446
Mwanza,2024-11-11,186,Monkeypox,147.35200584794524,25.344271467003182
Mwanza,2024-11-18,161,Monkeypox,48.437238032160934,26.927253146962865
Mwanza,2024-11-25,126,Monkeypox,150.5865175707599,31.876049157317226
Mwanza,2024-12-02,160,Monkeypox,94.36460298760261,16.330035642745933
Mwanza,2024-12-09,128,Monkeypox,222.92111819226224,24.169774021527445
Mwanza,2024-12-16,128,Monkeypox,184.47171658370712,19.539478881176407
Mwanza,2024-12-23,50,Monkeypox,4.541446843790043,21.899774016748953
Mwanza,2024-12-30,192,Monkeypox,33.131244857807914,22.80017884623472
Mwanza,2025-01-06,54,Monkeypox,0.046783322511873005,24.057821698723643
Mwanza,2025-01-13,48,Monkeypox,182.4528908092864,33.36530612764325
Mwanza,2025-01-20,175,Monkeypox,43.02129965810711,19.725817420035295
Mwanza,2025-01-27,46,Monkeypox,46.27901430169704,31.375956296952904
Mwanza,2025-02-03,80,Monkeypox,81.51520278810226,29.246470417597493
Mwanza,2025-02-10,188,Monkeypox,226.99418333899914,34.997546771871754
Mwanza,2025-02-17,104,Monkeypox,140.28242282635549,18.36714920501419
Mwanza,2025-02-24,74,Monkeypox,27.38886268572366,18.515247655563638
Mwanza,2025-03-03,104,Monkeypox,228.03799875800416,15.856909429468972
Mwanza,2025-03-10,39,Monkeypox,84.27066145565631,31.988947113800606
Mwanza,2025-03-17,135,Monkeypox,21.728234318137694,17.02473999247202
Mwanza,2025-03-24,59,Monkeypox,131.98359361977865,17.958829960108503
Mwanza,2025-03-31,152,Monkeypox,227.5176192568097,19.946769648487546
Mwanza,2025-04-07,145,Monkeypox,130.00880698735804,34.22526236938607
Mwanza,2025-04-14,188,Monkeypox,78.26890750013854,31.021127527754675
Mwanza,2025-04-21,175,Monkeypox,172.9146365965432,27.479646408135867
Mwanza,2025-04-28,109,Monkeypox,165.161865246899,29.21920205709763
Mwanza,2025-05-05,127,Monkeypox,147.1910895553901,22.20550613052931
Mwanza,2025-05-12,53,Monkeypox,65.43725682783419,32.25822707093515
Mwanza,2025-05-19,126,Monkeypox,40.22274038456627,21.213139314430954
Mwanza,2025-05-26,36,Monkeypox,215.04235517052322,16.814732379674293
Mwanza,2025-06-02,63,Monkeypox,247.98198202007057,21.10673156637048
Mwanza,2025-06-09,111,Monkeypox,216.4029907504143,15.212681494607164
Mwanza,2025-06-16,77,Monkeypox,228.6455133016059,19.876865236788554
Mwanza,2025-06-23,86,Monkeypox,74.19811855823924,15.48080436636705
Mwanza,2025-06-30,181,Monkeypox,80.02282928451207,32.850021338722925
Mwanza,2025-07-07,53,Monkeypox,96.43884213392882,22.720901869203196
Mwanza,2025-07-14,111,Monkeypox,25.450989044120355,33.54322929668961
Mwanza,2025-07-21,183,Monkeypox,123.43782875400045,23.881625075634766
Mwanza,2025-07-28,81,Monkeypox,102.10224769902828,20.370865104979522
Mwanza,2025-08-04,85,Monkeypox,114.39739498891294,28.597657392098153
Mwanza,2025-08-11,197,Monkeypox,49.15617191200072,31.085323330150636
Mwanza,2025-08-18,80,Monkeypox,248.15781124319835,22.369385775810393
Mwanza,2025-08-25,173,Monkeypox,206.56844612488007,29.158210457693986
Mwanza,2025-09-01,146,Monkeypox,204.74293320771864,23.197251638522673
Mwanza,2025-09-08,18,Monkeypox,58.94222624773593,25.381949678249285
Mwanza,2025-09-15,39,Monkeypox,215.27781480342028,15.553023973350669
Mwanza,2025-09-22,136,Monkeypox,82.53350249695934,22.626952833561695
Mwanza,2025-09-29,13,Monkeypox,109.85278937661913,29.12260783007646
Mwanza,2025-10-06,112,Monkeypox,122.45836771855315,26.957449790071273
Mwanza,2025-10-13,86,Monkeypox,234.5845319951132,28.925876267094885
Mzimba,2024-01-01,1390,Malaria,156.49446165960578,29.8615478649973
Mzimba,2024-01-08,545,Malaria,230.23041234342935,30.60600701968759
Mzimba,2024-01-15,840,Malaria,54.77551898074212,28.261553541682723
Mzimba,2024-01-22,1160,Malaria,62.31504941425683,24.539560059486295
Mzimba,2024-01-29,1471,Malaria,239.9369901443485,34.33400920790622
Mzimba,2024-02-05,778,Malaria,180.28349774238376,33.55725175558125
Mzimba,2024-02-12,677,Malaria,115.28966015173997,19.2544320185747
Mzimba,2024-02-19,248,Malaria,10.657667264034249,16.510250502075717
Mzimba,2024-02-26,986,Malaria,79.41964338419675,15.805485516217566
Mzimba,2024-03-04,791,Malaria,197.91732765167845,19.25864104256103
Mzimba,2024-03-11,797,Malaria,60.79932939337229,25.795778636235816
Mzimba,2024-03-18,393,Malaria,205.73441671398263,29.645803779494866
Mzimba,2024-03-25,1114,Malaria,116.1624505300144,32.372356582461514
Mzimba,2024-04-01,919,Malaria,114.56562836976356,26.943887453386566
Mzimba,2024-04-08,1354,Malaria,162.2740209731973,23.28434488612478
Mzimba,2024-04-15,844,Malaria,50.87812478938536,18.65546318466901
Mzimba,2024-04-22,488,Malaria,140.24794968342587,24.99918478198323
Mzimba,2024-04-29,299,Malaria,230.50566709226243,32.595065798387765
Mzimba,2024-05-06,355,Malaria,85.445954798775,22.87315937339629
Mzimba,2024-05-13,572,Malaria,224.35618645191792,17.169372352050644
Mzimba,2024-05-20,899,Malaria,145.12138801970792,18.62126690427294
Mzimba,2024-05-27,1339,Malaria,46.363027002046,16.695270145163825
Mzimba,2024-06-03,462,Malaria,204.75887409518833,16.159314307571716
Mzimba,2024-06-10,1074,Malaria,49.73018428221385,26.141629382774237
Mzimba,2024-06-17,119,Malaria,159.20700209719772,20.687146459793688
Mzimba,2024-06-24,1054,Malaria,238.5608202348313,25.327070958630323
Mzimba,2024-07-01,294,Malaria,70.9670999946746,34.99176096255584
Mzimba,2024-07-08,483,Malaria,223.2618389353713,32.78883006997833
Mzimba,2024-07-15,1342,Malaria,18.561325479693497,28.992344601662857
Mzimba,2024-07-22,661,Malaria,179.32753502363238,15.651386730648094
Mzimba,2024-07-29,561,Malaria,100.09722235535007,34.660770705577065
Mzimba,2024-08-05,283,Malaria,126.62079791193293,30.713608187662363
Mzimba,2024-08-12,114,Malaria,222.24173652981867,23.51369778491141
Mzimba,2024-08-19,719,Malaria,16.514250077311722,19.9834969869948
Mzimba,2024-08-26,1218,Malaria,59.827794614804695,32.02410500975544
Mzimba,2024-09-02,1161,Malaria,111.27757325421808,30.974936187732382
Mzimba,2024-09-09,814,Malaria,99.98427799608503,25.50992007891299
Mzimba,2024-09-16,656,Malaria,122.31410969790582,34.85201205626852
Mzimba,2024-09-23,490,Malaria,51.077727561264716,22.269547075562308
Mzimba,2024-09-30,274,Malaria,117.982316576073,28.93405884968054
Mzimba,2024-10-07,1068,Malaria,106.89111533158798,25.491217814975847
Mzimba,2024-10-14,386,Malaria,32.489973529744894,19.070310202875298
Mzimba,2024-10-21,1473,Malaria,75.48744732286697,30.721055646429043
Mzimba,2024-10-28,490,Malaria,232.59226722543536,27.6546089825285
Mzimba,2024-11-04,1315,Malaria,41.699678215180114,16.10943718207407
Mzimba,2024-11-11,1322,Malaria,97.92692854061694,27.017379283381274
Mzimba,2024-11-18,826,Malaria,17.879294633546927,16.75491840514227
Mzimba,2024-11-25,202,Malaria,132.69961595302001,27.38916007168158
Mzimba,2024-12-02,899,Malaria,113.36261292399647,21.396545647149143
Mzimba,2024-12-09,928,Malaria,46.916489622952305,18.562066150320682
Mzimba,2024-12-16,1032,Malaria,63.572211567074596,22.70272329083265
Mzimba,2024-12-23,1359,Malaria,145.60445253137604,15.158076367569462
Mzimba,2024-12-30,884,Malaria,181.03943023982913,26.440887378654253
Mzimba,2025-01-06,970,Malaria,29.39351597734105,18.973501534485287
Mzimba,2025-01-13,744,Malaria,145.82572250218777,17.11140338888545
Mzimba,2025-01-20,964,Malaria,81.89237793941928,31.069272344510686
Mzimba,2025-01-27,425,Malaria,138.0144912752083,33.17094934496976
Mzimba,2025-02-03,1388,Malaria,39.99255035952362,26.224716331195417
Mzimba,2025-02-10,220,Malaria,242.67471478899736,32.87731299118427
Mzimba,2025-02-17,307,Malaria,32.595872994449024,20.294661783566603
Mzimba,2025-02-24,1423,Malaria,84.31571470904484,18.725788349915266
Mzimba,2025-03-03,1079,Malaria,76.94251088014268,17.2489358174778
Mzimba,2025-03-10,306,Malaria,218.68782893571256,32.11891091764831
Mzimba,2025-03-17,1363,Malaria,19.370146219130053,29.221268894757486
Mzimba,2025-03-24,741,Malaria,27.120167019357293,21.351769018814533
Mzimba,2025-03-31,678,Malaria,42.877234867002265,25.06143875738145
Mzimba,2025-04-07,210,Malaria,187.0452448863906,20.41186816238205
Mzimba,2025-04-14,1270,Malaria,203.504761064446,19.849300633385663
Mzimba,2025-04-21,1422,Malaria,92.23566597131469,17.98643639664633
Mzimba,2025-04-28,1054,Malaria,21.349942900786484,18.841081929255278
Mzimba,2025-05-05,1181,Malaria,116.10103008909095,27.889428670053366
Mzimba,2025-05-12,1390,Malaria,111.73449813313546,17.6426358259027
Mzimba,2025-05-19,848,Malaria,136.03205363919238,24.095095441882712
Mzimba,2025-05-26,1102,Malaria,204.2659065580247,22.63451753909054
Mzimba,2025-06-02,445,Malaria,240.1530639617049,27.545123143259325
Mzimba,2025-06-09,890,Malaria,240.21989997388295,22.884681647305143
Mzimba,2025-06-16,352,Malaria,32.18901795109333,18.645619744394743
Mzimba,2025-06-23,841,Malaria,237.30140414806647,25.5275398299154
Mzimba,2025-06-30,512,Malaria,225.02481055093287,17.637584052388412
Mzimba,2025-07-07,124,Malaria,97.67818608486692,15.203890768815409
Mzimba,2025-07-14,322,Malaria,48.501559529717575,34.45733598622313
Mzimba,2025-07-21,1044,Malaria,40.170529409522985,26.791590514964092
Mzimba,2025-07-28,496,Malaria,214.08795820429003,28.24463139568095
Mzimba,2025-08-04,871,Malaria,166.80868801680114,31.903442034584057
Mzimba,2025-08-11,912,Malaria,218.61430694862332,26.91967742645283
Mzimba,2025-08-18,223,Malaria,86.40518084146126,27.27269794951905
Mzimba,2025-08-25,426,Malaria,45.91265442119719,23.200806174791015
Mzimba,2025-09-01,1350,Malaria,53.39125525873936,27.906804321358976
Mzimba,2025-09-08,1341,Malaria,30.433122356612913,30.504733747865384
Mzimba,2025-09-15,267,Malaria,82.87496548675192,19.477012891056194
Mzimba,2025-09-22,808,Malaria,11.045297687781563,27.622118396602147
Mzimba,2025-09-29,1122,Malaria,238.93713847834078,16.82065417228238
Mzimba,2025-10-06,1336,Malaria,147.00103621613064,16.753802597782446
Mzimba,2025-10-13,116,Malaria,173.62786691974244,33.74529912775649
Mzimba,2024-01-01,379,Cholera,224.54827747245295,28.26247751334886
Mzimba,2024-01-08,393,Cholera,88.62397305446528,17.896216638601736
Mzimba,2024-01-15,494,Cholera,20.561269456778025,31.232757357244406
Mzimba,2024-01-22,646,Cholera,150.52659715355702,33.52952375467919
Mzimba,2024-01-29,274,Cholera,11.918116013612256,20.893122808605582
Mzimba,2024-02-05,389,Cholera,86.00357972180738,32.74392647286878
Mzimba,2024-02-12,477,Cholera,247.52364239709388,15.759869783121498
Mzimba,2024-02-19,398,Cholera,107.85964878270468,20.14787377252792
Mzimba,2024-02-26,456,Cholera,213.72661690148314,34.46955764918769
Mzimba,2024-03-04,496,Cholera,37.6252956544762,25.32934168237685
Mzimba,2024-03-11,444,Cholera,123.27682718100866,32.81945096542656
Mzimba,2024-03-18,109,Cholera,199.46307005535505,30.772334690299346
Mzimba,2024-03-25,471,Cholera,151.40853963441486,30.01737775052583
Mzimba,2024-04-01,70,Cholera,72.39044795578262,26.895308743391965
Mzimba,2024-04-08,276,Cholera,134.72769264194676,33.65295124459392
Mzimba,2024-04-15,664,Cholera,213.653167827725,19.733307314102092
Mzimba,2024-04-22,138,Cholera,235.78611821614135,22.222451952308322
Mzimba,2024-04-29,328,Cholera,113.37012631377603,25.864749151367388
Mzimba,2024-05-06,299,Cholera,56.86106467461386,19.733878687329874
Mzimba,2024-05-13,482,Cholera,85.39015830838353,28.157648161735494
Mzimba,2024-05-20,131,Cholera,12.947335377655467,26.865510846430553
Mzimba,2024-05-27,365,Cholera,139.24233918267393,22.805426935602426
Mzimba,2024-06-03,134,Cholera,170.26564504860644,31.783516590823027
Mzimba,2024-06-10,557,Cholera,125.53088516900266,22.101680450278415
Mzimba,2024-06-17,265,Cholera,210.13760603875613,25.88648672020881
Mzimba,2024-06-24,135,Cholera,240.47376677198963,19.593321920285046
Mzimba,2024-07-01,116,Cholera,92.93325453214545,32.34619531387774
Mzimba,2024-07-08,197,Cholera,7.842647750704479,29.540342781826638
Mzimba,2024-07-15,557,Cholera,249.61778859744769,26.40863305768792
Mzimba,2024-07-22,167,Cholera,57.153182195683414,15.957449641615735
Mzimba,2024-07-29,325,Cholera,120.44280238490416,18.289096259570595
Mzimba,2024-08-05,264,Cholera,3.2323413479466154,34.769338152355004
Mzimba,2024-08-12,140,Cholera,109.95997585181259,34.33459363777487
Mzimba,2024-08-19,532,Cholera,183.88795965403054,17.63448251093034
Mzimba,2024-08-26,78,Cholera,112.1652751432555,18.31394282603099
Mzimba,2024-09-02,395,Cholera,60.89554982654766,18.116720376352077
Mzimba,2024-09-09,599,Cholera,173.24402602175567,19.823270795461227
Mzimba,2024-09-16,121,Cholera,209.336249795218,16.510601237628887
Mzimba,2024-09-23,363,Cholera,97.9946351251666,28.25853230473517
Mzimba,2024-09-30,134,Cholera,179.43224364932286,29.574272503433626
Mzimba,2024-10-07,228,Cholera,85.05564177879157,15.745131601374885
Mzimba,2024-10-14,292,Cholera,93.07598543682663,34.93474335800633
Mzimba,2024-10-21,299,Cholera,83.15370742524533,23.573804821566526
Mzimba,2024-10-28,86,Cholera,4.991536982744877,20.306055845866215
Mzimba,2024-11-04,193,Cholera,96.16883456416758,34.98699319683252
Mzimba,2024-11-11,302,Cholera,193.11542440861027,24.32327555154673
Mzimba,2024-11-18,680,Cholera,169.1699272417098,22.499004193550338
Mzimba,2024-11-25,509,Cholera,170.56739691548978,30.14489162023334
Mzimba,2024-12-02,105,Cholera,90.03710323587758,23.077541073282607
Mzimba,2024-12-09,306,Cholera,36.7740837127771,20.504437719425606
Mzimba,2024-12-16,454,Cholera,46.91764650250108,16.8553680945656
Mzimba,2024-12-23,260,Cholera,206.863485503276,30.378087013835966
Mzimba,2024-12-30,687,Cholera,47.14069944250224,18.675916840373
Mzimba,2025-01-06,358,Cholera,162.46485865977908,20.50150456477518
Mzimba,2025-01-13,211,Cholera,178.30673806919725,18.25866749877912
Mzimba,2025-01-20,498,Cholera,221.25039730192108,29.594479525526936
Mzimba,2025-01-27,604,Cholera,237.3972824267037,23.051592895205754
Mzimba,2025-02-03,436,Cholera,221.1805054073141,25.3728560284175
Mzimba,2025-02-10,586,Cholera,235.37343144545918,29.580710218979803
Mzimba,2025-02-17,137,Cholera,63.92587690912027,19.4757389541969
Mzimba,2025-02-24,179,Cholera,102.55626533631987,25.050568360509487
Mzimba,2025-03-03,494,Cholera,196.05367492513537,31.83270156493946
Mzimba,2025-03-10,466,Cholera,240.0966106171548,29.683296171475796
Mzimba,2025-03-17,599,Cholera,248.3237710449672,27.809286238025418
Mzimba,2025-03-24,216,Cholera,60.89217284899759,22.597078772672553
Mzimba,2025-03-31,586,Cholera,80.49669500676713,18.337351613728334
Mzimba,2025-04-07,346,Cholera,129.6167271652447,20.12241798269988
Mzimba,2025-04-14,362,Cholera,30.6960749837491,28.481075878737478
Mzimba,2025-04-21,566,Cholera,105.95528704352722,15.309972789986695
Mzimba,2025-04-28,105,Cholera,192.42888329360323,23.44525743937492
Mzimba,2025-05-05,493,Cholera,183.10412291778007,18.13550525811228
Mzimba,2025-05-12,595,Cholera,175.93967827392052,30.50908852712481
Mzimba,2025-05-19,242,Cholera,134.2353210388437,34.06992087407686
Mzimba,2025-05-26,175,Cholera,164.05635628325672,18.01389459160385
Mzimba,2025-06-02,481,Cholera,78.90916983603671,19.806661084641092
Mzimba,2025-06-09,691,Cholera,135.6229833236639,27.788504079221532
Mzimba,2025-06-16,455,Cholera,139.84915990516598,17.82956076923276
Mzimba,2025-06-23,257,Cholera,71.43743066384498,21.741356014732283
Mzimba,2025-06-30,322,Cholera,127.95728540486209,17.517419044224813
Mzimba,2025-07-07,159,Cholera,92.5367719982162,26.731709711282456
Mzimba,2025-07-14,69,Cholera,133.14170226647542,24.45293242599788
Mzimba,2025-07-21,370,Cholera,95.7266604469646,23.510331395558556
Mzimba,2025-07-28,172,Cholera,146.03991272420802,17.151105576061497
Mzimba,2025-08-04,105,Cholera,117.05916029121627,17.385025694363456
Mzimba,2025-08-11,535,Cholera,188.30309550808065,20.073630822770667
Mzimba,2025-08-18,122,Cholera,85.2513939565451,33.480187823437575
Mzimba,2025-08-25,328,Cholera,35.241281891843805,29.860839419014454
Mzimba,2025-09-01,97,Cholera,214.3836494796817,22.30517796906358
Mzimba,2025-09-08,623,Cholera,192.5319158541573,34.26160560582811
Mzimba,2025-09-15,86,Cholera,217.67069905962313,34.89892354197191
Mzimba,2025-09-22,79,Cholera,110.06794525587988,34.06063718861702
Mzimba,2025-09-29,674,Cholera,170.05070483962328,28.83276123431199
Mzimba,2025-10-06,255,Cholera,37.56369405816462,22.214234519850635
Mzimba,2025-10-13,412,Cholera,211.2428623482379,19.097555639114795
Mzimba,2024-01-01,139,Monkeypox,141.9702590732075,27.128580324003764
Mzimba,2024-01-08,88,Monkeypox,91.02856471550075,24.24861965422735
Mzimba,2024-01-15,133,Monkeypox,227.4108713655147,24.680384528511638
Mzimba,2024-01-22,109,Monkeypox,192.65687811488942,20.589374541295605
Mzimba,2024-01-29,129,Monkeypox,150.1000072645338,31.985911550356782
Mzimba,2024-02-05,103,Monkeypox,200.04362259128706,28.987220485883718
Mzimba,2024-02-12,65,Monkeypox,185.04576736587708,33.31595993272862
Mzimba,2024-02-19,123,Monkeypox,59.86975407084883,31.133316801281513
Mzimba,2024-02-26,11,Monkeypox,137.72103544652322,30.16279383740883
Mzimba,2024-03-04,197,Monkeypox,67.22210015830235,27.526367261307225
Mzimba,2024-03-11,10,Monkeypox,31.464150031599083,17.104069309396806
Mzimba,2024-03-18,112,Monkeypox,198.39722567181354,21.341850005654873
Mzimba,2024-03-25,64,Monkeypox,7.365150666884618,28.907311928314336
Mzimba,2024-04-01,113,Monkeypox,14.485480706084463,15.827059741314988
Mzimba,2024-04-08,92,Monkeypox,98.10769443847428,23.285719853247343
Mzimba,2024-04-15,176,Monkeypox,40.93204581517096,17.93065719672825
Mzimba,2024-04-22,171,Monkeypox,99.6535671279524,25.093607766940334
Mzimba,2024-04-29,159,Monkeypox,188.29471088927448,22.66582532312589
Mzimba,2024-05-06,111,Monkeypox,24.118823140158174,20.651654288267537
Mzimba,2024-05-13,31,Monkeypox,63.27640957071481,27.065656506459472
Mzimba,2024-05-20,90,Monkeypox,13.660247743715964,24.474315750663795
Mzimba,2024-05-27,102,Monkeypox,82.28120941520848,29.808070992189748
Mzimba,2024-06-03,123,Monkeypox,161.36348426695585,18.892146141971402
Mzimba,2024-06-10,75,Monkeypox,40.11344617574633,26.917258773534172
Mzimba,2024-06-17,183,Monkeypox,98.28263212410432,29.148616231172213
Mzimba,2024-06-24,49,Monkeypox,103.19280149070842,15.93136835449711
Mzimba,2024-07-01,114,Monkeypox,102.96041722860919,26.450231092216246
Mzimba,2024-07-08,156,Monkeypox,220.43578578189712,25.82494680164883
Mzimba,2024-07-15,65,Monkeypox,232.96717044030584,30.31161272084943
Mzimba,2024-07-22,154,Monkeypox,149.8707340118867,28.141355452352634
Mzimba,2024-07-29,114,Monkeypox,229.32955377700873,26.18396796177786
Mzimba,2024-08-05,55,Monkeypox,169.4295137473801,34.562026834633144
Mzimba,2024-08-12,125,Monkeypox,123.99472035815803,20.882842174602278
Mzimba,2024-08-19,100,Monkeypox,44.1812615283349,23.325325209678056
Mzimba,2024-08-26,124,Monkeypox,172.2984040268041,29.603266868094845
Mzimba,2024-09-02,52,Monkeypox,203.808312631637,32.70051400289458
Mzimba,2024-09-09,192,Monkeypox,50.46101535997,30.460630489737255
Mzimba,2024-09-16,135,Monkeypox,189.54674470153427,16.925244939056626
Mzimba,2024-09-23,96,Monkeypox,247.5282470790956,24.169585721061456
Mzimba,2024-09-30,155,Monkeypox,89.6858583932489,32.29779058558702
Mzimba,2024-10-07,194,Monkeypox,108.92626106735315,34.8287192000314
Mzimba,2024-10-14,72,Monkeypox,241.35885331119397,17.231462272187155
Mzimba,2024-10-21,170,Monkeypox,171.772457751709,22.173833193828365
Mzimba,2024-10-28,189,Monkeypox,26.783955655371976,28.19570335736003
Mzimba,2024-11-04,128,Monkeypox,131.96559951336855,28.702892001349426
Mzimba,2024-11-11,22,Monkeypox,21.60772720193499,18.702475249669817
Mzimba,2024-11-18,64,Monkeypox,188.6342023191942,30.045832434206964
Mzimba,2024-11-25,65,Monkeypox,75.61651053306784,26.060752067456015
Mzimba,2024-12-02,147,Monkeypox,69.52219123555206,22.56037216241699
Mzimba,2024-12-09,147,Monkeypox,238.3166649372877,27.734442823737716
Mzimba,2024-12-16,117,Monkeypox,198.72126034599106,30.670067020067854
Mzimba,2024-12-23,88,Monkeypox,73.82684232976935,29.134042456966114
Mzimba,2024-12-30,61,Monkeypox,113.6435642226107,25.603109542866193
Mzimba,2025-01-06,124,Monkeypox,123.29400877367586,31.56123728603462
Mzimba,2025-01-13,115,Monkeypox,99.15595365975469,30.622889873559192
Mzimba,2025-01-20,16,Monkeypox,193.60964496849306,28.411662134703818
Mzimba,2025-01-27,178,Monkeypox,175.40016087508076,22.60852311033807
Mzimba,2025-02-03,32,Monkeypox,48.58373168939595,20.004856736249202
Mzimba,2025-02-10,74,Monkeypox,117.55093431005193,28.781223579638173
Mzimba,2025-02-17,56,Monkeypox,79.73577357692155,17.822422896018388
Mzimba,2025-02-24,142,Monkeypox,209.54152582751675,31.78520913221122
Mzimba,2025-03-03,34,Monkeypox,186.50009712459845,24.642930193684077
Mzimba,2025-03-10,136,Monkeypox,88.15016352136601,18.06828424229561
Mzimba,2025-03-17,34,Monkeypox,177.3824715968216,17.769500176371473
Mzimba,2025-03-24,80,Monkeypox,227.23179745738113,28.24329452892405
Mzimba,2025-03-31,92,Monkeypox,229.85097751781078,22.07977043489115
Mzimba,2025-04-07,194,Monkeypox,135.46893092359258,27.093423278859156
Mzimba,2025-04-14,131,Monkeypox,114.71070466361067,18.41757690990435
Mzimba,2025-04-21,183,Monkeypox,108.31396576019775,33.2068796564258
Mzimba,2025-04-28,90,Monkeypox,3.9519947669639235,15.48478057452203
Mzimba,2025-05-05,98,Monkeypox,114.43437223064731,16.908352711353267
Mzimba,2025-05-12,113,Monkeypox,248.5460894119656,32.28072769670376
Mzimba,2025-05-19,160,Monkeypox,13.621160297163703,19.746338353044557
Mzimba,2025-05-26,52,Monkeypox,34.73252729070692,27.785293133554582
Mzimba,2025-06-02,15,Monkeypox,187.94116573709235,31.97338434336981
Mzimba,2025-06-09,123,Monkeypox,83.92021749999803,31.54915412551367
Mzimba,2025-06-16,17,Monkeypox,118.80054593318648,32.26763642343967
Mzimba,2025-06-23,159,Monkeypox,177.5531302862336,31.48093761858568
Mzimba,2025-06-30,14,Monkeypox,77.10388127195641,27.08792043407606
Mzimba,2025-07-07,108,Monkeypox,120.97222262688082,34.118300523055254
Mzimba,2025-07-14,14,Monkeypox,215.93955986527638,25.372540785645405
Mzimba,2025-07-21,115,Monkeypox,168.09660313770416,17.588979645360208
Mzimba,2025-07-28,62,Monkeypox,162.99448354422694,23.53955648110481
Mzimba,2025-08-04,72,Monkeypox,236.87043101460597,22.42183366949428
Mzimba,2025-08-11,65,Monkeypox,230.35473963119077,17.882137242477786
Mzimba,2025-08-18,193,Monkeypox,243.52508032016212,23.596715929126812
Mzimba,2025-08-25,143,Monkeypox,190.68955247927772,26.88151824469552
Mzimba,2025-09-01,119,Monkeypox,53.305583395789476,29.22209217650453
Mzimba,2025-09-08,19,Monkeypox,234.9758384320641,24.227961454725804
Mzimba,2025-09-15,142,Monkeypox,188.10350943374033,27.778940705768875
Mzimba,2025-09-22,98,Monkeypox,176.3082048406592,18.648285268103045
Mzimba,2025-09-29,58,Monkeypox,58.774787893145024,33.11892272096444
Mzimba,2025-10-06,92,Monkeypox,241.77905678821975,34.51760217757576
Mzimba,2025-10-13,29,Monkeypox,214.14196399988793,29.30573335149474
Neno,2024-01-01,1342,Malaria,171.5027080300464,15.6014226213885
Neno,2024-01-08,1062,Malaria,37.00438260452285,29.563190477747856
Neno,2024-01-15,1424,Malaria,174.02427253459416,29.959635595515998
Neno,2024-01-22,812,Malaria,215.7551765545864,23.766667958999978
Neno,2024-01-29,796,Malaria,90.58149643124852,24.198098975225008
Neno,2024-02-05,455,Malaria,72.14024165060302,28.195160230375414
Neno,2024-02-12,364,Malaria,232.0755483001089,22.571352159982425
Neno,2024-02-19,575,Malaria,135.5111869192669,15.24102158005588
Neno,2024-02-26,1479,Malaria,191.80184335567026,33.47452833289732
Neno,2024-03-04,1445,Malaria,200.72316059531647,23.149781268217602
Neno,2024-03-11,1288,Malaria,20.323805106676,18.849299364279155
Neno,2024-03-18,1123,Malaria,128.88586719411208,21.421434887715815
Neno,2024-03-25,970,Malaria,172.68724576488387,19.702826927901718
Neno,2024-04-01,917,Malaria,47.79013093506113,25.469085157014604
Neno,2024-04-08,173,Malaria,217.32307597308215,34.555069964924094
Neno,2024-04-15,1183,Malaria,76.37085655049691,32.25494455422455
Neno,2024-04-22,661,Malaria,139.0044933107091,32.40007031529955
Neno,2024-04-29,1074,Malaria,182.36097290501172,28.56536387358843
Neno,2024-05-06,1155,Malaria,130.3967937883645,16.416162637901547
Neno,2024-05-13,833,Malaria,204.3992060610658,33.49664137016366
Neno,2024-05-20,1403,Malaria,246.9190917532011,24.905121341571075
Neno,2024-05-27,696,Malaria,60.03467109827873,33.9352510157815
Neno,2024-06-03,1219,Malaria,167.45061326727418,21.279820662219468
Neno,2024-06-10,949,Malaria,127.95336528277082,23.74272255590465
Neno,2024-06-17,490,Malaria,107.81042805468319,34.9873886628535
Neno,2024-06-24,863,Malaria,89.14856201849398,28.237536702616374
Neno,2024-07-01,685,Malaria,150.15068139744986,28.714014200532397
Neno,2024-07-08,385,Malaria,238.77241806184293,20.54896096187459
Neno,2024-07-15,346,Malaria,134.72215278811834,23.289969119978338
Neno,2024-07-22,178,Malaria,166.18861218531453,17.31794944970278
Neno,2024-07-29,355,Malaria,105.33170477683801,21.152429894342134
Neno,2024-08-05,355,Malaria,129.57283054185402,27.403292971429124
Neno,2024-08-12,391,Malaria,183.85384547677725,15.891800059612729
Neno,2024-08-19,160,Malaria,124.26176489461427,22.666977059512377
Neno,2024-08-26,369,Malaria,198.36846609420746,18.486988413846774
Neno,2024-09-02,1387,Malaria,88.27461281586399,30.950633294809705
Neno,2024-09-09,808,Malaria,138.95945751320156,25.002525373021925
Neno,2024-09-16,237,Malaria,145.69601614840676,21.604698941009218
Neno,2024-09-23,402,Malaria,175.05942415754012,20.535715080724128
Neno,2024-09-30,1281,Malaria,1.0378865584603214,33.97098017565757
Neno,2024-10-07,379,Malaria,0.8017537976811873,33.131311915069816
Neno,2024-10-14,660,Malaria,42.543034897360194,28.646945495457214
Neno,2024-10-21,204,Malaria,235.55363377316237,15.480831333932489
Neno,2024-10-28,138,Malaria,17.98510564325345,24.179858769787508
Neno,2024-11-04,1374,Malaria,156.36157861139466,33.10126723426942
Neno,2024-11-11,1052,Malaria,118.68758945829377,28.141849095613274
Neno,2024-11-18,304,Malaria,14.706733491478301,24.896489903621116
Neno,2024-11-25,912,Malaria,215.5989865298914,33.4281022855335
Neno,2024-12-02,355,Malaria,35.236934123103524,32.02783992661203
Neno,2024-12-09,1044,Malaria,181.39978117525158,21.35156329228029
Neno,2024-12-16,923,Malaria,7.773226291333507,30.36923486659648
Neno,2024-12-23,352,Malaria,14.310607427545003,29.846815806810564
Neno,2024-12-30,495,Malaria,49.53146022140098,17.775361182298948
Neno,2025-01-06,306,Malaria,45.87630799255788,32.279833251612644
Neno,2025-01-13,1275,Malaria,24.078783702078223,32.68365357167076
Neno,2025-01-20,949,Malaria,208.8335881276283,31.094509329900852
Neno,2025-01-27,718,Malaria,16.898356654670295,31.068583182639138
Neno,2025-02-03,650,Malaria,148.77107041392415,26.31938818535503
Neno,2025-02-10,901,Malaria,209.8279917950784,32.014455644164514
Neno,2025-02-17,1028,Malaria,117.72702544736275,17.950645238178872
Neno,2025-02-24,537,Malaria,192.22090734158303,30.763321821264384
Neno,2025-03-03,484,Malaria,174.76133637242586,26.846579693581237
Neno,2025-03-10,336,Malaria,116.33720983220958,33.91095547746583
Neno,2025-03-17,330,Malaria,54.757020236277626,25.04016394686894
Neno,2025-03-24,513,Malaria,178.1282210251101,23.50643858034885
Neno,2025-03-31,608,Malaria,218.91544088579687,27.487626509448095
Neno,2025-04-07,584,Malaria,25.3195856008345,27.77517978598343
Neno,2025-04-14,565,Malaria,118.78875706839942,32.045282764263
Neno,2025-04-21,1093,Malaria,47.1852944208627,32.70234499701156
Neno,2025-04-28,699,Malaria,110.06035351022159,18.97770659070617
Neno,2025-05-05,758,Malaria,132.2608385466492,27.8458275245296
Neno,2025-05-12,710,Malaria,95.22540908114341,24.971281326346265
Neno,2025-05-19,1322,Malaria,107.05582202035625,19.843767278395884
Neno,2025-05-26,451,Malaria,38.94262861177267,20.337612288474784
Neno,2025-06-02,1132,Malaria,249.2304260324172,29.631066242144463
Neno,2025-06-09,183,Malaria,18.604878499220018,16.763059746507935
Neno,2025-06-16,669,Malaria,217.95279417635615,19.794953320825865
Neno,2025-06-23,367,Malaria,34.4342988789694,27.806476501062466
Neno,2025-06-30,786,Malaria,30.32755529178785,32.57571899786839
Neno,2025-07-07,1434,Malaria,169.6557793182117,15.92244445419997
Neno,2025-07-14,225,Malaria,87.75640400318052,33.801428862451
Neno,2025-07-21,1110,Malaria,140.67802293080348,27.331910301988817
Neno,2025-07-28,286,Malaria,176.02690440193595,22.778725628231797
Neno,2025-08-04,516,Malaria,125.78928780604934,28.0617671551407
Neno,2025-08-11,1485,Malaria,189.4982929253701,16.182825228090636
Neno,2025-08-18,1297,Malaria,241.29429939713904,24.861477788164642
Neno,2025-08-25,1445,Malaria,11.185429926376306,29.55849046921806
Neno,2025-09-01,1366,Malaria,180.94976501962196,19.61396516086618
Neno,2025-09-08,1280,Malaria,113.22712421906769,32.096339890824815
Neno,2025-09-15,141,Malaria,15.920973729206283,17.687099134186482
Neno,2025-09-22,637,Malaria,157.04643244005283,19.17789191547332
Neno,2025-09-29,461,Malaria,249.13355548125273,29.057553864514432
Neno,2025-10-06,1126,Malaria,204.60148395274928,22.948394653898067
Neno,2025-10-13,721,Malaria,10.390672975771897,19.83954195861108
Neno,2024-01-01,573,Cholera,59.666403486601375,20.40257703999907
Neno,2024-01-08,553,Cholera,224.22324491069233,31.751295303842507
Neno,2024-01-15,660,Cholera,14.522081015309995,32.1857993828914
Neno,2024-01-22,221,Cholera,35.13759390859328,31.958484396361733
Neno,2024-01-29,614,Cholera,52.74030503725135,26.179019970037956
Neno,2024-02-05,387,Cholera,75.14813587257856,21.552043421193762
Neno,2024-02-12,224,Cholera,111.63232661363465,31.662118145955603
Neno,2024-02-19,287,Cholera,0.0022248184570750063,17.580666921601946
Neno,2024-02-26,260,Cholera,248.4658304722779,17.804343383034322
Neno,2024-03-04,663,Cholera,56.651064983011615,25.818196559813394
Neno,2024-03-11,329,Cholera,201.23014675167403,18.620563743932955
Neno,2024-03-18,491,Cholera,227.96167483362117,21.48029573644152
Neno,2024-03-25,364,Cholera,43.13442253997868,23.524529813816216
Neno,2024-04-01,65,Cholera,21.04366207394609,31.164590828776586
Neno,2024-04-08,572,Cholera,74.37907544620326,30.114840991621747
Neno,2024-04-15,609,Cholera,65.89203605245164,17.682738672500697
Neno,2024-04-22,507,Cholera,149.61415626774266,27.186253508275783
Neno,2024-04-29,508,Cholera,47.670969623128805,34.999916179229544
Neno,2024-05-06,650,Cholera,28.70394601877499,28.26698376289877
Neno,2024-05-13,85,Cholera,36.72228405844227,24.18180541380825
Neno,2024-05-20,128,Cholera,78.05619159750479,27.582747600303087
Neno,2024-05-27,311,Cholera,110.87707662212712,16.863310219174537
Neno,2024-06-03,315,Cholera,107.45287383078916,24.339084427449404
Neno,2024-06-10,375,Cholera,49.10651726681642,29.637926674624396
Neno,2024-06-17,660,Cholera,177.6501532872265,33.930667648635634
Neno,2024-06-24,94,Cholera,131.12606638872964,32.1642049566869
Neno,2024-07-01,135,Cholera,8.43766716364469,31.21523124477202
Neno,2024-07-08,294,Cholera,96.12800749066783,16.82336582399568
Neno,2024-07-15,142,Cholera,191.65826427006084,22.73344874673228
Neno,2024-07-22,166,Cholera,28.845661898809105,23.79680172147612
Neno,2024-07-29,672,Cholera,100.478033688913,17.759526171865193
Neno,2024-08-05,583,Cholera,231.88754953061357,16.251917310723833
Neno,2024-08-12,57,Cholera,113.15363405038636,34.97111973286359
Neno,2024-08-19,84,Cholera,159.21470640238124,34.21640320879018
Neno,2024-08-26,328,Cholera,225.34085896028392,34.716622181788374
Neno,2024-09-02,252,Cholera,230.06322902231892,31.08751286823547
Neno,2024-09-09,620,Cholera,30.27112887809938,26.25273725349419
Neno,2024-09-16,645,Cholera,158.5470559828782,27.524412696356936
Neno,2024-09-23,77,Cholera,201.8685839117611,28.239087809086076
Neno,2024-09-30,413,Cholera,146.14969288012804,33.680923873469816
Neno,2024-10-07,88,Cholera,185.19252341889245,26.635904778307772
Neno,2024-10-14,498,Cholera,62.759413277028386,28.14505523851746
Neno,2024-10-21,574,Cholera,63.14982916830642,15.998948750672906
Neno,2024-10-28,120,Cholera,35.751283820222355,32.16061343899692
Neno,2024-11-04,425,Cholera,123.5358721018284,20.618530573221612
Neno,2024-11-11,545,Cholera,69.9555742594944,32.790416564982934
Neno,2024-11-18,385,Cholera,56.818753208967564,18.20151038545507
Neno,2024-11-25,224,Cholera,101.9076761498299,33.440244353221956
Neno,2024-12-02,64,Cholera,172.39217264350623,28.023451206972958
Neno,2024-12-09,696,Cholera,180.76999525086836,22.150916717858035
Neno,2024-12-16,369,Cholera,113.36948390153351,19.946848898850376
Neno,2024-12-23,398,Cholera,20.536920097752542,29.97846280225332
Neno,2024-12-30,418,Cholera,24.730879387931836,20.73858066249963
Neno,2025-01-06,535,Cholera,30.584865476899704,32.6340987525131
Neno,2025-01-13,379,Cholera,48.3889185811629,28.357181746586203
Neno,2025-01-20,228,Cholera,40.716589537016205,18.29550029514475
Neno,2025-01-27,85,Cholera,83.58149931509004,28.31803514434671
Neno,2025-02-03,699,Cholera,35.25379548848914,33.40339664744328
Neno,2025-02-10,233,Cholera,145.04702322542187,25.508650621065613
Neno,2025-02-17,90,Cholera,75.1894716816531,25.29022370928313
Neno,2025-02-24,139,Cholera,75.44883883102254,21.90347418817707
Neno,2025-03-03,110,Cholera,194.77372999392523,15.136905119621414
Neno,2025-03-10,548,Cholera,151.764038027177,18.871476941100703
Neno,2025-03-17,312,Cholera,19.777280609221265,20.167986842790597
Neno,2025-03-24,466,Cholera,218.8519533049244,29.958406366164272
Neno,2025-03-31,230,Cholera,116.059424116858,29.10654281789434
Neno,2025-04-07,281,Cholera,75.55264966406381,30.15962651018528
Neno,2025-04-14,90,Cholera,180.13879430323564,32.91101889978061
Neno,2025-04-21,89,Cholera,67.10728543911665,33.92599429088267
Neno,2025-04-28,489,Cholera,9.909345916746554,33.03194508305223
Neno,2025-05-05,113,Cholera,60.26915222811449,28.59438346689766
Neno,2025-05-12,133,Cholera,134.3513849157591,27.43497768132994
Neno,2025-05-19,585,Cholera,164.2173975603792,17.63096003637349
Neno,2025-05-26,630,Cholera,207.1246141995783,26.3367761444064
Neno,2025-06-02,254,Cholera,239.06570708161067,30.120905493201892
Neno,2025-06-09,359,Cholera,22.651244074341797,28.92482683995885
Neno,2025-06-16,517,Cholera,9.126521389424324,21.770806039110994
Neno,2025-06-23,480,Cholera,243.8797751908045,28.81682162119272
Neno,2025-06-30,667,Cholera,91.2719702284519,23.692081865210067
Neno,2025-07-07,393,Cholera,127.60115763487867,31.743875512253148
Neno,2025-07-14,616,Cholera,68.2092442704367,24.094742188341645
Neno,2025-07-21,558,Cholera,138.60811615129552,31.26401914472521
Neno,2025-07-28,70,Cholera,174.53348532356992,23.449836325915737
Neno,2025-08-04,685,Cholera,129.21665954066427,28.654640571903606
Neno,2025-08-11,584,Cholera,242.1303986746273,15.822932096737784
Neno,2025-08-18,618,Cholera,155.71858337949192,26.494265380971363
Neno,2025-08-25,683,Cholera,116.80932931446647,22.295779308282395
Neno,2025-09-01,482,Cholera,105.63177728723296,20.37973726711669
Neno,2025-09-08,198,Cholera,74.425435897813,20.611803217534554
Neno,2025-09-15,365,Cholera,222.13540508766485,25.487822644836314
Neno,2025-09-22,603,Cholera,198.44458922359075,20.12776152342596
Neno,2025-09-29,630,Cholera,225.88441909981955,31.348602574900934
Neno,2025-10-06,422,Cholera,178.62717217708655,27.334750414964024
Neno,2025-10-13,376,Cholera,101.96411799248398,26.38254197575932
Neno,2024-01-01,12,Monkeypox,173.05393422099218,16.023467512463657
Neno,2024-01-08,60,Monkeypox,53.65183052733197,25.580915879456203
Neno,2024-01-15,174,Monkeypox,36.64089696664144,33.56558482914337
Neno,2024-01-22,103,Monkeypox,155.97149889203726,21.404264225821226
Neno,2024-01-29,78,Monkeypox,235.73830404419235,15.319440765005947
Neno,2024-02-05,84,Monkeypox,62.05464019961396,15.287783486673819
Neno,2024-02-12,184,Monkeypox,12.01636203690959,16.672098474083498
Neno,2024-02-19,119,Monkeypox,127.81838649752561,16.0166388071664
Neno,2024-02-26,173,Monkeypox,17.84681497608523,33.895941586374775
Neno,2024-03-04,199,Monkeypox,118.5842038160752,25.08053043153879
Neno,2024-03-11,167,Monkeypox,25.907715022135985,30.13326078946858
Neno,2024-03-18,73,Monkeypox,245.52766551789173,18.506294156415272
Neno,2024-03-25,144,Monkeypox,239.83827754452884,17.545825384913396
Neno,2024-04-01,101,Monkeypox,173.26809084200525,34.5256322826859
Neno,2024-04-08,193,Monkeypox,224.41444197138875,17.375807507375697
Neno,2024-04-15,107,Monkeypox,26.7473666312269,23.46173747759012
Neno,2024-04-22,149,Monkeypox,118.02654830444071,28.507242319853837
Neno,2024-04-29,126,Monkeypox,119.09563535178475,18.215626182842612
Neno,2024-05-06,185,Monkeypox,226.27299553072964,19.431743974518387
Neno,2024-05-13,89,Monkeypox,220.5208895638717,25.719730693737837
Neno,2024-05-20,45,Monkeypox,44.01983927376779,32.19287072334146
Neno,2024-05-27,60,Monkeypox,102.86599925527379,27.17544927896906
Neno,2024-06-03,93,Monkeypox,155.02415300905488,16.707906755181085
Neno,2024-06-10,81,Monkeypox,164.41797562957265,26.12179413079935
Neno,2024-06-17,136,Monkeypox,0.2307028447764703,19.39516093628134
Neno,2024-06-24,191,Monkeypox,154.39775951131273,32.67426624275683
Neno,2024-07-01,191,Monkeypox,161.1694423299053,26.682436059003482
Neno,2024-07-08,31,Monkeypox,77.84107689322381,31.836666389422998
Neno,2024-07-15,22,Monkeypox,179.07387718860704,27.120143027545716
Neno,2024-07-22,106,Monkeypox,50.70882015707711,31.23526984515659
Neno,2024-07-29,47,Monkeypox,228.9876673838044,20.564098812946543
Neno,2024-08-05,147,Monkeypox,109.88076900016678,18.980258656610708
Neno,2024-08-12,51,Monkeypox,81.98569324218255,30.251421318186473
Neno,2024-08-19,127,Monkeypox,207.5814382855476,18.034220852098937
Neno,2024-08-26,165,Monkeypox,71.5778494105955,22.863784964133778
Neno,2024-09-02,31,Monkeypox,76.52164012771298,17.26683024853091
Neno,2024-09-09,126,Monkeypox,74.66467320780698,21.507793877597997
Neno,2024-09-16,170,Monkeypox,119.2479286737208,22.812778333266934
Neno,2024-09-23,50,Monkeypox,8.426222933908878,21.14217524496354
Neno,2024-09-30,69,Monkeypox,124.74682267301462,27.400674582159958
Neno,2024-10-07,118,Monkeypox,194.1863547788265,17.869171081612752
Neno,2024-10-14,106,Monkeypox,157.62962886065412,26.285856279849966
Neno,2024-10-21,106,Monkeypox,83.0130817718037,21.75381755890419
Neno,2024-10-28,35,Monkeypox,151.09892396698376,22.07361538786955
Neno,2024-11-04,153,Monkeypox,167.1806292191539,29.238886901400544
Neno,2024-11-11,22,Monkeypox,230.60011948000889,18.220315617257786
Neno,2024-11-18,164,Monkeypox,141.0111431894917,26.73158770958063
Neno,2024-11-25,78,Monkeypox,60.47279203753425,26.8531181004782
Neno,2024-12-02,163,Monkeypox,113.54719033117688,34.893312770749176
Neno,2024-12-09,128,Monkeypox,100.50624986600923,31.760068521781914
Neno,2024-12-16,16,Monkeypox,188.5691605229994,29.879264388835356
Neno,2024-12-23,123,Monkeypox,32.69105470907996,32.015026546704306
Neno,2024-12-30,51,Monkeypox,72.41132198692951,26.958577496716885
Neno,2025-01-06,30,Monkeypox,171.60687290362503,34.823613232514596
Neno,2025-01-13,186,Monkeypox,197.86053798187228,33.73870415241337
Neno,2025-01-20,173,Monkeypox,87.07154681993944,30.3931548021671
Neno,2025-01-27,53,Monkeypox,100.10334038524097,26.123410247554105
Neno,2025-02-03,190,Monkeypox,64.79496817891601,33.265916643822976
Neno,2025-02-10,172,Monkeypox,55.34590907898876,20.597086771137512
Neno,2025-02-17,38,Monkeypox,77.51894186399404,17.144855398647017
Neno,2025-02-24,99,Monkeypox,91.41667917460067,27.28753862374786
Neno,2025-03-03,48,Monkeypox,25.259794534214258,21.433698666319707
Neno,2025-03-10,112,Monkeypox,41.06050616139914,25.171724681659516
Neno,2025-03-17,24,Monkeypox,61.969610442502265,18.959996461078553
Neno,2025-03-24,63,Monkeypox,203.55915820188793,16.008287849704598
Neno,2025-03-31,144,Monkeypox,137.79734915617038,33.2250825351083
Neno,2025-04-07,90,Monkeypox,179.9118924959507,26.787385655453967
Neno,2025-04-14,49,Monkeypox,218.29548370324065,27.011871181326583
Neno,2025-04-21,76,Monkeypox,53.87444138244607,15.3917936644659
Neno,2025-04-28,75,Monkeypox,241.95058780735818,29.034181151028275
Neno,2025-05-05,33,Monkeypox,86.41487070377727,29.28224315605202
Neno,2025-05-12,190,Monkeypox,222.43130896358613,33.25050728371113
Neno,2025-05-19,66,Monkeypox,134.20662127724924,27.81564637364717
Neno,2025-05-26,188,Monkeypox,206.22868543413358,33.895606404631565
Neno,2025-06-02,10,Monkeypox,149.78664550523433,24.289600994903644
Neno,2025-06-09,59,Monkeypox,38.910992054406016,28.190107513818255
Neno,2025-06-16,130,Monkeypox,81.89985050432317,22.04762864996843
Neno,2025-06-23,37,Monkeypox,177.94295151727744,27.644147657559078
Neno,2025-06-30,195,Monkeypox,209.2346150007967,15.661333221674685
Neno,2025-07-07,156,Monkeypox,58.08259771863031,30.938974878724437
Neno,2025-07-14,197,Monkeypox,214.8353410397369,31.55888215914393
Neno,2025-07-21,141,Monkeypox,217.86593299748304,25.935605980623638
Neno,2025-07-28,56,Monkeypox,194.0896785722994,16.055848786130497
Neno,2025-08-04,64,Monkeypox,111.91872034388761,17.841691073829704
Neno,2025-08-11,97,Monkeypox,29.75313878909355,23.364031173482218
Neno,2025-08-18,117,Monkeypox,37.78092332269842,26.399411097525256
Neno,2025-08-25,89,Monkeypox,248.46920612342893,17.21219302057294
Neno,2025-09-01,58,Monkeypox,53.04920565790386,19.762419183957785
Neno,2025-09-08,148,Monkeypox,248.00443723450684,19.266540389126725
Neno,2025-09-15,46,Monkeypox,114.56658344933548,20.384251129771254
Neno,2025-09-22,199,Monkeypox,243.3419402468272,15.61627010857509
Neno,2025-09-29,71,Monkeypox,16.22116368502252,17.042773177467932
Neno,2025-10-06,146,Monkeypox,120.96437425709134,30.679833082424878
Neno,2025-10-13,130,Monkeypox,58.77673094212674,16.19164427926617
Nkhata Bay,2024-01-01,1133,Malaria,191.627747428159,23.8136961693397
Nkhata Bay,2024-01-08,1466,Malaria,101.42189300597107,22.514579142329342
Nkhata Bay,2024-01-15,398,Malaria,169.84210839527594,18.23057331646079
Nkhata Bay,2024-01-22,368,Malaria,185.57061871710394,25.51446492204553
Nkhata Bay,2024-01-29,1370,Malaria,223.90054867872956,29.764948124841148
Nkhata Bay,2024-02-05,1205,Malaria,188.02360634417744,18.959220108809344
Nkhata Bay,2024-02-12,1244,Malaria,221.3243302989725,34.96727241717021
Nkhata Bay,2024-02-19,358,Malaria,123.37847179008479,18.283273354760887
Nkhata Bay,2024-02-26,212,Malaria,215.42356773417163,28.989361337555028
Nkhata Bay,2024-03-04,1368,Malaria,30.057471696800146,23.78506037410256
Nkhata Bay,2024-03-11,1145,Malaria,95.85268414782325,29.149695106421557
Nkhata Bay,2024-03-18,1115,Malaria,225.11627709122055,25.68273504315159
Nkhata Bay,2024-03-25,1411,Malaria,82.90141188054866,23.04633299668131
Nkhata Bay,2024-04-01,1477,Malaria,82.55198240939376,27.44418211298595
Nkhata Bay,2024-04-08,405,Malaria,19.78619299013798,34.87375874336594
Nkhata Bay,2024-04-15,207,Malaria,213.33495593815778,30.679775681646248
Nkhata Bay,2024-04-22,767,Malaria,45.16591773925066,20.030244659147208
Nkhata Bay,2024-04-29,281,Malaria,86.85712018376454,18.495321777723312
Nkhata Bay,2024-05-06,263,Malaria,246.6634569412743,31.318769117996546
Nkhata Bay,2024-05-13,1183,Malaria,79.32403795957785,19.733929208201424
Nkhata Bay,2024-05-20,695,Malaria,126.19580283505277,32.03441494363926
Nkhata Bay,2024-05-27,235,Malaria,221.66503221925944,28.628068989844493
Nkhata Bay,2024-06-03,1145,Malaria,159.26148639704007,26.156303066782776
Nkhata Bay,2024-06-10,1370,Malaria,78.22153377375915,25.53723783198711
Nkhata Bay,2024-06-17,952,Malaria,47.3560921797829,17.207460753412146
Nkhata Bay,2024-06-24,1193,Malaria,48.16580348624755,25.13176937167099
Nkhata Bay,2024-07-01,1163,Malaria,176.34156404265593,16.447849439938654
Nkhata Bay,2024-07-08,257,Malaria,12.317065681446444,23.88315411235131
Nkhata Bay,2024-07-15,1235,Malaria,219.81837206673583,20.179244990077002
Nkhata Bay,2024-07-22,467,Malaria,177.78347964615713,26.806254461553685
Nkhata Bay,2024-07-29,832,Malaria,47.48466481719243,24.00236966545461
Nkhata Bay,2024-08-05,688,Malaria,46.104813655795276,24.248760978363308
Nkhata Bay,2024-08-12,206,Malaria,104.62362593564237,32.886222329010764
Nkhata Bay,2024-08-19,1293,Malaria,62.09162501602555,16.93384926192119
Nkhata Bay,2024-08-26,915,Malaria,184.48157906649377,16.45274571653769
Nkhata Bay,2024-09-02,283,Malaria,112.8462969294568,19.726615821561673
Nkhata Bay,2024-09-09,714,Malaria,94.41674467457933,20.449682871573287
Nkhata Bay,2024-09-16,1287,Malaria,121.28734561374574,17.74949663075755
Nkhata Bay,2024-09-23,972,Malaria,232.2852957736233,16.476304487817217
Nkhata Bay,2024-09-30,1425,Malaria,154.11253429749132,15.375793772195664
Nkhata Bay,2024-10-07,1494,Malaria,5.4924691128777345,21.646666857400906
Nkhata Bay,2024-10-14,1042,Malaria,65.84731116623837,30.457893743784254
Nkhata Bay,2024-10-21,238,Malaria,54.21482287574547,28.879088255816583
Nkhata Bay,2024-10-28,1144,Malaria,46.89955522550648,26.619627401383458
Nkhata Bay,2024-11-04,465,Malaria,244.89868241955503,26.08163754033768
Nkhata Bay,2024-11-11,238,Malaria,207.63503966745392,31.4747168221889
Nkhata Bay,2024-11-18,371,Malaria,159.49635828748984,17.10349013465717
Nkhata Bay,2024-11-25,825,Malaria,92.14566847027228,25.114595722764456
Nkhata Bay,2024-12-02,509,Malaria,210.3346011351118,27.32702446911626
Nkhata Bay,2024-12-09,412,Malaria,194.68024242312376,21.374426030149138
Nkhata Bay,2024-12-16,634,Malaria,163.5005590425116,25.754336456069133
Nkhata Bay,2024-12-23,485,Malaria,6.883778814480768,30.484019286874638
Nkhata Bay,2024-12-30,725,Malaria,116.30361159287145,26.937684592578464
Nkhata Bay,2025-01-06,513,Malaria,44.701370844304975,30.406039431259423
Nkhata Bay,2025-01-13,945,Malaria,128.45374676148333,16.43785976598114
Nkhata Bay,2025-01-20,1453,Malaria,22.953046829694067,34.37321047473862
Nkhata Bay,2025-01-27,1295,Malaria,17.792521641970954,32.382914550876194
Nkhata Bay,2025-02-03,1465,Malaria,160.7697459320992,30.19483784571391
Nkhata Bay,2025-02-10,689,Malaria,126.032428269326,22.491772028941487
Nkhata Bay,2025-02-17,1054,Malaria,82.44123658841113,16.86381277391188
Nkhata Bay,2025-02-24,628,Malaria,139.50598217813865,25.43941371505677
Nkhata Bay,2025-03-03,811,Malaria,47.079661018447375,26.02933573646209
Nkhata Bay,2025-03-10,343,Malaria,191.341970168299,17.980675492561037
Nkhata Bay,2025-03-17,591,Malaria,4.933169804287763,23.609926034318363
Nkhata Bay,2025-03-24,1027,Malaria,223.2783089620306,20.294859006939006
Nkhata Bay,2025-03-31,245,Malaria,205.0367818447687,30.850696500671205
Nkhata Bay,2025-04-07,1457,Malaria,132.3699366471403,27.231855769273924
Nkhata Bay,2025-04-14,157,Malaria,201.22816911536418,20.8715312349836
Nkhata Bay,2025-04-21,175,Malaria,98.05542126411487,15.089436653547336
Nkhata Bay,2025-04-28,1358,Malaria,58.08439701587123,15.170658883003068
Nkhata Bay,2025-05-05,848,Malaria,80.92929338186869,30.60629085574164
Nkhata Bay,2025-05-12,909,Malaria,38.36544077752238,30.11127450001185
Nkhata Bay,2025-05-19,936,Malaria,177.51543323212627,16.344574728216614
Nkhata Bay,2025-05-26,1038,Malaria,226.98576288462968,29.381230917765578
Nkhata Bay,2025-06-02,1347,Malaria,128.59224870772283,27.881129858433546
Nkhata Bay,2025-06-09,1410,Malaria,134.00794847805383,30.933287975011496
Nkhata Bay,2025-06-16,138,Malaria,111.85220606673454,18.694187523748088
Nkhata Bay,2025-06-23,488,Malaria,239.0562653541875,16.978244901819885
Nkhata Bay,2025-06-30,310,Malaria,35.10891479224537,23.002674193946753
Nkhata Bay,2025-07-07,499,Malaria,194.49876356220608,26.21991781081261
Nkhata Bay,2025-07-14,323,Malaria,138.72230382306552,16.569408833279297
Nkhata Bay,2025-07-21,1185,Malaria,143.71780565916356,28.84158194180603
Nkhata Bay,2025-07-28,986,Malaria,69.4947361394501,25.055677267742688
Nkhata Bay,2025-08-04,1242,Malaria,215.99407309975285,18.788089924933246
Nkhata Bay,2025-08-11,187,Malaria,67.27275499418278,27.856612019004256
Nkhata Bay,2025-08-18,1141,Malaria,7.69449001502473,21.86096937543858
Nkhata Bay,2025-08-25,307,Malaria,12.731538071997257,34.60658977732318
Nkhata Bay,2025-09-01,1136,Malaria,234.742120513737,31.22801558643354
Nkhata Bay,2025-09-08,395,Malaria,65.04687524116149,17.19296286251421
Nkhata Bay,2025-09-15,684,Malaria,77.94804558160101,23.39433106874047
Nkhata Bay,2025-09-22,895,Malaria,25.36381237636881,29.373726776050287
Nkhata Bay,2025-09-29,465,Malaria,26.799953472493115,20.19719289765534
Nkhata Bay,2025-10-06,225,Malaria,32.304733972430725,19.959675009243846
Nkhata Bay,2025-10-13,166,Malaria,103.92408343545895,32.1924157984633
Nkhata Bay,2024-01-01,393,Cholera,10.414592925758054,26.47228688266138
Nkhata Bay,2024-01-08,460,Cholera,79.58816935579124,32.24242602921984
Nkhata Bay,2024-01-15,274,Cholera,217.88767207250388,21.443332936761173
Nkhata Bay,2024-01-22,677,Cholera,129.67156929317662,26.714633967902113
Nkhata Bay,2024-01-29,580,Cholera,141.87216392474315,28.15932170758078
Nkhata Bay,2024-02-05,112,Cholera,50.13353941928292,29.614607086279662
Nkhata Bay,2024-02-12,341,Cholera,9.308770186690934,32.3093735914712
Nkhata Bay,2024-02-19,476,Cholera,99.01615001534711,31.316649233737856
Nkhata Bay,2024-02-26,111,Cholera,96.40684905371647,21.08943028213524
Nkhata Bay,2024-03-04,592,Cholera,249.91196184379916,15.384195872415564
Nkhata Bay,2024-03-11,595,Cholera,80.92403730782699,34.07247632223594
Nkhata Bay,2024-03-18,230,Cholera,123.54824660749044,24.258618022304248
Nkhata Bay,2024-03-25,422,Cholera,105.8040879732276,18.792332437097965
Nkhata Bay,2024-04-01,636,Cholera,89.35607417336388,17.647374944848508
Nkhata Bay,2024-04-08,624,Cholera,116.927546596127,22.05139483064596
Nkhata Bay,2024-04-15,214,Cholera,81.76683784075236,31.257764142154766
Nkhata Bay,2024-04-22,486,Cholera,201.6859785367238,28.405781091413328
Nkhata Bay,2024-04-29,251,Cholera,125.98132958023164,32.70489200083943
Nkhata Bay,2024-05-06,159,Cholera,142.6328170628437,33.973462239248754
Nkhata Bay,2024-05-13,151,Cholera,119.94047284779036,25.58544811228535
Nkhata Bay,2024-05-20,659,Cholera,15.012642369150896,20.9428449377191
Nkhata Bay,2024-05-27,671,Cholera,16.807969075500196,29.82574323654874
Nkhata Bay,2024-06-03,577,Cholera,227.18389001981433,20.126760316510968
Nkhata Bay,2024-06-10,436,Cholera,64.76935142017443,31.13561095056497
Nkhata Bay,2024-06-17,156,Cholera,21.430259901949384,20.685088153542765
Nkhata Bay,2024-06-24,277,Cholera,184.97359669302494,34.4867181873885
Nkhata Bay,2024-07-01,128,Cholera,34.388129678926376,20.99724297034593
Nkhata Bay,2024-07-08,111,Cholera,21.366102363539337,23.094317828278783
Nkhata Bay,2024-07-15,109,Cholera,156.34204925656277,18.168732084803047
Nkhata Bay,2024-07-22,248,Cholera,39.090633596840505,25.454673223199702
Nkhata Bay,2024-07-29,405,Cholera,69.8338953170358,23.50248186796994
Nkhata Bay,2024-08-05,232,Cholera,96.16406634851154,31.456849748077985
Nkhata Bay,2024-08-12,621,Cholera,49.86251880420458,21.58443133395807
Nkhata Bay,2024-08-19,306,Cholera,98.31212057162416,31.01831343320149
Nkhata Bay,2024-08-26,473,Cholera,77.57257502366632,26.695403527077985
Nkhata Bay,2024-09-02,577,Cholera,78.6834280259735,20.12496220828758
Nkhata Bay,2024-09-09,516,Cholera,148.82655815257507,18.151737959261396
Nkhata Bay,2024-09-16,493,Cholera,29.950934255638384,22.19850883648672
Nkhata Bay,2024-09-23,125,Cholera,196.8265581397202,26.677495810895504
Nkhata Bay,2024-09-30,634,Cholera,92.62322031482259,29.97345856789211
Nkhata Bay,2024-10-07,295,Cholera,73.49855110312726,26.97921755072771
Nkhata Bay,2024-10-14,188,Cholera,204.50289240938852,17.094758574391587
Nkhata Bay,2024-10-21,490,Cholera,214.2206582664586,30.925387576124223
Nkhata Bay,2024-10-28,643,Cholera,148.86802257757822,28.046980883691365
Nkhata Bay,2024-11-04,119,Cholera,241.08341552205277,25.00875773244013
Nkhata Bay,2024-11-11,138,Cholera,65.58625969874696,33.069331787083286
Nkhata Bay,2024-11-18,223,Cholera,243.1726359319916,34.48038146488787
Nkhata Bay,2024-11-25,133,Cholera,89.5908317479816,20.1730081396484
Nkhata Bay,2024-12-02,684,Cholera,184.68909101270842,26.294214459540147
Nkhata Bay,2024-12-09,193,Cholera,150.30085240157226,16.296670359014243
Nkhata Bay,2024-12-16,367,Cholera,193.0773331869454,26.844700016933402
Nkhata Bay,2024-12-23,462,Cholera,226.3724463670648,17.27612000500845
Nkhata Bay,2024-12-30,360,Cholera,232.79080684864024,18.87150310105962
Nkhata Bay,2025-01-06,629,Cholera,247.11231337975576,27.378479790411127
Nkhata Bay,2025-01-13,566,Cholera,49.39457549155451,20.18386245562352
Nkhata Bay,2025-01-20,514,Cholera,28.956565211301356,24.713579724790016
Nkhata Bay,2025-01-27,337,Cholera,174.33015983196347,23.079955042259407
Nkhata Bay,2025-02-03,181,Cholera,189.8861746227307,31.41904282397544
Nkhata Bay,2025-02-10,367,Cholera,35.13504599073519,20.073760377179262
Nkhata Bay,2025-02-17,223,Cholera,205.8845983387231,30.859432190183696
Nkhata Bay,2025-02-24,467,Cholera,43.42114808790287,16.205214059608632
Nkhata Bay,2025-03-03,54,Cholera,106.62581949533822,18.508193058128818
Nkhata Bay,2025-03-10,549,Cholera,204.81153590028705,20.784178393321667
Nkhata Bay,2025-03-17,587,Cholera,19.127243824156924,16.73830846274448
Nkhata Bay,2025-03-24,90,Cholera,229.44999936235618,26.683070982017476
Nkhata Bay,2025-03-31,280,Cholera,248.14918999504283,34.99661798557862
Nkhata Bay,2025-04-07,531,Cholera,219.35756062117798,24.262456852032344
Nkhata Bay,2025-04-14,416,Cholera,149.289311015012,23.559769100036483
Nkhata Bay,2025-04-21,328,Cholera,242.83799671896705,16.793695224928488
Nkhata Bay,2025-04-28,400,Cholera,218.93343170712362,26.684925342499078
Nkhata Bay,2025-05-05,523,Cholera,217.32852250506272,19.969177341137144
Nkhata Bay,2025-05-12,429,Cholera,19.07602038065245,29.7171647083872
Nkhata Bay,2025-05-19,534,Cholera,231.76060230592537,34.945973642952325
Nkhata Bay,2025-05-26,148,Cholera,75.05763471620774,17.44982268552197
Nkhata Bay,2025-06-02,658,Cholera,5.0050226341259165,17.1332351520665
Nkhata Bay,2025-06-09,71,Cholera,226.80369192096106,24.181080705296473
Nkhata Bay,2025-06-16,685,Cholera,215.97967345883904,23.876602897247537
Nkhata Bay,2025-06-23,281,Cholera,207.9080938995333,34.53707287735621
Nkhata Bay,2025-06-30,311,Cholera,75.40264067067201,16.294701861113804
Nkhata Bay,2025-07-07,292,Cholera,154.6094826116775,24.550193177626944
Nkhata Bay,2025-07-14,143,Cholera,225.15934973809024,25.505371767732218
Nkhata Bay,2025-07-21,486,Cholera,215.39127053164336,19.941741217680118
Nkhata Bay,2025-07-28,489,Cholera,95.9984210050121,26.216060782901952
Nkhata Bay,2025-08-04,408,Cholera,86.61228641565394,33.2457023537324
Nkhata Bay,2025-08-11,362,Cholera,37.13997815517281,16.988660702935253
Nkhata Bay,2025-08-18,407,Cholera,12.426059287214963,28.06311024933448
Nkhata Bay,2025-08-25,690,Cholera,61.10452028551111,29.02510421059711
Nkhata Bay,2025-09-01,161,Cholera,84.03684063908318,17.999720476858418
Nkhata Bay,2025-09-08,490,Cholera,191.9177016724225,29.548416375820846
Nkhata Bay,2025-09-15,644,Cholera,26.06461877319391,21.096656509431284
Nkhata Bay,2025-09-22,65,Cholera,119.40570612843862,21.98758170747428
Nkhata Bay,2025-09-29,319,Cholera,181.8369131921009,30.361644564073032
Nkhata Bay,2025-10-06,213,Cholera,173.3975106726569,31.054691717625
Nkhata Bay,2025-10-13,182,Cholera,32.54952504273662,29.49008007873377
Nkhata Bay,2024-01-01,77,Monkeypox,98.96819203682769,23.299180936845787
Nkhata Bay,2024-01-08,150,Monkeypox,172.31889026128016,31.727572717891942
Nkhata Bay,2024-01-15,27,Monkeypox,66.55998510515442,25.30212416295377
Nkhata Bay,2024-01-22,149,Monkeypox,203.448153181508,32.40044048382006
Nkhata Bay,2024-01-29,151,Monkeypox,61.408011610117995,26.160736059047608
Nkhata Bay,2024-02-05,121,Monkeypox,46.584481144935516,29.291991380420143
Nkhata Bay,2024-02-12,23,Monkeypox,240.00328804394246,29.235362768757064
Nkhata Bay,2024-02-19,81,Monkeypox,5.424595592539494,28.540917835191763
Nkhata Bay,2024-02-26,193,Monkeypox,28.811904770436687,19.55311597407256
Nkhata Bay,2024-03-04,105,Monkeypox,106.24871052240756,25.556881465260375
Nkhata Bay,2024-03-11,91,Monkeypox,198.75050771573092,33.56181838119355
Nkhata Bay,2024-03-18,175,Monkeypox,212.67754803358503,19.859837706393556
Nkhata Bay,2024-03-25,164,Monkeypox,64.98854135321652,20.696915100185677
Nkhata Bay,2024-04-01,138,Monkeypox,119.21038174903656,30.26523949248763
Nkhata Bay,2024-04-08,171,Monkeypox,56.63882425573344,18.742323928714388
Nkhata Bay,2024-04-15,144,Monkeypox,144.3306537174893,29.53440985212451
Nkhata Bay,2024-04-22,71,Monkeypox,51.43903536478042,34.90026817354812
Nkhata Bay,2024-04-29,179,Monkeypox,180.17067812423088,19.95818388741117
Nkhata Bay,2024-05-06,44,Monkeypox,207.98437802398465,22.461855327746004
Nkhata Bay,2024-05-13,173,Monkeypox,73.71360560937873,28.11802700543545
Nkhata Bay,2024-05-20,151,Monkeypox,1.395523147061123,32.27259747995387
Nkhata Bay,2024-05-27,19,Monkeypox,68.61503828760152,30.996213957836297
Nkhata Bay,2024-06-03,195,Monkeypox,187.3025410411293,32.023783163937836
Nkhata Bay,2024-06-10,12,Monkeypox,212.9343457899369,24.20567388202719
Nkhata Bay,2024-06-17,148,Monkeypox,9.913227231811206,33.390196506455176
Nkhata Bay,2024-06-24,52,Monkeypox,102.06186168853095,26.150438185623912
Nkhata Bay,2024-07-01,163,Monkeypox,221.8371685388792,16.66195652932848
Nkhata Bay,2024-07-08,66,Monkeypox,34.90458947625885,23.97745354269456
Nkhata Bay,2024-07-15,72,Monkeypox,150.910997628161,22.102376345111804
Nkhata Bay,2024-07-22,13,Monkeypox,146.35008560161452,15.892536733841041
Nkhata Bay,2024-07-29,187,Monkeypox,111.78113126061173,24.619317098932353
Nkhata Bay,2024-08-05,17,Monkeypox,150.98406121441127,28.33402093819258
Nkhata Bay,2024-08-12,19,Monkeypox,106.2339778489037,25.761978756700056
Nkhata Bay,2024-08-19,83,Monkeypox,55.890551891299936,34.321620654763976
Nkhata Bay,2024-08-26,199,Monkeypox,99.75857881440822,15.592214505636694
Nkhata Bay,2024-09-02,166,Monkeypox,144.68544653289248,27.0717088531961
Nkhata Bay,2024-09-09,72,Monkeypox,221.4688060315436,28.141178186631812
Nkhata Bay,2024-09-16,22,Monkeypox,215.49651081212195,22.387791901569987
Nkhata Bay,2024-09-23,43,Monkeypox,147.3432317417108,34.393300863130605
Nkhata Bay,2024-09-30,199,Monkeypox,213.7271398904721,23.039457900537442
Nkhata Bay,2024-10-07,60,Monkeypox,92.54508013014434,29.15273017822046
Nkhata Bay,2024-10-14,66,Monkeypox,249.96927586507243,21.271444898520226
Nkhata Bay,2024-10-21,33,Monkeypox,219.2272816515764,29.26141149450963
Nkhata Bay,2024-10-28,13,Monkeypox,97.64757627359185,29.959174214388575
Nkhata Bay,2024-11-04,31,Monkeypox,49.21302769265043,21.639882517846104
Nkhata Bay,2024-11-11,176,Monkeypox,199.1314794583498,25.539854230413646
Nkhata Bay,2024-11-18,140,Monkeypox,23.70046032929246,30.14429784258145
Nkhata Bay,2024-11-25,167,Monkeypox,150.93436488432275,18.131941918044387
Nkhata Bay,2024-12-02,72,Monkeypox,4.559004054107641,31.138529129028008
Nkhata Bay,2024-12-09,60,Monkeypox,237.7216424152774,24.146127563626774
Nkhata Bay,2024-12-16,57,Monkeypox,175.58138639682647,17.594088993883968
Nkhata Bay,2024-12-23,114,Monkeypox,170.07341544595434,24.096187757513057
Nkhata Bay,2024-12-30,120,Monkeypox,240.18771614579077,18.68700581569132
Nkhata Bay,2025-01-06,31,Monkeypox,190.54882423967572,27.49485835644411
Nkhata Bay,2025-01-13,116,Monkeypox,45.545699714224924,21.465545323327508
Nkhata Bay,2025-01-20,194,Monkeypox,159.90759984883877,25.4050032733783
Nkhata Bay,2025-01-27,174,Monkeypox,135.8510904899552,25.902625177658273
Nkhata Bay,2025-02-03,32,Monkeypox,17.98603638399568,18.523671690642985
Nkhata Bay,2025-02-10,17,Monkeypox,181.4600890089982,22.379202318748455
Nkhata Bay,2025-02-17,129,Monkeypox,96.93062042747364,24.459118655712235
Nkhata Bay,2025-02-24,177,Monkeypox,121.52014446593981,29.253706068350443
Nkhata Bay,2025-03-03,51,Monkeypox,181.36545375010024,22.54991284703896
Nkhata Bay,2025-03-10,155,Monkeypox,238.64282644574823,32.9872290178337
Nkhata Bay,2025-03-17,30,Monkeypox,60.117286968238396,19.53607444749626
Nkhata Bay,2025-03-24,162,Monkeypox,213.9822169582645,25.63578574122552
Nkhata Bay,2025-03-31,148,Monkeypox,200.98934509667143,20.23119126631832
Nkhata Bay,2025-04-07,97,Monkeypox,93.36251560798675,34.873777844367254
Nkhata Bay,2025-04-14,123,Monkeypox,164.55869194806013,28.520360125773095
Nkhata Bay,2025-04-21,62,Monkeypox,225.8181205555674,34.60588522406829
Nkhata Bay,2025-04-28,185,Monkeypox,191.7868304389047,25.06460387310819
Nkhata Bay,2025-05-05,116,Monkeypox,5.376220982431956,21.38208080994717
Nkhata Bay,2025-05-12,199,Monkeypox,224.57979799875815,28.52655777941969
Nkhata Bay,2025-05-19,30,Monkeypox,108.63272181204454,21.696470403371446
Nkhata Bay,2025-05-26,167,Monkeypox,174.67257029356242,16.721421034697023
Nkhata Bay,2025-06-02,77,Monkeypox,246.5498287192595,18.39163728379589
Nkhata Bay,2025-06-09,85,Monkeypox,52.03021101087851,32.29124968319492
Nkhata Bay,2025-06-16,169,Monkeypox,96.64969527806736,33.02867162813904
Nkhata Bay,2025-06-23,119,Monkeypox,58.63834625025962,24.059308974435726
Nkhata Bay,2025-06-30,133,Monkeypox,137.29834954743762,32.17715702298567
Nkhata Bay,2025-07-07,113,Monkeypox,67.0291346761689,34.71617831853116
Nkhata Bay,2025-07-14,131,Monkeypox,87.5850171420062,25.344876990653017
Nkhata Bay,2025-07-21,91,Monkeypox,193.64474441616318,15.693727835945541
Nkhata Bay,2025-07-28,78,Monkeypox,121.42955909668729,15.105130740825354
Nkhata Bay,2025-08-04,85,Monkeypox,216.09369715198045,28.303963656096222
Nkhata Bay,2025-08-11,77,Monkeypox,29.55059068846441,16.31374388242804
Nkhata Bay,2025-08-18,147,Monkeypox,123.87478435095558,19.22949356922574
Nkhata Bay,2025-08-25,121,Monkeypox,66.09478804046748,29.56278983581827
Nkhata Bay,2025-09-01,137,Monkeypox,138.55176000921006,21.97393394056709
Nkhata Bay,2025-09-08,113,Monkeypox,142.65778293606633,26.924281643573885
Nkhata Bay,2025-09-15,54,Monkeypox,124.00063637008871,19.092856501664556
Nkhata Bay,2025-09-22,145,Monkeypox,116.18145440291904,28.59008834951391
Nkhata Bay,2025-09-29,130,Monkeypox,154.44598536887435,31.445255506581958
Nkhata Bay,2025-10-06,149,Monkeypox,239.67680122364303,33.834138650970225
Nkhata Bay,2025-10-13,77,Monkeypox,115.10656578205803,20.02582563022044
Nkhotakota,2024-01-01,1278,Malaria,186.78250072252195,19.074120211743658
Nkhotakota,2024-01-08,1442,Malaria,79.81483093426253,29.164921943816196
Nkhotakota,2024-01-15,1188,Malaria,10.255094881827937,15.589698725933179
Nkhotakota,2024-01-22,611,Malaria,163.166696845083,24.841052977437492
Nkhotakota,2024-01-29,185,Malaria,172.67971554990072,23.21761339494625
Nkhotakota,2024-02-05,146,Malaria,237.9884067235065,23.536370611263223
Nkhotakota,2024-02-12,710,Malaria,183.94583932607716,17.627986016367775
Nkhotakota,2024-02-19,725,Malaria,171.13382233881995,33.040292243272255
Nkhotakota,2024-02-26,1449,Malaria,220.04005127984325,32.01602054471214
Nkhotakota,2024-03-04,261,Malaria,86.27793466378509,31.336702578836455
Nkhotakota,2024-03-11,1486,Malaria,75.15896173437368,15.545722862486333
Nkhotakota,2024-03-18,1351,Malaria,73.7031101213351,24.005530724075705
Nkhotakota,2024-03-25,1478,Malaria,195.13886464316096,15.476869010872905
Nkhotakota,2024-04-01,731,Malaria,127.29410069346953,24.7892776889093
Nkhotakota,2024-04-08,1095,Malaria,200.92446513871712,26.180744055678943
Nkhotakota,2024-04-15,897,Malaria,50.799388738389965,25.89967477431333
Nkhotakota,2024-04-22,600,Malaria,132.77466112306846,17.587114846216792
Nkhotakota,2024-04-29,805,Malaria,150.3122885316241,26.299734062996926
Nkhotakota,2024-05-06,1042,Malaria,99.55236989816093,17.920859108165235
Nkhotakota,2024-05-13,688,Malaria,69.89048959990757,15.495900693822458
Nkhotakota,2024-05-20,1490,Malaria,144.98207736889356,24.75348301161215
Nkhotakota,2024-05-27,1024,Malaria,176.12330472348117,16.61447083342103
Nkhotakota,2024-06-03,649,Malaria,156.9545147173052,18.188478619120158
Nkhotakota,2024-06-10,1084,Malaria,73.78584909800837,21.719043546786807
Nkhotakota,2024-06-17,1151,Malaria,194.16607369219003,31.232260404228242
Nkhotakota,2024-06-24,1199,Malaria,119.1844110355205,16.232129825251114
Nkhotakota,2024-07-01,1304,Malaria,109.23359864341775,20.42128565554826
Nkhotakota,2024-07-08,1482,Malaria,1.1862868127506254,20.73633309927729
Nkhotakota,2024-07-15,917,Malaria,168.51252665491046,32.654253010966016
Nkhotakota,2024-07-22,673,Malaria,56.637917150801606,29.30857206800349
Nkhotakota,2024-07-29,1482,Malaria,67.72188758754142,25.913573679363953
Nkhotakota,2024-08-05,1487,Malaria,193.49213746841232,19.959821343334767
Nkhotakota,2024-08-12,530,Malaria,49.21198772464189,16.161804512176044
Nkhotakota,2024-08-19,103,Malaria,230.05462314455988,15.169723994355904
Nkhotakota,2024-08-26,120,Malaria,244.38182398382693,15.47446457747723
Nkhotakota,2024-09-02,723,Malaria,95.30013214424542,24.793124635540227
Nkhotakota,2024-09-09,409,Malaria,119.08205610043649,21.957694630247552
Nkhotakota,2024-09-16,964,Malaria,158.33174154652093,16.823886077967774
Nkhotakota,2024-09-23,960,Malaria,14.420830464577788,25.11533262693107
Nkhotakota,2024-09-30,208,Malaria,3.6116357418229383,19.710982358679168
Nkhotakota,2024-10-07,957,Malaria,34.30242364127489,18.495580216384766
Nkhotakota,2024-10-14,1083,Malaria,164.12048786094147,31.343151049992773
Nkhotakota,2024-10-21,693,Malaria,36.868924496630925,25.616930299647738
Nkhotakota,2024-10-28,551,Malaria,83.12651523741101,17.821558090614538
Nkhotakota,2024-11-04,1361,Malaria,13.013022682429987,25.85036238452235
Nkhotakota,2024-11-11,160,Malaria,36.12054551261309,28.049066196795835
Nkhotakota,2024-11-18,624,Malaria,154.62671312230935,15.709275072686761
Nkhotakota,2024-11-25,427,Malaria,204.9914399203277,24.867720262610426
Nkhotakota,2024-12-02,750,Malaria,33.32512184017161,34.967306972823515
Nkhotakota,2024-12-09,1368,Malaria,233.89819046407445,24.49430766522891
Nkhotakota,2024-12-16,1021,Malaria,235.45835141315328,29.766638971253595
Nkhotakota,2024-12-23,164,Malaria,213.86190254197095,34.62300760964625
Nkhotakota,2024-12-30,1174,Malaria,132.11133179627615,17.35752782385174
Nkhotakota,2025-01-06,744,Malaria,224.7638017707956,16.8817960985091
Nkhotakota,2025-01-13,1007,Malaria,218.96385880577301,27.732663839432803
Nkhotakota,2025-01-20,409,Malaria,24.06021254186849,23.907937057935587
Nkhotakota,2025-01-27,1411,Malaria,226.69452940863277,20.20071182737466
Nkhotakota,2025-02-03,1453,Malaria,163.82313775882182,29.819974844566836
Nkhotakota,2025-02-10,690,Malaria,132.68616670431058,28.84874567258181
Nkhotakota,2025-02-17,1042,Malaria,128.01103489904997,15.775900945449186
Nkhotakota,2025-02-24,483,Malaria,228.33423076542553,19.489281307931755
Nkhotakota,2025-03-03,298,Malaria,111.58118063013112,24.164236584965998
Nkhotakota,2025-03-10,1393,Malaria,88.03532556648669,25.84165098661535
Nkhotakota,2025-03-17,455,Malaria,132.8717198247977,18.622014365722364
Nkhotakota,2025-03-24,1284,Malaria,188.7672025654787,19.15147697572997
Nkhotakota,2025-03-31,322,Malaria,246.60216684938453,33.68163177055804
Nkhotakota,2025-04-07,963,Malaria,185.04216640651535,25.225954336533874
Nkhotakota,2025-04-14,969,Malaria,189.7286027773213,33.6112859340843
Nkhotakota,2025-04-21,1161,Malaria,123.81305676249058,32.486525315477586
Nkhotakota,2025-04-28,1482,Malaria,32.20318276076969,23.36688007913096
Nkhotakota,2025-05-05,561,Malaria,64.12902795518116,25.391791091031514
Nkhotakota,2025-05-12,1401,Malaria,167.6576761650678,16.524249516413192
Nkhotakota,2025-05-19,1335,Malaria,97.10722890638493,15.404377702986835
Nkhotakota,2025-05-26,1166,Malaria,50.84384890140276,15.85018841765355
Nkhotakota,2025-06-02,1459,Malaria,145.83391231880313,19.886444127545968
Nkhotakota,2025-06-09,107,Malaria,103.06917499062085,32.0686417002927
Nkhotakota,2025-06-16,1000,Malaria,24.436944728814915,23.69292062143175
Nkhotakota,2025-06-23,425,Malaria,242.18382275648858,21.582999875677537
Nkhotakota,2025-06-30,676,Malaria,72.76840286194921,34.44549560783358
Nkhotakota,2025-07-07,1420,Malaria,238.55898417050415,18.768987270913527
Nkhotakota,2025-07-14,1438,Malaria,202.92977046518584,30.987837799219992
Nkhotakota,2025-07-21,839,Malaria,214.00424491053988,31.116714242100546
Nkhotakota,2025-07-28,504,Malaria,66.28669760546863,34.6197430702446
Nkhotakota,2025-08-04,1440,Malaria,134.05284623449197,17.147305218833147
Nkhotakota,2025-08-11,1076,Malaria,222.93446783696518,19.059689221874912
Nkhotakota,2025-08-18,973,Malaria,172.47523640261338,24.288893133795476
Nkhotakota,2025-08-25,450,Malaria,154.8578435331652,34.62801163850791
Nkhotakota,2025-09-01,719,Malaria,132.074280895498,19.864890396459565
Nkhotakota,2025-09-08,660,Malaria,54.94954817444606,28.801399964012482
Nkhotakota,2025-09-15,1148,Malaria,170.99889212869587,20.08061989773984
Nkhotakota,2025-09-22,236,Malaria,240.41732834073522,27.291194663842745
Nkhotakota,2025-09-29,373,Malaria,192.1437706679396,22.29214824132203
Nkhotakota,2025-10-06,208,Malaria,15.603227463244828,32.23103404395509
Nkhotakota,2025-10-13,1210,Malaria,10.98747883595741,26.669851368066126
Nkhotakota,2024-01-01,472,Cholera,82.61135694912589,33.34191828711782
Nkhotakota,2024-01-08,215,Cholera,126.65244575461348,23.572370945357264
Nkhotakota,2024-01-15,653,Cholera,174.51762086004376,20.132109585176913
Nkhotakota,2024-01-22,162,Cholera,237.80229278744,27.876369344902884
Nkhotakota,2024-01-29,353,Cholera,28.31142021955918,29.120074383750435
Nkhotakota,2024-02-05,483,Cholera,39.40605380331411,18.61844645223364
Nkhotakota,2024-02-12,383,Cholera,205.6172740982095,33.626626102518955
Nkhotakota,2024-02-19,177,Cholera,145.80261375078436,28.134934904894678
Nkhotakota,2024-02-26,409,Cholera,149.8969604453497,29.537230216539516
Nkhotakota,2024-03-04,218,Cholera,21.363072239432903,17.111636142609903
Nkhotakota,2024-03-11,497,Cholera,31.941603190594385,21.384645991425906
Nkhotakota,2024-03-18,542,Cholera,93.36126296722902,18.804526561586734
Nkhotakota,2024-03-25,503,Cholera,28.91401430571644,24.22453123451765
Nkhotakota,2024-04-01,521,Cholera,80.47947598547312,28.63899869740628
Nkhotakota,2024-04-08,124,Cholera,71.92223046178329,18.501010771841408
Nkhotakota,2024-04-15,137,Cholera,125.11447488843267,20.673555471303622
Nkhotakota,2024-04-22,96,Cholera,82.95679539584962,27.78162579115115
Nkhotakota,2024-04-29,50,Cholera,145.3925387815976,18.395122351570507
Nkhotakota,2024-05-06,90,Cholera,62.056098832125095,16.59505009830419
Nkhotakota,2024-05-13,127,Cholera,101.3032897718651,17.5397910789643
Nkhotakota,2024-05-20,399,Cholera,71.29329403147261,16.087629976160162
Nkhotakota,2024-05-27,258,Cholera,125.7541600462109,26.635712407747352
Nkhotakota,2024-06-03,575,Cholera,33.68375359513565,21.119065479604096
Nkhotakota,2024-06-10,197,Cholera,157.49986783397958,22.18660024092683
Nkhotakota,2024-06-17,275,Cholera,173.64702277839234,15.580362099223308
Nkhotakota,2024-06-24,589,Cholera,22.516762256219984,18.233164391068712
Nkhotakota,2024-07-01,504,Cholera,64.72272788392152,21.169643500686657
Nkhotakota,2024-07-08,246,Cholera,47.74071317039616,30.849342612915716
Nkhotakota,2024-07-15,295,Cholera,182.8189197955481,31.393220770482316
Nkhotakota,2024-07-22,367,Cholera,129.88746772797793,29.12463764546419
Nkhotakota,2024-07-29,656,Cholera,180.76514697977575,25.486575592544092
Nkhotakota,2024-08-05,256,Cholera,117.20395197143121,27.20281396478059
Nkhotakota,2024-08-12,243,Cholera,79.30460750795243,29.9863509195673
Nkhotakota,2024-08-19,336,Cholera,117.10167051533918,31.182268857949957
Nkhotakota,2024-08-26,573,Cholera,197.4087439155744,17.276448112798445
Nkhotakota,2024-09-02,298,Cholera,44.0741835082156,22.22903821802421
Nkhotakota,2024-09-09,295,Cholera,162.5624860209685,22.84817540816724
Nkhotakota,2024-09-16,490,Cholera,246.65004706763304,29.114177502983182
Nkhotakota,2024-09-23,227,Cholera,118.57527219914482,25.05133278187366
Nkhotakota,2024-09-30,244,Cholera,135.5218347407931,30.25806684791338
Nkhotakota,2024-10-07,64,Cholera,43.854139522612186,25.682399635264154
Nkhotakota,2024-10-14,157,Cholera,104.6327552327341,24.14677523491702
Nkhotakota,2024-10-21,575,Cholera,193.8977237192374,23.670948762154673
Nkhotakota,2024-10-28,414,Cholera,172.4201817709199,30.677139120127478
Nkhotakota,2024-11-04,567,Cholera,131.59944758312125,25.874404013995914
Nkhotakota,2024-11-11,458,Cholera,67.28240399572347,31.751152453885922
Nkhotakota,2024-11-18,381,Cholera,144.36917269367456,33.93602584086941
Nkhotakota,2024-11-25,445,Cholera,248.90216624446526,23.628036571810437
Nkhotakota,2024-12-02,115,Cholera,195.76972923550724,29.35975358722615
Nkhotakota,2024-12-09,224,Cholera,138.20776060907292,15.927057866106546
Nkhotakota,2024-12-16,337,Cholera,241.1880705786579,19.16479259325633
Nkhotakota,2024-12-23,474,Cholera,68.07894143778437,26.130642399830187
Nkhotakota,2024-12-30,69,Cholera,62.49956524651628,33.23805602402255
Nkhotakota,2025-01-06,167,Cholera,20.789618547839062,26.495128642111197
Nkhotakota,2025-01-13,555,Cholera,181.59098815474513,30.068018121844716
Nkhotakota,2025-01-20,323,Cholera,246.21857023950542,27.449517424170864
Nkhotakota,2025-01-27,75,Cholera,245.42292902396608,18.61732153680522
Nkhotakota,2025-02-03,423,Cholera,158.56022765706425,23.502652919957363
Nkhotakota,2025-02-10,314,Cholera,188.2862772956229,34.2397210238607
Nkhotakota,2025-02-17,333,Cholera,83.856052845008,20.660121070596187
Nkhotakota,2025-02-24,151,Cholera,246.85342278866423,31.756413060574495
Nkhotakota,2025-03-03,178,Cholera,181.8867236733038,23.657718465555263
Nkhotakota,2025-03-10,316,Cholera,52.862310121429026,33.898332957845525
Nkhotakota,2025-03-17,252,Cholera,160.30364599355448,32.36793805687943
Nkhotakota,2025-03-24,308,Cholera,233.23671570510515,29.781102042627523
Nkhotakota,2025-03-31,588,Cholera,12.698475314312757,24.616692627588538
Nkhotakota,2025-04-07,314,Cholera,161.7702600729838,28.11783645729915
Nkhotakota,2025-04-14,105,Cholera,86.48415276255523,33.062830088472765
Nkhotakota,2025-04-21,213,Cholera,133.05904204689568,23.93806416187428
Nkhotakota,2025-04-28,284,Cholera,139.30766138502423,34.44491685975126
Nkhotakota,2025-05-05,674,Cholera,65.45287001622826,34.45023824720316
Nkhotakota,2025-05-12,606,Cholera,85.04911983091398,30.912179683652333
Nkhotakota,2025-05-19,210,Cholera,111.22804823658753,28.200805373949105
Nkhotakota,2025-05-26,681,Cholera,23.03671745991806,24.88761660254937
Nkhotakota,2025-06-02,521,Cholera,20.985625226788706,18.55418448923464
Nkhotakota,2025-06-09,187,Cholera,21.862114012412615,27.25843666614064
Nkhotakota,2025-06-16,376,Cholera,101.18994658464764,25.44800663642164
Nkhotakota,2025-06-23,436,Cholera,173.98715570341102,17.41843690459194
Nkhotakota,2025-06-30,328,Cholera,125.13295393997906,19.70286301258099
Nkhotakota,2025-07-07,492,Cholera,198.71493554972764,33.776517124730574
Nkhotakota,2025-07-14,124,Cholera,39.69666873779767,29.856600583841754
Nkhotakota,2025-07-21,401,Cholera,207.73182213243945,17.740472378270905
Nkhotakota,2025-07-28,520,Cholera,154.1978425543527,17.68634303857384
Nkhotakota,2025-08-04,353,Cholera,29.595774808624103,18.956473061199258
Nkhotakota,2025-08-11,272,Cholera,50.26239920911205,30.774345715298775
Nkhotakota,2025-08-18,593,Cholera,128.79651630216182,17.852294374563257
Nkhotakota,2025-08-25,70,Cholera,140.12116287655064,15.82920721948481
Nkhotakota,2025-09-01,469,Cholera,0.1103679261956203,15.004897566755222
Nkhotakota,2025-09-08,597,Cholera,247.3041431164648,18.156026682293582
Nkhotakota,2025-09-15,694,Cholera,37.53496879582266,21.151887428086102
Nkhotakota,2025-09-22,178,Cholera,22.482858873604876,27.047449336770512
Nkhotakota,2025-09-29,536,Cholera,187.1989965189086,15.684776957233435
Nkhotakota,2025-10-06,609,Cholera,73.47356149257573,34.46718074197851
Nkhotakota,2025-10-13,399,Cholera,70.18370359662737,30.17900087303707
Nkhotakota,2024-01-01,140,Monkeypox,216.4119777053912,23.834355136389327
Nkhotakota,2024-01-08,45,Monkeypox,5.247327461686297,21.842354710876045
Nkhotakota,2024-01-15,91,Monkeypox,22.769085935439996,15.560771530056316
Nkhotakota,2024-01-22,75,Monkeypox,179.61973627325887,33.37635201205658
Nkhotakota,2024-01-29,34,Monkeypox,245.81371897892802,18.804737973037458
Nkhotakota,2024-02-05,166,Monkeypox,221.18919150339605,31.223809859463024
Nkhotakota,2024-02-12,45,Monkeypox,20.25273121462165,16.058960553616046
Nkhotakota,2024-02-19,182,Monkeypox,150.80103810190292,21.03149182632772
Nkhotakota,2024-02-26,56,Monkeypox,24.27002758557234,24.758657226622024
Nkhotakota,2024-03-04,163,Monkeypox,174.13748110972745,27.571938152877067
Nkhotakota,2024-03-11,113,Monkeypox,134.38715160129613,28.666671785286162
Nkhotakota,2024-03-18,113,Monkeypox,82.48192891657968,17.185850356972555
Nkhotakota,2024-03-25,191,Monkeypox,227.7827480803952,21.395207251861457
Nkhotakota,2024-04-01,192,Monkeypox,221.61448083138532,21.26516339570497
Nkhotakota,2024-04-08,146,Monkeypox,10.189806624471192,29.242615922373854
Nkhotakota,2024-04-15,176,Monkeypox,140.4708253221682,28.224023951506155
Nkhotakota,2024-04-22,185,Monkeypox,78.5994194161121,16.974218093227506
Nkhotakota,2024-04-29,192,Monkeypox,130.5003647167969,20.278238378393556
Nkhotakota,2024-05-06,98,Monkeypox,209.23098139338117,31.254400129973977
Nkhotakota,2024-05-13,41,Monkeypox,240.39337430712638,23.249788610908773
Nkhotakota,2024-05-20,54,Monkeypox,224.79437445423955,29.44859620757991
Nkhotakota,2024-05-27,127,Monkeypox,122.56186036491695,33.720806505581365
Nkhotakota,2024-06-03,106,Monkeypox,42.96726549013227,23.671614647014206
Nkhotakota,2024-06-10,162,Monkeypox,194.64910266004244,31.03377265845524
Nkhotakota,2024-06-17,85,Monkeypox,155.50646793208858,20.254669055382486
Nkhotakota,2024-06-24,162,Monkeypox,40.25759583750793,24.141672274655797
Nkhotakota,2024-07-01,79,Monkeypox,111.54108982420338,21.435049424537688
Nkhotakota,2024-07-08,118,Monkeypox,6.294519353182315,19.140930937124363
Nkhotakota,2024-07-15,72,Monkeypox,108.6436645518526,17.90830338780856
Nkhotakota,2024-07-22,86,Monkeypox,107.8892306403614,27.664677025795317
Nkhotakota,2024-07-29,83,Monkeypox,80.89497903884724,19.99877546878814
Nkhotakota,2024-08-05,14,Monkeypox,3.7230951291272185,28.984682757092067
Nkhotakota,2024-08-12,87,Monkeypox,137.75412186372967,33.29435034898026
Nkhotakota,2024-08-19,67,Monkeypox,71.66112890473383,32.05990406094911
Nkhotakota,2024-08-26,74,Monkeypox,14.433691328775812,27.73842470695966
Nkhotakota,2024-09-02,40,Monkeypox,187.22266965647893,16.489264299058878
Nkhotakota,2024-09-09,25,Monkeypox,198.8667445736667,27.486687990834863
Nkhotakota,2024-09-16,89,Monkeypox,90.31927383587393,32.125028472024596
Nkhotakota,2024-09-23,198,Monkeypox,117.87333264603433,17.373585245465783
Nkhotakota,2024-09-30,197,Monkeypox,75.39833358574455,32.355884988182694
Nkhotakota,2024-10-07,192,Monkeypox,230.4218383821355,27.471183032286802
Nkhotakota,2024-10-14,62,Monkeypox,14.39691804511159,34.532385980905616
Nkhotakota,2024-10-21,32,Monkeypox,76.40602531609773,23.345533060985943
Nkhotakota,2024-10-28,56,Monkeypox,121.08921216214516,34.279973201642896
Nkhotakota,2024-11-04,84,Monkeypox,83.66026199821006,25.531607677746614
Nkhotakota,2024-11-11,143,Monkeypox,153.7081346269411,18.16890817462294
Nkhotakota,2024-11-18,85,Monkeypox,126.83303341176818,16.403603773095725
Nkhotakota,2024-11-25,113,Monkeypox,117.05985270855554,23.87044036737914
Nkhotakota,2024-12-02,172,Monkeypox,59.0171823477467,29.421284107956865
Nkhotakota,2024-12-09,170,Monkeypox,76.94802140183987,15.974218152507591
Nkhotakota,2024-12-16,182,Monkeypox,24.722619271460438,23.569235162383364
Nkhotakota,2024-12-23,83,Monkeypox,150.55871866575328,32.34380613631478
Nkhotakota,2024-12-30,31,Monkeypox,224.86685128276125,26.111044391666205
Nkhotakota,2025-01-06,45,Monkeypox,79.74060093862434,32.74930534160939
Nkhotakota,2025-01-13,167,Monkeypox,199.382211028411,26.58059045135244
Nkhotakota,2025-01-20,14,Monkeypox,243.5834403957572,25.993881184291478
Nkhotakota,2025-01-27,197,Monkeypox,144.22921713468133,19.3788920124657
Nkhotakota,2025-02-03,70,Monkeypox,133.12922791842738,28.847832982142997
Nkhotakota,2025-02-10,153,Monkeypox,138.72726065574884,33.90307406052289
Nkhotakota,2025-02-17,150,Monkeypox,40.27147113806931,27.144276488704527
Nkhotakota,2025-02-24,124,Monkeypox,25.822022319194364,28.559526353451677
Nkhotakota,2025-03-03,91,Monkeypox,187.4394150608752,20.686744124447866
Nkhotakota,2025-03-10,49,Monkeypox,67.2042834025031,25.890567394327128
Nkhotakota,2025-03-17,164,Monkeypox,218.6339324606364,27.68025897627213
Nkhotakota,2025-03-24,147,Monkeypox,110.78689996770818,24.866014327792293
Nkhotakota,2025-03-31,160,Monkeypox,180.26183099640147,30.513293961384793
Nkhotakota,2025-04-07,79,Monkeypox,14.333731414604978,27.443299518799655
Nkhotakota,2025-04-14,24,Monkeypox,240.2527886227149,18.269468901705736
Nkhotakota,2025-04-21,38,Monkeypox,193.1259685460593,30.047059366715363
Nkhotakota,2025-04-28,157,Monkeypox,1.3620985823110665,28.332963200634453
Nkhotakota,2025-05-05,107,Monkeypox,247.63753794463346,25.736227946439595
Nkhotakota,2025-05-12,37,Monkeypox,105.07898755214099,15.114263022281566
Nkhotakota,2025-05-19,88,Monkeypox,206.05875309980888,27.99808098775594
Nkhotakota,2025-05-26,199,Monkeypox,42.15838521781956,31.01459712385185
Nkhotakota,2025-06-02,70,Monkeypox,114.2055105462149,18.86475258294191
Nkhotakota,2025-06-09,191,Monkeypox,166.90550483191052,27.113660131065572
Nkhotakota,2025-06-16,111,Monkeypox,124.92901719166075,26.868601069926584
Nkhotakota,2025-06-23,141,Monkeypox,237.98562494658213,27.8511035362774
Nkhotakota,2025-06-30,98,Monkeypox,14.67396648409186,19.878516127904
Nkhotakota,2025-07-07,139,Monkeypox,247.51798770684752,22.246099733642225
Nkhotakota,2025-07-14,162,Monkeypox,31.655871868157103,34.79036626470768
Nkhotakota,2025-07-21,114,Monkeypox,91.73657695902915,19.619361898583243
Nkhotakota,2025-07-28,49,Monkeypox,182.83302718233728,21.091399375849242
Nkhotakota,2025-08-04,146,Monkeypox,188.87140188297388,32.27975952114814
Nkhotakota,2025-08-11,124,Monkeypox,143.67970513241383,30.410061831554714
Nkhotakota,2025-08-18,125,Monkeypox,69.22434351348194,24.13541406030121
Nkhotakota,2025-08-25,162,Monkeypox,143.21709044087004,34.2052985248223
Nkhotakota,2025-09-01,62,Monkeypox,217.60618493226676,17.798334387732826
Nkhotakota,2025-09-08,31,Monkeypox,172.18296931168723,17.090145789700696
Nkhotakota,2025-09-15,20,Monkeypox,140.05778617050836,18.920836999773186
Nkhotakota,2025-09-22,138,Monkeypox,197.28354512887822,27.181952581324914
Nkhotakota,2025-09-29,154,Monkeypox,130.70809916316242,26.189578217213523
Nkhotakota,2025-10-06,149,Monkeypox,246.90473813471118,33.91529500292839
Nkhotakota,2025-10-13,75,Monkeypox,100.70087760256477,15.761993360238664
Nsanje,2024-01-01,1283,Malaria,173.73120045759578,20.192657561452673
Nsanje,2024-01-08,426,Malaria,210.91668788700713,33.43823216496364
Nsanje,2024-01-15,1377,Malaria,24.877385029927368,22.98270799981791
Nsanje,2024-01-22,541,Malaria,196.61146525452543,20.268038087375906
Nsanje,2024-01-29,1310,Malaria,134.569466543918,22.412241819264672
Nsanje,2024-02-05,641,Malaria,131.51519130602682,27.64929972527441
Nsanje,2024-02-12,570,Malaria,90.29359276060974,26.59337006534685
Nsanje,2024-02-19,1414,Malaria,142.53228217357128,22.267052473517005
Nsanje,2024-02-26,420,Malaria,114.98150447485942,23.847887008270074
Nsanje,2024-03-04,697,Malaria,199.36964104082622,30.89249820400814
Nsanje,2024-03-11,1173,Malaria,50.03136556508089,31.50825144900516
Nsanje,2024-03-18,1419,Malaria,111.43672766275903,15.471611219810557
Nsanje,2024-03-25,1029,Malaria,47.681057325713844,20.621738632848608
Nsanje,2024-04-01,1218,Malaria,12.845499250722453,32.924919529487795
Nsanje,2024-04-08,277,Malaria,111.35992977035062,34.06736626377873
Nsanje,2024-04-15,1076,Malaria,12.996471126310748,26.808783259430356
Nsanje,2024-04-22,759,Malaria,148.13345444645006,15.053347944583937
Nsanje,2024-04-29,1062,Malaria,214.33202625568134,21.974081276101344
Nsanje,2024-05-06,987,Malaria,243.77359738978893,33.676882116928944
Nsanje,2024-05-13,1025,Malaria,187.32713972182802,25.809518711161957
Nsanje,2024-05-20,931,Malaria,203.56843809884424,22.785650451818935
Nsanje,2024-05-27,158,Malaria,190.66498103505174,29.458388073371456
Nsanje,2024-06-03,1126,Malaria,148.6367089991283,30.626930075494478
Nsanje,2024-06-10,876,Malaria,19.782862105830162,23.12098425905331
Nsanje,2024-06-17,221,Malaria,5.259723919278342,17.169173948474505
Nsanje,2024-06-24,854,Malaria,188.79482663317683,31.621626150994985
Nsanje,2024-07-01,1179,Malaria,102.39339892982203,32.92315936071846
Nsanje,2024-07-08,163,Malaria,2.1279080849390954,17.874002763154838
Nsanje,2024-07-15,663,Malaria,158.3241326141075,22.62539472199645
Nsanje,2024-07-22,1029,Malaria,12.815563569638838,20.015579761866782
Nsanje,2024-07-29,945,Malaria,192.75070794092682,31.62105002451621
Nsanje,2024-08-05,238,Malaria,200.94164596159337,31.39256781989548
Nsanje,2024-08-12,412,Malaria,234.26417688200374,16.41635551631307
Nsanje,2024-08-19,290,Malaria,21.217989946838934,25.21290401644987
Nsanje,2024-08-26,1401,Malaria,22.688738422148774,16.31293515817782
Nsanje,2024-09-02,320,Malaria,77.68118206088698,27.42796743685493
Nsanje,2024-09-09,1474,Malaria,151.67852317128512,15.686397679938615
Nsanje,2024-09-16,879,Malaria,152.7374208892942,19.635699323745005
Nsanje,2024-09-23,686,Malaria,34.600238598403635,28.14729413156727
Nsanje,2024-09-30,1009,Malaria,163.80385820888867,32.12622308175075
Nsanje,2024-10-07,330,Malaria,248.48556051304283,18.703640343167777
Nsanje,2024-10-14,1319,Malaria,182.35169743857685,24.35933250470319
Nsanje,2024-10-21,1096,Malaria,144.8844479606409,19.755548344735093
Nsanje,2024-10-28,1382,Malaria,84.74328590304569,23.342205933265667
Nsanje,2024-11-04,166,Malaria,119.90233429251013,34.51812807225676
Nsanje,2024-11-11,816,Malaria,131.99524366013767,29.029309464267563
Nsanje,2024-11-18,715,Malaria,236.99229719205343,23.74902881040471
Nsanje,2024-11-25,222,Malaria,130.44944947130273,34.52475362117975
Nsanje,2024-12-02,1288,Malaria,52.74010781262323,33.846989968248394
Nsanje,2024-12-09,1109,Malaria,46.52919402563352,26.942004376303807
Nsanje,2024-12-16,1183,Malaria,222.65240128502342,23.37317648642828
Nsanje,2024-12-23,298,Malaria,195.33028733279508,17.161160607762667
Nsanje,2024-12-30,706,Malaria,230.11808377674805,34.41236724842253
Nsanje,2025-01-06,1293,Malaria,73.21366539271965,31.89669397478393
Nsanje,2025-01-13,194,Malaria,155.5708553077632,15.436792508451118
Nsanje,2025-01-20,1388,Malaria,124.92044842134872,32.74582549988405
Nsanje,2025-01-27,720,Malaria,65.24204233836676,22.40631648275317
Nsanje,2025-02-03,1094,Malaria,66.03955376150029,25.500357258282428
Nsanje,2025-02-10,766,Malaria,221.6522819810613,26.931312081209875
Nsanje,2025-02-17,1144,Malaria,181.57837992897268,28.063981772144075
Nsanje,2025-02-24,436,Malaria,16.210163240661267,29.172734213843498
Nsanje,2025-03-03,574,Malaria,236.26172689364685,16.49881751625272
Nsanje,2025-03-10,1149,Malaria,188.24591824987343,24.450458338751236
Nsanje,2025-03-17,180,Malaria,176.08187858407658,17.393524515736146
Nsanje,2025-03-24,951,Malaria,30.955084581132276,25.222313867395883
Nsanje,2025-03-31,543,Malaria,133.70861873223183,33.03694162239117
Nsanje,2025-04-07,552,Malaria,227.88450359552962,20.186088537301213
Nsanje,2025-04-14,920,Malaria,105.52285814190634,20.460646772739373
Nsanje,2025-04-21,1122,Malaria,135.07999298564417,31.398425773131585
Nsanje,2025-04-28,872,Malaria,140.6755609400043,25.892528818221777
Nsanje,2025-05-05,1163,Malaria,171.76145615783525,17.504666329908684
Nsanje,2025-05-12,829,Malaria,99.71454389263073,34.42203325794458
Nsanje,2025-05-19,742,Malaria,68.26674096994826,31.255631888218183
Nsanje,2025-05-26,952,Malaria,77.30910862652618,17.851540605878842
Nsanje,2025-06-02,855,Malaria,45.32335802183521,18.21220398249583
Nsanje,2025-06-09,104,Malaria,243.0162126730268,27.368710231733928
Nsanje,2025-06-16,661,Malaria,64.976090438881,16.5447856465536
Nsanje,2025-06-23,1486,Malaria,149.43508886652438,26.722800720160592
Nsanje,2025-06-30,1385,Malaria,148.33978988492584,30.93001614437849
Nsanje,2025-07-07,388,Malaria,122.81168702560686,27.049063592304382
Nsanje,2025-07-14,1311,Malaria,247.95458067877072,30.953486539715264
Nsanje,2025-07-21,828,Malaria,73.33277090541223,21.568214088041273
Nsanje,2025-07-28,1056,Malaria,128.75841009580554,17.03170496963289
Nsanje,2025-08-04,926,Malaria,211.11587025448387,21.194551779858898
Nsanje,2025-08-11,1270,Malaria,200.28303325882374,26.87622398913332
Nsanje,2025-08-18,914,Malaria,202.65416728699648,16.4195546435698
Nsanje,2025-08-25,1430,Malaria,183.8279157464254,29.656211715336347
Nsanje,2025-09-01,312,Malaria,150.31492568512525,32.71663602317662
Nsanje,2025-09-08,255,Malaria,184.78935514386745,26.040162545043216
Nsanje,2025-09-15,1140,Malaria,106.12077745207718,25.928880524568505
Nsanje,2025-09-22,1057,Malaria,11.092030679735409,33.861826532673206
Nsanje,2025-09-29,1192,Malaria,67.50405482059368,24.22140180601319
Nsanje,2025-10-06,455,Malaria,225.64195333129828,27.661765105894236
Nsanje,2025-10-13,134,Malaria,194.77341570395888,34.49934960300472
Nsanje,2024-01-01,410,Cholera,245.07164946491406,24.407584457367495
Nsanje,2024-01-08,469,Cholera,125.67139591458704,22.36008545482356
Nsanje,2024-01-15,498,Cholera,74.2634184886235,33.644440056774116
Nsanje,2024-01-22,492,Cholera,19.925885268559817,15.32038702226572
Nsanje,2024-01-29,650,Cholera,14.523850011930628,22.051246057513275
Nsanje,2024-02-05,475,Cholera,157.5857395429534,24.240680801724203
Nsanje,2024-02-12,637,Cholera,76.7329979177179,31.301947939240154
Nsanje,2024-02-19,230,Cholera,157.6856723604139,33.527887520728555
Nsanje,2024-02-26,422,Cholera,101.87909991669977,28.358356874055634
Nsanje,2024-03-04,585,Cholera,241.50308184089522,34.39437072477358
Nsanje,2024-03-11,291,Cholera,217.58538385865035,18.150691865184132
Nsanje,2024-03-18,633,Cholera,86.54047832352549,16.877938142446766
Nsanje,2024-03-25,351,Cholera,123.93391207909468,33.76813963143883
Nsanje,2024-04-01,676,Cholera,231.96380452803672,19.52561557437235
Nsanje,2024-04-08,641,Cholera,22.9925303218336,16.130070036124955
Nsanje,2024-04-15,100,Cholera,141.49444535420824,29.14500180916592
Nsanje,2024-04-22,645,Cholera,25.35756468624567,15.613532216508636
Nsanje,2024-04-29,53,Cholera,64.22160990742526,23.47367186319893
Nsanje,2024-05-06,379,Cholera,25.902702084601547,19.491130486345128
Nsanje,2024-05-13,429,Cholera,67.03214978001262,25.862980829532688
Nsanje,2024-05-20,511,Cholera,166.8933865080426,26.665427804332303
Nsanje,2024-05-27,543,Cholera,201.09298483236827,19.50972471135284
Nsanje,2024-06-03,669,Cholera,20.11631823023499,28.86585930228075
Nsanje,2024-06-10,91,Cholera,76.5973900625917,16.69900262736576
Nsanje,2024-06-17,527,Cholera,137.83245626667764,22.927770714581953
Nsanje,2024-06-24,341,Cholera,92.37852198067597,29.86470566113093
Nsanje,2024-07-01,158,Cholera,159.58700611969724,32.24361454388889
Nsanje,2024-07-08,679,Cholera,24.907363935856353,24.147163976504807
Nsanje,2024-07-15,346,Cholera,224.74027501577837,15.82313689922901
Nsanje,2024-07-22,426,Cholera,193.01306651404076,23.453948810038646
Nsanje,2024-07-29,229,Cholera,117.58866226729917,32.40271728438374
Nsanje,2024-08-05,250,Cholera,31.003190043513705,32.06646046598776
Nsanje,2024-08-12,663,Cholera,11.136625847474518,16.687704912749886
Nsanje,2024-08-19,604,Cholera,23.331449259473168,29.9038604347805
Nsanje,2024-08-26,629,Cholera,227.01475280743085,22.10321763487871
Nsanje,2024-09-02,228,Cholera,72.52303643591613,31.821096531473007
Nsanje,2024-09-09,626,Cholera,237.184819853404,22.733477115945394
Nsanje,2024-09-16,75,Cholera,16.01226469159628,16.42971754902162
Nsanje,2024-09-23,386,Cholera,131.44194447569305,16.07475589066523
Nsanje,2024-09-30,561,Cholera,88.33111823116666,15.935692434582494
Nsanje,2024-10-07,693,Cholera,90.61193037823526,29.00504682564695
Nsanje,2024-10-14,99,Cholera,63.07732773571739,33.419081669651185
Nsanje,2024-10-21,585,Cholera,174.93886181862712,23.250928153565606
Nsanje,2024-10-28,86,Cholera,195.00353948679125,28.50120228407506
Nsanje,2024-11-04,662,Cholera,32.57809793778141,30.579809677552834
Nsanje,2024-11-11,646,Cholera,87.03049686249761,22.111009322909524
Nsanje,2024-11-18,447,Cholera,244.9630463058711,26.733491245748525
Nsanje,2024-11-25,538,Cholera,192.1682139956619,24.877697938584348
Nsanje,2024-12-02,694,Cholera,170.74685911852134,23.40886907093146
Nsanje,2024-12-09,57,Cholera,15.751152263286217,21.395109720470842
Nsanje,2024-12-16,504,Cholera,211.9123743505335,34.34115129496267
Nsanje,2024-12-23,218,Cholera,165.9466589043093,34.14092689548262
Nsanje,2024-12-30,675,Cholera,201.93370250947953,17.08727376631391
Nsanje,2025-01-06,194,Cholera,217.2987590996894,21.36932592679701
Nsanje,2025-01-13,84,Cholera,167.40059446789587,21.18538775504421
Nsanje,2025-01-20,269,Cholera,207.21295255871408,19.18273054841536
Nsanje,2025-01-27,572,Cholera,14.992347493362507,22.707911724690057
Nsanje,2025-02-03,675,Cholera,204.97454553737117,17.107868176757055
Nsanje,2025-02-10,446,Cholera,203.0903544489409,20.623897871443475
Nsanje,2025-02-17,68,Cholera,48.197510693098685,25.31591091405382
Nsanje,2025-02-24,500,Cholera,93.73317364184769,25.616223607829674
Nsanje,2025-03-03,124,Cholera,19.53878093520764,20.483445920109148
Nsanje,2025-03-10,580,Cholera,12.623329669032762,30.585929470087052
Nsanje,2025-03-17,158,Cholera,144.58319296613834,25.88884268748179
Nsanje,2025-03-24,440,Cholera,111.80496386674399,16.65038086542627
Nsanje,2025-03-31,412,Cholera,52.113884920620166,25.97617856252758
Nsanje,2025-04-07,251,Cholera,145.56013429016318,19.048421949267112
Nsanje,2025-04-14,324,Cholera,205.6553201015775,23.7687735780938
Nsanje,2025-04-21,439,Cholera,89.14756353555639,23.169287384020635
Nsanje,2025-04-28,607,Cholera,222.34805471713955,31.143369898579426
Nsanje,2025-05-05,284,Cholera,62.21944765541201,33.590595162432905
Nsanje,2025-05-12,445,Cholera,196.51884259453306,20.077294061226706
Nsanje,2025-05-19,73,Cholera,155.79590205037468,31.30735991017948
Nsanje,2025-05-26,155,Cholera,112.90834449006826,22.481735646758413
Nsanje,2025-06-02,516,Cholera,167.9170115552145,21.395348345885072
Nsanje,2025-06-09,155,Cholera,13.311322713184525,19.455964874466083
Nsanje,2025-06-16,296,Cholera,46.571113294535614,19.316732210145023
Nsanje,2025-06-23,179,Cholera,107.05639136697756,31.778489909269794
Nsanje,2025-06-30,515,Cholera,75.9487212041086,20.127664004320664
Nsanje,2025-07-07,328,Cholera,157.70040112218192,19.675491358308605
Nsanje,2025-07-14,690,Cholera,122.74652984165942,23.66129299021033
Nsanje,2025-07-21,332,Cholera,237.5844569796178,34.23253266027212
Nsanje,2025-07-28,395,Cholera,23.340085465238303,26.89952667477204
Nsanje,2025-08-04,128,Cholera,139.3414132562668,27.38482372844673
Nsanje,2025-08-11,282,Cholera,110.6311863657455,30.875115906469816
Nsanje,2025-08-18,413,Cholera,242.0072716465616,24.949209180319624
Nsanje,2025-08-25,104,Cholera,221.42570525424273,19.60332375503772
Nsanje,2025-09-01,329,Cholera,112.00519128079536,17.34639371921885
Nsanje,2025-09-08,393,Cholera,198.56306869849644,22.01240839946414
Nsanje,2025-09-15,216,Cholera,152.11807358826175,23.823926088640917
Nsanje,2025-09-22,648,Cholera,19.531086929520715,20.518873488503395
Nsanje,2025-09-29,392,Cholera,248.25828751348016,27.50135431812742
Nsanje,2025-10-06,575,Cholera,41.88786867353894,19.303325848984578
Nsanje,2025-10-13,248,Cholera,92.53457700287906,24.972393317804197
Nsanje,2024-01-01,62,Monkeypox,183.2276835943365,21.652343656144712
Nsanje,2024-01-08,55,Monkeypox,103.63256069803522,22.565449237727535
Nsanje,2024-01-15,102,Monkeypox,171.56961771981136,22.16503949229868
Nsanje,2024-01-22,26,Monkeypox,176.3978122725945,26.721885427927134
Nsanje,2024-01-29,195,Monkeypox,215.24628211597147,24.02939459164692
Nsanje,2024-02-05,195,Monkeypox,210.74928493373213,29.727346661994957
Nsanje,2024-02-12,39,Monkeypox,193.43139584743224,28.473740566060393
Nsanje,2024-02-19,31,Monkeypox,179.4523141490366,27.04385626526225
Nsanje,2024-02-26,76,Monkeypox,165.375948430772,19.646733062316084
Nsanje,2024-03-04,192,Monkeypox,2.0245075162026724,16.35926222910036
Nsanje,2024-03-11,41,Monkeypox,7.762885757320315,17.320540673418215
Nsanje,2024-03-18,36,Monkeypox,148.8477213213999,20.350611605111048
Nsanje,2024-03-25,38,Monkeypox,191.5701504299109,20.007879021870536
Nsanje,2024-04-01,38,Monkeypox,136.61417640395422,30.75333701882614
Nsanje,2024-04-08,169,Monkeypox,104.12977283024635,18.286389799852007
Nsanje,2024-04-15,59,Monkeypox,6.290160319573634,15.089332992527055
Nsanje,2024-04-22,146,Monkeypox,186.10183359106588,26.55870595807287
Nsanje,2024-04-29,81,Monkeypox,99.13978627284185,21.368231175769402
Nsanje,2024-05-06,118,Monkeypox,137.66004708817817,28.638297640449473
Nsanje,2024-05-13,95,Monkeypox,26.325962803218804,19.224094247430934
Nsanje,2024-05-20,124,Monkeypox,54.433657294673644,22.79068486253282
Nsanje,2024-05-27,27,Monkeypox,203.43305246498213,23.83321532860564
Nsanje,2024-06-03,75,Monkeypox,240.82854448378862,32.083567675822756
Nsanje,2024-06-10,42,Monkeypox,157.44621911694628,32.46806362319805
Nsanje,2024-06-17,57,Monkeypox,248.93446331498342,22.655005000581166
Nsanje,2024-06-24,155,Monkeypox,146.0264714515284,33.7803940138933
Nsanje,2024-07-01,182,Monkeypox,207.42140823358122,29.79078339784955
Nsanje,2024-07-08,44,Monkeypox,234.8654011742121,25.697538737438034
Nsanje,2024-07-15,155,Monkeypox,171.5608565053212,28.870898370028343
Nsanje,2024-07-22,188,Monkeypox,38.547347418334624,20.79869776065457
Nsanje,2024-07-29,107,Monkeypox,13.733899714723135,18.112716010826055
Nsanje,2024-08-05,74,Monkeypox,163.77008187197964,26.306885218621904
Nsanje,2024-08-12,107,Monkeypox,28.419155454690898,16.191445233924114
Nsanje,2024-08-19,122,Monkeypox,246.63874426240054,31.27564515048182
Nsanje,2024-08-26,162,Monkeypox,69.6016175038366,33.026487743122104
Nsanje,2024-09-02,36,Monkeypox,231.64234757803183,31.707384323731375
Nsanje,2024-09-09,83,Monkeypox,129.93589807769666,32.74505028353859
Nsanje,2024-09-16,11,Monkeypox,184.19489009154066,19.795402780955953
Nsanje,2024-09-23,173,Monkeypox,196.53851953690622,30.402247995810644
Nsanje,2024-09-30,114,Monkeypox,132.9196576537281,18.723978363842754
Nsanje,2024-10-07,141,Monkeypox,15.849833022191534,19.591410193791578
Nsanje,2024-10-14,105,Monkeypox,32.284482560866465,27.9726099825726
Nsanje,2024-10-21,36,Monkeypox,22.801262465715013,34.03665257917488
Nsanje,2024-10-28,171,Monkeypox,233.93791834293089,26.084378101649058
Nsanje,2024-11-04,189,Monkeypox,99.25538221481465,34.95234270431462
Nsanje,2024-11-11,37,Monkeypox,174.8538470528309,16.562483901532804
Nsanje,2024-11-18,143,Monkeypox,57.71435933862754,16.610283789914636
Nsanje,2024-11-25,161,Monkeypox,219.74354918200515,16.441900514405752
Nsanje,2024-12-02,53,Monkeypox,160.77370645419995,31.33133046838714
Nsanje,2024-12-09,78,Monkeypox,181.15921413348286,34.51594167148454
Nsanje,2024-12-16,123,Monkeypox,234.1412505028262,20.152900162751344
Nsanje,2024-12-23,55,Monkeypox,33.597496191598324,16.698616205410367
Nsanje,2024-12-30,121,Monkeypox,245.8709585323415,20.336025316361468
Nsanje,2025-01-06,178,Monkeypox,246.23147364479775,34.38936627013024
Nsanje,2025-01-13,102,Monkeypox,54.13208996085855,23.772054304034867
Nsanje,2025-01-20,66,Monkeypox,102.36948552519817,18.929481705845085
Nsanje,2025-01-27,16,Monkeypox,190.89262922618778,16.34814902624102
Nsanje,2025-02-03,139,Monkeypox,69.81614847177012,29.03275515050455
Nsanje,2025-02-10,21,Monkeypox,154.76811459270587,27.542200504779366
Nsanje,2025-02-17,52,Monkeypox,217.31444942758264,16.602908763005463
Nsanje,2025-02-24,113,Monkeypox,110.83414163021233,28.212564122049553
Nsanje,2025-03-03,100,Monkeypox,136.82313242250294,27.875019107377554
Nsanje,2025-03-10,113,Monkeypox,137.62770231216183,20.760412775839924
Nsanje,2025-03-17,77,Monkeypox,191.91877302210875,17.524829758795782
Nsanje,2025-03-24,84,Monkeypox,234.14222796560347,26.23412256037642
Nsanje,2025-03-31,33,Monkeypox,7.563777007013883,16.644913578440498
Nsanje,2025-04-07,95,Monkeypox,146.1862100645228,19.10376682518013
Nsanje,2025-04-14,109,Monkeypox,171.16263589146848,32.19948947691219
Nsanje,2025-04-21,14,Monkeypox,46.720352986772184,16.77603813742433
Nsanje,2025-04-28,117,Monkeypox,53.15062552139702,19.350562744471716
Nsanje,2025-05-05,77,Monkeypox,145.91038351406343,16.269002070019486
Nsanje,2025-05-12,99,Monkeypox,237.32187127818293,25.072622859862378
Nsanje,2025-05-19,69,Monkeypox,72.40482891169763,32.67914937075202
Nsanje,2025-05-26,71,Monkeypox,59.452855341410036,17.602599441039487
Nsanje,2025-06-02,185,Monkeypox,195.7311319882355,33.270979387865275
Nsanje,2025-06-09,59,Monkeypox,231.09507350585926,20.369881892072733
Nsanje,2025-06-16,95,Monkeypox,55.994822107083394,28.661427447342046
Nsanje,2025-06-23,147,Monkeypox,104.96106099039484,34.2958555691356
Nsanje,2025-06-30,191,Monkeypox,142.60662067775598,21.895216358443466
Nsanje,2025-07-07,148,Monkeypox,111.44747288484267,21.00472867770121
Nsanje,2025-07-14,138,Monkeypox,150.04154826817546,30.382238157744617
Nsanje,2025-07-21,40,Monkeypox,185.3917261409289,34.86956383141253
Nsanje,2025-07-28,109,Monkeypox,233.41031745558533,33.89449889990597
Nsanje,2025-08-04,113,Monkeypox,58.93259496989389,25.181300812602622
Nsanje,2025-08-11,43,Monkeypox,206.63033353757237,17.694358355386225
Nsanje,2025-08-18,26,Monkeypox,65.40994488934793,29.4511749313969
Nsanje,2025-08-25,182,Monkeypox,110.33519665184538,25.9675214977416
Nsanje,2025-09-01,31,Monkeypox,52.4588718239965,19.891697788025912
Nsanje,2025-09-08,49,Monkeypox,234.52391270538513,24.38625025017774
Nsanje,2025-09-15,191,Monkeypox,180.4855482836968,17.061301668531456
Nsanje,2025-09-22,30,Monkeypox,212.48496084034355,17.852144254237274
Nsanje,2025-09-29,164,Monkeypox,227.6993559250723,27.821750523988385
Nsanje,2025-10-06,158,Monkeypox,236.44304520453414,16.184243279109864
Nsanje,2025-10-13,55,Monkeypox,22.58026167932492,26.542490490490273
Ntcheu,2024-01-01,416,Malaria,152.8879436751462,18.066102486486887
Ntcheu,2024-01-08,350,Malaria,170.63229359466703,31.885165732392892
Ntcheu,2024-01-15,1179,Malaria,173.63808832328965,19.128702905542987
Ntcheu,2024-01-22,596,Malaria,71.7247557501769,30.698932519664634
Ntcheu,2024-01-29,1487,Malaria,88.18187892298188,22.272222571994075
Ntcheu,2024-02-05,715,Malaria,39.09589897769855,34.36094498880616
Ntcheu,2024-02-12,1090,Malaria,71.42856922763177,32.93809228149665
Ntcheu,2024-02-19,812,Malaria,162.35951482151623,33.333793688272976
Ntcheu,2024-02-26,1189,Malaria,187.6399122330864,31.409516480258716
Ntcheu,2024-03-04,595,Malaria,218.47317071268068,30.95186958843793
Ntcheu,2024-03-11,853,Malaria,236.08507428133396,30.917014826107465
Ntcheu,2024-03-18,1408,Malaria,94.00296467224193,18.18680016908179
Ntcheu,2024-03-25,816,Malaria,89.74188773777875,21.786718217992163
Ntcheu,2024-04-01,680,Malaria,188.21031000427638,19.11039069175106
Ntcheu,2024-04-08,661,Malaria,25.008487945572753,26.687426364518632
Ntcheu,2024-04-15,1180,Malaria,192.75038419131528,23.919502366679033
Ntcheu,2024-04-22,894,Malaria,245.3067763842854,16.39305788948417
Ntcheu,2024-04-29,143,Malaria,150.41413560600364,25.974117319859353
Ntcheu,2024-05-06,795,Malaria,179.26566691964157,28.20703684765811
Ntcheu,2024-05-13,391,Malaria,182.72381545609628,16.7057877711676
Ntcheu,2024-05-20,1273,Malaria,215.85575958085428,19.397739427286098
Ntcheu,2024-05-27,915,Malaria,61.15046192260193,19.091622673250924
Ntcheu,2024-06-03,934,Malaria,118.18829337297859,16.751794471099114
Ntcheu,2024-06-10,723,Malaria,69.50847974471652,27.72528367967393
Ntcheu,2024-06-17,472,Malaria,216.21125123089922,32.29469557325754
Ntcheu,2024-06-24,1344,Malaria,233.357216876579,24.199369586276834
Ntcheu,2024-07-01,1431,Malaria,130.33858316203109,28.47483156177536
Ntcheu,2024-07-08,789,Malaria,206.71877283566687,31.628868389023744
Ntcheu,2024-07-15,1444,Malaria,118.69989431805818,29.573918409479965
Ntcheu,2024-07-22,1461,Malaria,230.72291939372872,24.576485760494613
Ntcheu,2024-07-29,583,Malaria,87.00785478590495,29.142068274585526
Ntcheu,2024-08-05,213,Malaria,47.65532250515489,32.436075423714
Ntcheu,2024-08-12,514,Malaria,227.127296034006,32.01690515132259
Ntcheu,2024-08-19,616,Malaria,223.90183609313598,28.538269772874344
Ntcheu,2024-08-26,202,Malaria,78.27402419547144,23.07459674265727
Ntcheu,2024-09-02,1384,Malaria,87.82646878303066,29.55431753866433
Ntcheu,2024-09-09,113,Malaria,123.05106142819089,16.101156142565998
Ntcheu,2024-09-16,1332,Malaria,21.477952982019072,21.190819149547576
Ntcheu,2024-09-23,1372,Malaria,139.60308382452857,25.596308529992275
Ntcheu,2024-09-30,972,Malaria,37.39667392430321,32.74612421460932
Ntcheu,2024-10-07,928,Malaria,104.46897652838724,19.945799904294045
Ntcheu,2024-10-14,1114,Malaria,83.60043312688828,15.388650855963569
Ntcheu,2024-10-21,435,Malaria,140.59319324026947,25.108445434804974
Ntcheu,2024-10-28,1452,Malaria,136.64350888149087,31.452360281764065
Ntcheu,2024-11-04,593,Malaria,86.50738229096608,30.947180175243105
Ntcheu,2024-11-11,770,Malaria,230.42972709435097,30.85767009015348
Ntcheu,2024-11-18,536,Malaria,184.08533684592751,20.58063432152457
Ntcheu,2024-11-25,1077,Malaria,205.47790474667624,29.75910628298083
Ntcheu,2024-12-02,989,Malaria,243.75328297302758,29.591089174782596
Ntcheu,2024-12-09,215,Malaria,229.63297324828432,23.32887198992745
Ntcheu,2024-12-16,607,Malaria,238.680459753279,26.570935771915437
Ntcheu,2024-12-23,788,Malaria,20.82120667979201,25.08654278650651
Ntcheu,2024-12-30,680,Malaria,142.92065368061472,26.998173539630653
Ntcheu,2025-01-06,150,Malaria,189.7689044489682,29.16528362893914
Ntcheu,2025-01-13,1114,Malaria,89.56582208961072,31.318382897151505
Ntcheu,2025-01-20,599,Malaria,243.1616300615355,30.6332082047878
Ntcheu,2025-01-27,1067,Malaria,197.96019153584058,26.48945011899778
Ntcheu,2025-02-03,617,Malaria,189.3153707972406,17.796911044551383
Ntcheu,2025-02-10,875,Malaria,189.35897282811774,22.362775012087056
Ntcheu,2025-02-17,514,Malaria,5.100874848826653,21.168031064025126
Ntcheu,2025-02-24,685,Malaria,63.64774413230467,34.72231758822018
Ntcheu,2025-03-03,1471,Malaria,29.81665818958304,18.063891055574608
Ntcheu,2025-03-10,906,Malaria,42.42895750148376,34.568471848593916
Ntcheu,2025-03-17,726,Malaria,240.48470902817814,34.675701951191556
Ntcheu,2025-03-24,1426,Malaria,61.34722030100606,15.734468604564613
Ntcheu,2025-03-31,838,Malaria,179.07438686094002,24.334970041256298
Ntcheu,2025-04-07,733,Malaria,160.04161504645077,23.282297032148747
Ntcheu,2025-04-14,740,Malaria,105.19476647193387,28.03665117412108
Ntcheu,2025-04-21,401,Malaria,81.86781234377924,24.848874831072173
Ntcheu,2025-04-28,1453,Malaria,246.96600361581315,25.79241857406869
Ntcheu,2025-05-05,141,Malaria,17.49173830518297,29.803015360599943
Ntcheu,2025-05-12,323,Malaria,231.652187470582,17.04713095222119
Ntcheu,2025-05-19,154,Malaria,182.98198126846722,19.085153655642912
Ntcheu,2025-05-26,1130,Malaria,24.825296582542816,25.584467625628598
Ntcheu,2025-06-02,374,Malaria,121.91033321501027,34.82663792361895
Ntcheu,2025-06-09,545,Malaria,213.69722563486252,25.22907689666817
Ntcheu,2025-06-16,1304,Malaria,39.922817898836335,18.947283264282838
Ntcheu,2025-06-23,576,Malaria,169.3673881344424,22.36051359002133
Ntcheu,2025-06-30,208,Malaria,122.86837650124005,24.794261929754644
Ntcheu,2025-07-07,716,Malaria,13.425237734239149,27.86721918602248
Ntcheu,2025-07-14,687,Malaria,189.60731293734491,25.241943730511885
Ntcheu,2025-07-21,868,Malaria,61.07366908119288,20.50565224045299
Ntcheu,2025-07-28,736,Malaria,125.16003264151749,21.042492009026397
Ntcheu,2025-08-04,651,Malaria,67.9563619670723,17.385998073241698
Ntcheu,2025-08-11,1336,Malaria,73.80437044500007,22.093096222376513
Ntcheu,2025-08-18,298,Malaria,238.72621795611676,17.647723845837813
Ntcheu,2025-08-25,1421,Malaria,119.41179604872798,24.483932921374734
Ntcheu,2025-09-01,1056,Malaria,227.04735526651703,19.080890220238835
Ntcheu,2025-09-08,114,Malaria,108.8200603438349,21.63447737359174
Ntcheu,2025-09-15,548,Malaria,25.352336178747382,33.84973577248549
Ntcheu,2025-09-22,385,Malaria,99.04985257680066,29.49126594615502
Ntcheu,2025-09-29,481,Malaria,70.61436308976829,20.956644128335153
Ntcheu,2025-10-06,1332,Malaria,64.43587873254735,26.000531929962257
Ntcheu,2025-10-13,397,Malaria,132.4049871787589,25.4553702929587
Ntcheu,2024-01-01,563,Cholera,181.57443103808126,30.711885375504437
Ntcheu,2024-01-08,573,Cholera,44.846006253285445,25.137851041024543
Ntcheu,2024-01-15,683,Cholera,51.44587418369559,33.26228722875821
Ntcheu,2024-01-22,573,Cholera,208.88277027698163,21.63061136839776
Ntcheu,2024-01-29,150,Cholera,50.71752621502357,32.12289879576579
Ntcheu,2024-02-05,531,Cholera,79.50184987694963,16.78933964605612
Ntcheu,2024-02-12,325,Cholera,222.95638676407884,33.590872622215784
Ntcheu,2024-02-19,443,Cholera,60.42526818968138,23.006994333230924
Ntcheu,2024-02-26,321,Cholera,238.45225402864833,22.603609677915095
Ntcheu,2024-03-04,175,Cholera,214.83013280398066,25.442192440807787
Ntcheu,2024-03-11,177,Cholera,123.88088079517739,26.44576165846452
Ntcheu,2024-03-18,170,Cholera,99.30253412592135,22.81390344105835
Ntcheu,2024-03-25,89,Cholera,107.01802724244145,24.16968505615275
Ntcheu,2024-04-01,280,Cholera,65.45245737886896,27.829555349349015
Ntcheu,2024-04-08,75,Cholera,73.52722000429337,33.312061777093035
Ntcheu,2024-04-15,517,Cholera,32.142140698513735,23.302836245424633
Ntcheu,2024-04-22,370,Cholera,130.33870988379715,24.86157440228324
Ntcheu,2024-04-29,508,Cholera,241.37554685612557,16.055504174977536
Ntcheu,2024-05-06,670,Cholera,136.24345035872412,25.52922011616506
Ntcheu,2024-05-13,307,Cholera,99.98270873100681,27.658812859808634
Ntcheu,2024-05-20,440,Cholera,65.11968059580131,32.69859347499064
Ntcheu,2024-05-27,551,Cholera,207.86364896717743,31.811370523739704
Ntcheu,2024-06-03,132,Cholera,195.29070030554655,19.306489476032418
Ntcheu,2024-06-10,352,Cholera,195.6291533955534,26.612750023265153
Ntcheu,2024-06-17,511,Cholera,183.1899172240593,29.67627280419863
Ntcheu,2024-06-24,179,Cholera,133.91036159825612,25.80592387471397
Ntcheu,2024-07-01,152,Cholera,195.23854005239096,19.701317099925426
Ntcheu,2024-07-08,397,Cholera,51.29567705185548,28.93993110982327
Ntcheu,2024-07-15,425,Cholera,14.076728836800251,26.46254152020061
Ntcheu,2024-07-22,400,Cholera,42.466472006488395,20.23781825579893
Ntcheu,2024-07-29,592,Cholera,46.67427964308493,18.134337160467254
Ntcheu,2024-08-05,583,Cholera,17.996787384530226,17.62513484179078
Ntcheu,2024-08-12,345,Cholera,169.89677112495443,19.798682726080973
Ntcheu,2024-08-19,577,Cholera,102.99666768035071,22.700976701189624
Ntcheu,2024-08-26,508,Cholera,182.7003754416654,29.21494956581231
Ntcheu,2024-09-02,490,Cholera,188.02723771705192,24.75981076637924
Ntcheu,2024-09-09,654,Cholera,107.0532598343835,20.80869904692493
Ntcheu,2024-09-16,680,Cholera,145.90545998843703,23.372177568383897
Ntcheu,2024-09-23,646,Cholera,154.50197714888387,25.726890176581705
Ntcheu,2024-09-30,83,Cholera,173.29335671458176,17.1751287367344
Ntcheu,2024-10-07,50,Cholera,247.18214923364008,27.502721907736372
Ntcheu,2024-10-14,499,Cholera,116.37789481232736,28.849235563438448
Ntcheu,2024-10-21,218,Cholera,58.17904498256993,18.353257496638847
Ntcheu,2024-10-28,624,Cholera,140.92833103263732,27.61952939949856
Ntcheu,2024-11-04,544,Cholera,103.15109202071888,34.962040924495724
Ntcheu,2024-11-11,203,Cholera,115.53940886647219,27.081920344850598
Ntcheu,2024-11-18,532,Cholera,220.08712455114642,26.25593936940527
Ntcheu,2024-11-25,528,Cholera,219.5498630895709,21.12301336529435
Ntcheu,2024-12-02,213,Cholera,63.61357854692437,23.02310438275395
Ntcheu,2024-12-09,647,Cholera,60.87512645997434,31.97334834040271
Ntcheu,2024-12-16,516,Cholera,142.2094236318608,18.92842709334834
Ntcheu,2024-12-23,296,Cholera,217.54465411017503,23.224629722119786
Ntcheu,2024-12-30,388,Cholera,41.63712381773624,17.01418077570721
Ntcheu,2025-01-06,344,Cholera,63.801670179605615,34.71007389791756
Ntcheu,2025-01-13,609,Cholera,206.98077084474045,31.044217460443445
Ntcheu,2025-01-20,257,Cholera,202.58348793992204,18.520787473440812
Ntcheu,2025-01-27,672,Cholera,90.57679540705126,19.601975831857125
Ntcheu,2025-02-03,208,Cholera,152.20603837038647,24.704795515765205
Ntcheu,2025-02-10,632,Cholera,173.44991205799008,16.314111665362976
Ntcheu,2025-02-17,309,Cholera,76.739213395312,27.73951887702141
Ntcheu,2025-02-24,234,Cholera,197.75912599054078,16.573510814007328
Ntcheu,2025-03-03,683,Cholera,191.48865475554737,21.181317855126206
Ntcheu,2025-03-10,407,Cholera,229.42889333430097,29.50781475377572
Ntcheu,2025-03-17,144,Cholera,55.07584904601695,19.124341261096262
Ntcheu,2025-03-24,697,Cholera,92.12918195748782,28.144986425024925
Ntcheu,2025-03-31,271,Cholera,235.08280215010024,19.73249992790147
Ntcheu,2025-04-07,247,Cholera,143.56514326555433,27.606117835275825
Ntcheu,2025-04-14,518,Cholera,47.08362247805045,22.890932399551915
Ntcheu,2025-04-21,579,Cholera,23.923300674442842,21.59631673377922
Ntcheu,2025-04-28,330,Cholera,109.5672575557482,24.399819863085376
Ntcheu,2025-05-05,604,Cholera,150.2708928407532,34.43035930085851
Ntcheu,2025-05-12,180,Cholera,86.76173144728988,23.93378375206273
Ntcheu,2025-05-19,215,Cholera,229.13037176272508,33.01444352627647
Ntcheu,2025-05-26,209,Cholera,141.70961649558754,20.647741104686297
Ntcheu,2025-06-02,640,Cholera,198.41833326016703,31.42304380701527
Ntcheu,2025-06-09,606,Cholera,123.8055745239828,21.283797292427494
Ntcheu,2025-06-16,296,Cholera,246.07876167224015,33.642401585536355
Ntcheu,2025-06-23,503,Cholera,54.263776018329324,34.96481220955596
Ntcheu,2025-06-30,453,Cholera,116.88733833719282,17.00199262562306
Ntcheu,2025-07-07,101,Cholera,100.76606641471506,18.20776597043238
Ntcheu,2025-07-14,198,Cholera,102.7485550277773,27.1789421526222
Ntcheu,2025-07-21,297,Cholera,179.58926416845281,24.578708614440792
Ntcheu,2025-07-28,649,Cholera,60.273167801707636,16.660940616549638
Ntcheu,2025-08-04,56,Cholera,8.265534974427279,32.598494939432804
Ntcheu,2025-08-11,465,Cholera,223.8016192179956,30.91236381453484
Ntcheu,2025-08-18,174,Cholera,193.6743805935437,16.986778573900875
Ntcheu,2025-08-25,370,Cholera,5.6074697356001675,33.270426001585115
Ntcheu,2025-09-01,280,Cholera,167.2826781639601,29.710638566907704
Ntcheu,2025-09-08,586,Cholera,165.6085490105665,30.177801338704608
Ntcheu,2025-09-15,688,Cholera,163.17013967443532,28.01746503872442
Ntcheu,2025-09-22,372,Cholera,11.741242807516539,26.46797875184061
Ntcheu,2025-09-29,230,Cholera,81.16742862787777,15.26066480492837
Ntcheu,2025-10-06,223,Cholera,106.1629628481494,17.92664622381544
Ntcheu,2025-10-13,196,Cholera,63.72845747234829,17.812284406543817
Ntcheu,2024-01-01,15,Monkeypox,221.03453927471327,16.595356675044
Ntcheu,2024-01-08,184,Monkeypox,49.943100310439554,24.35895174692324
Ntcheu,2024-01-15,87,Monkeypox,6.922067614910155,32.06619058339314
Ntcheu,2024-01-22,191,Monkeypox,91.83699595436212,19.848530808020485
Ntcheu,2024-01-29,40,Monkeypox,113.87814308449425,18.392067701693612
Ntcheu,2024-02-05,27,Monkeypox,19.048982255022995,21.69254358077165
Ntcheu,2024-02-12,40,Monkeypox,203.0924649306326,25.89983775113553
Ntcheu,2024-02-19,23,Monkeypox,178.1310732050909,28.523578528876424
Ntcheu,2024-02-26,134,Monkeypox,48.04591637890823,29.587678901347026
Ntcheu,2024-03-04,125,Monkeypox,104.49738302096584,26.081403777944494
Ntcheu,2024-03-11,135,Monkeypox,5.696357173348182,25.97023281956197
Ntcheu,2024-03-18,50,Monkeypox,101.34818856482744,25.87422608699157
Ntcheu,2024-03-25,188,Monkeypox,44.00256455653595,30.000139710277796
Ntcheu,2024-04-01,80,Monkeypox,121.33561728317882,16.800837011395863
Ntcheu,2024-04-08,102,Monkeypox,114.58085886154834,24.602242059153873
Ntcheu,2024-04-15,161,Monkeypox,182.23240256706276,19.746495725270893
Ntcheu,2024-04-22,131,Monkeypox,78.6455088366102,21.578084593198174
Ntcheu,2024-04-29,183,Monkeypox,227.17866966909213,19.60163982344983
Ntcheu,2024-05-06,134,Monkeypox,200.96342545311472,24.279839305891286
Ntcheu,2024-05-13,199,Monkeypox,19.08876367771778,18.65184652367614
Ntcheu,2024-05-20,31,Monkeypox,171.05418026157247,30.431749992173962
Ntcheu,2024-05-27,175,Monkeypox,38.36537833881973,15.936939650959555
Ntcheu,2024-06-03,145,Monkeypox,195.86363732146836,28.697594852289726
Ntcheu,2024-06-10,171,Monkeypox,77.85346839496509,33.96239993095112
Ntcheu,2024-06-17,25,Monkeypox,78.57414064868942,19.99147709903024
Ntcheu,2024-06-24,27,Monkeypox,63.00917922832178,19.581758881836315
Ntcheu,2024-07-01,45,Monkeypox,98.13993849243907,30.829786274946407
Ntcheu,2024-07-08,123,Monkeypox,80.61236300369417,26.185903753451985
Ntcheu,2024-07-15,140,Monkeypox,193.250471947243,28.132906836849898
Ntcheu,2024-07-22,117,Monkeypox,19.786949271634157,34.31962443417663
Ntcheu,2024-07-29,105,Monkeypox,83.00866169115179,18.313320284740996
Ntcheu,2024-08-05,186,Monkeypox,143.67811984487074,27.435441792885484
Ntcheu,2024-08-12,41,Monkeypox,74.88570484005672,21.05783165227126
Ntcheu,2024-08-19,137,Monkeypox,64.84194404599738,31.670434251099863
Ntcheu,2024-08-26,152,Monkeypox,228.87538624970526,20.877842427975224
Ntcheu,2024-09-02,110,Monkeypox,163.7187411119703,31.804219709003853
Ntcheu,2024-09-09,179,Monkeypox,201.16414396728655,18.991642527197264
Ntcheu,2024-09-16,184,Monkeypox,75.59571469516015,15.543099542525358
Ntcheu,2024-09-23,102,Monkeypox,211.7023352558307,34.125542916157194
Ntcheu,2024-09-30,30,Monkeypox,14.387705194240624,20.069168366828613
Ntcheu,2024-10-07,41,Monkeypox,77.76295334200209,27.730542022179208
Ntcheu,2024-10-14,161,Monkeypox,154.81457902831437,34.58194839312466
Ntcheu,2024-10-21,142,Monkeypox,124.28698898593149,22.980944794352723
Ntcheu,2024-10-28,114,Monkeypox,91.27894833598741,21.417232100208896
Ntcheu,2024-11-04,69,Monkeypox,98.76247852778971,21.02995392419801
Ntcheu,2024-11-11,127,Monkeypox,65.99055527350717,20.48298579504001
Ntcheu,2024-11-18,49,Monkeypox,97.70476483322363,15.492261665671471
Ntcheu,2024-11-25,64,Monkeypox,28.215864736581775,25.956359354852793
Ntcheu,2024-12-02,173,Monkeypox,202.85980878321243,17.819704845028696
Ntcheu,2024-12-09,37,Monkeypox,225.8629795820954,28.493219005472533
Ntcheu,2024-12-16,101,Monkeypox,96.40395265789303,22.991181554398004
Ntcheu,2024-12-23,40,Monkeypox,105.72950393117367,32.0085142968487
Ntcheu,2024-12-30,71,Monkeypox,38.43972767290935,17.347674321884973
Ntcheu,2025-01-06,92,Monkeypox,230.38492162255616,17.881778455581276
Ntcheu,2025-01-13,130,Monkeypox,139.3240495503241,27.238212091309535
Ntcheu,2025-01-20,142,Monkeypox,85.27826541788173,19.060655745512044
Ntcheu,2025-01-27,31,Monkeypox,149.0994131610603,18.57645010219653
Ntcheu,2025-02-03,82,Monkeypox,143.55229845874342,31.212213769646723
Ntcheu,2025-02-10,148,Monkeypox,127.53532906442574,28.362484825181696
Ntcheu,2025-02-17,49,Monkeypox,138.6544437875932,17.518531194577825
Ntcheu,2025-02-24,11,Monkeypox,71.18215518007779,18.59652846969302
Ntcheu,2025-03-03,189,Monkeypox,198.90112260311054,30.636095604311294
Ntcheu,2025-03-10,177,Monkeypox,52.58343328870593,24.347976425083434
Ntcheu,2025-03-17,133,Monkeypox,96.5235282393706,34.46045414949221
Ntcheu,2025-03-24,30,Monkeypox,190.589164054276,24.561108134717678
Ntcheu,2025-03-31,168,Monkeypox,25.052647957829606,21.737961034268693
Ntcheu,2025-04-07,193,Monkeypox,231.11095510585383,33.0890069800557
Ntcheu,2025-04-14,51,Monkeypox,79.2784871993539,31.003510206783
Ntcheu,2025-04-21,109,Monkeypox,42.468785483603334,22.986895503527926
Ntcheu,2025-04-28,98,Monkeypox,196.84132255525986,34.01973162171103
Ntcheu,2025-05-05,30,Monkeypox,126.49198267437508,29.771938028897512
Ntcheu,2025-05-12,181,Monkeypox,155.87539497021308,23.23770008338839
Ntcheu,2025-05-19,136,Monkeypox,43.85859663731956,17.0868541701999
Ntcheu,2025-05-26,132,Monkeypox,65.88417428133944,26.045747808283146
Ntcheu,2025-06-02,53,Monkeypox,32.53992868502703,18.76813228075271
Ntcheu,2025-06-09,196,Monkeypox,136.49689688038345,24.58590573633189
Ntcheu,2025-06-16,158,Monkeypox,148.07640425106803,22.99423721193018
Ntcheu,2025-06-23,79,Monkeypox,222.4534850416101,27.06686659243705
Ntcheu,2025-06-30,159,Monkeypox,198.50681805701007,30.179916078250358
Ntcheu,2025-07-07,103,Monkeypox,85.3977013170818,20.538601901354717
Ntcheu,2025-07-14,103,Monkeypox,37.359591108766075,28.887700878494762
Ntcheu,2025-07-21,156,Monkeypox,44.32131213539456,23.371520835210205
Ntcheu,2025-07-28,33,Monkeypox,31.5566839901619,25.84568139052802
Ntcheu,2025-08-04,36,Monkeypox,224.4092540569942,29.369540250943196
Ntcheu,2025-08-11,25,Monkeypox,227.6261786080597,16.711001330679046
Ntcheu,2025-08-18,122,Monkeypox,116.31070819117453,25.756783927079727
Ntcheu,2025-08-25,91,Monkeypox,61.86058568707156,31.605196131574502
Ntcheu,2025-09-01,53,Monkeypox,212.7573938525762,22.986210733481535
Ntcheu,2025-09-08,161,Monkeypox,216.8351776092209,17.67437626906229
Ntcheu,2025-09-15,188,Monkeypox,230.121508488306,25.834458750433335
Ntcheu,2025-09-22,15,Monkeypox,139.007987078224,31.051003997351692
Ntcheu,2025-09-29,92,Monkeypox,50.881260887218254,33.66085563600997
Ntcheu,2025-10-06,132,Monkeypox,56.68409160318688,16.651570330980498
Ntcheu,2025-10-13,195,Monkeypox,214.94226171770478,24.443050622413473
Ntchisi,2024-01-01,447,Malaria,90.48298883464284,23.301255729380955
Ntchisi,2024-01-08,1004,Malaria,34.94803228016996,18.29975293374999
Ntchisi,2024-01-15,760,Malaria,199.13116458774374,29.436996427729213
Ntchisi,2024-01-22,877,Malaria,199.68695327995374,32.719312251206325
Ntchisi,2024-01-29,1308,Malaria,127.09513095552869,18.108626686378724
Ntchisi,2024-02-05,1004,Malaria,66.45561246889787,23.1554092965737
Ntchisi,2024-02-12,1222,Malaria,102.7153239227894,23.143175693281137
Ntchisi,2024-02-19,647,Malaria,40.16281131191143,17.140954343524182
Ntchisi,2024-02-26,1100,Malaria,229.67265162180587,30.103481684592225
Ntchisi,2024-03-04,150,Malaria,115.97538035932183,26.589462989800325
Ntchisi,2024-03-11,1371,Malaria,233.1485584008978,21.256380101028174
Ntchisi,2024-03-18,230,Malaria,108.44812628857356,32.16552662269521
Ntchisi,2024-03-25,705,Malaria,240.35825871925533,17.494807231359882
Ntchisi,2024-04-01,878,Malaria,66.1545025814477,22.512260371444242
Ntchisi,2024-04-08,306,Malaria,86.49838670786566,24.28498988525969
Ntchisi,2024-04-15,266,Malaria,163.05564633078697,28.14903498778258
Ntchisi,2024-04-22,1213,Malaria,137.07903979929466,28.867600733421682
Ntchisi,2024-04-29,1002,Malaria,157.103471793581,22.303830507326737
Ntchisi,2024-05-06,847,Malaria,152.91920642217408,27.405758479503397
Ntchisi,2024-05-13,440,Malaria,113.26639578723113,25.69253876465379
Ntchisi,2024-05-20,996,Malaria,184.93700358618818,32.95099684005396
Ntchisi,2024-05-27,1142,Malaria,9.843231651475715,34.08577571213661
Ntchisi,2024-06-03,357,Malaria,200.9202084659359,16.605708322691022
Ntchisi,2024-06-10,1265,Malaria,20.044082352848157,17.577573725258585
Ntchisi,2024-06-17,805,Malaria,19.797446379156398,21.651774976440315
Ntchisi,2024-06-24,374,Malaria,39.90492122838166,22.0137249981012
Ntchisi,2024-07-01,1093,Malaria,158.79928955797394,20.746188201135606
Ntchisi,2024-07-08,968,Malaria,43.51853475847278,25.927852314342253
Ntchisi,2024-07-15,587,Malaria,53.205740574564814,21.29952736171422
Ntchisi,2024-07-22,470,Malaria,229.04559164918192,26.932844443918157
Ntchisi,2024-07-29,959,Malaria,138.07264277171964,24.11952201942688
Ntchisi,2024-08-05,103,Malaria,182.30717867657268,33.535234645567584
Ntchisi,2024-08-12,987,Malaria,236.7454150491277,26.892235913162207
Ntchisi,2024-08-19,237,Malaria,213.24483322094713,20.16511369417278
Ntchisi,2024-08-26,1132,Malaria,56.765790181443094,16.80820814815651
Ntchisi,2024-09-02,600,Malaria,93.86872262592655,30.500463128432294
Ntchisi,2024-09-09,1096,Malaria,23.015532107169722,32.18486986170342
Ntchisi,2024-09-16,162,Malaria,51.64612501858753,29.946032679982956
Ntchisi,2024-09-23,1232,Malaria,143.29471097773012,30.487585861679936
Ntchisi,2024-09-30,1048,Malaria,127.96881942488675,22.30830392430064
Ntchisi,2024-10-07,147,Malaria,121.71801387218217,21.057091286613876
Ntchisi,2024-10-14,265,Malaria,14.833174576465602,15.151568215881285
Ntchisi,2024-10-21,615,Malaria,231.72231815149672,33.16923656110008
Ntchisi,2024-10-28,1095,Malaria,217.19024418867605,24.40847715317083
Ntchisi,2024-11-04,310,Malaria,115.52748122125875,28.379757025955737
Ntchisi,2024-11-11,577,Malaria,42.357102068275196,20.782428427063653
Ntchisi,2024-11-18,499,Malaria,158.35872106099472,26.88368389214989
Ntchisi,2024-11-25,940,Malaria,80.62081722708436,26.814222957596286
Ntchisi,2024-12-02,1204,Malaria,103.14929926397792,29.31957129489797
Ntchisi,2024-12-09,464,Malaria,233.55088688308723,26.747570804332806
Ntchisi,2024-12-16,311,Malaria,78.91994623094622,25.908177071902685
Ntchisi,2024-12-23,1361,Malaria,100.18706396763791,33.673083000054824
Ntchisi,2024-12-30,470,Malaria,249.06170834577918,31.850155623040546
Ntchisi,2025-01-06,1181,Malaria,148.22165655308132,25.626918154264516
Ntchisi,2025-01-13,573,Malaria,138.37570015638872,30.6641838783719
Ntchisi,2025-01-20,1150,Malaria,230.90248614218055,15.374283224008007
Ntchisi,2025-01-27,1120,Malaria,204.8323116874655,20.610854042007922
Ntchisi,2025-02-03,723,Malaria,143.7869840510085,19.566807731383477
Ntchisi,2025-02-10,1346,Malaria,238.3073860675382,23.642091828116975
Ntchisi,2025-02-17,1368,Malaria,159.74469285198816,34.684955490238195
Ntchisi,2025-02-24,661,Malaria,78.99889351729591,21.555984815741684
Ntchisi,2025-03-03,934,Malaria,185.0018202881285,18.525279969546148
Ntchisi,2025-03-10,1324,Malaria,69.23044752846533,19.41482295454934
Ntchisi,2025-03-17,612,Malaria,87.61489379004647,34.413722209117815
Ntchisi,2025-03-24,1485,Malaria,70.22415321713346,28.577724932686692
Ntchisi,2025-03-31,575,Malaria,178.93881355219233,19.837640007758033
Ntchisi,2025-04-07,474,Malaria,144.9997502580427,18.27483550851019
Ntchisi,2025-04-14,668,Malaria,189.17480648907824,26.97596142308394
Ntchisi,2025-04-21,1047,Malaria,244.65007755096127,26.142240128287177
Ntchisi,2025-04-28,489,Malaria,239.65334199802993,16.506969188732608
Ntchisi,2025-05-05,367,Malaria,73.57669122936503,21.521183067887826
Ntchisi,2025-05-12,293,Malaria,10.384167755868534,19.50158111442075
Ntchisi,2025-05-19,927,Malaria,231.54939321816613,32.8379446917699
Ntchisi,2025-05-26,987,Malaria,243.4564791384157,30.29637334808451
Ntchisi,2025-06-02,294,Malaria,127.90735711939433,25.35412874067976
Ntchisi,2025-06-09,1319,Malaria,85.48574877685597,28.353334212906766
Ntchisi,2025-06-16,857,Malaria,16.93821556294764,32.11475766474196
Ntchisi,2025-06-23,626,Malaria,74.54281961317916,16.88064652149499
Ntchisi,2025-06-30,628,Malaria,142.7012316023136,16.663041137715865
Ntchisi,2025-07-07,1402,Malaria,249.68663776606795,20.58911089698867
Ntchisi,2025-07-14,1027,Malaria,179.4435938417491,23.576497345983547
Ntchisi,2025-07-21,1446,Malaria,33.88130308451015,20.600778326370246
Ntchisi,2025-07-28,444,Malaria,66.43991986558892,24.85465415125838
Ntchisi,2025-08-04,176,Malaria,5.890071470256664,23.05758923421344
Ntchisi,2025-08-11,759,Malaria,51.95609396692624,15.23824546492335
Ntchisi,2025-08-18,1302,Malaria,157.1404401855015,31.787052802315035
Ntchisi,2025-08-25,137,Malaria,100.38374320899415,30.682837164143443
Ntchisi,2025-09-01,920,Malaria,152.39885666639054,29.636738724677535
Ntchisi,2025-09-08,692,Malaria,243.96822474059587,15.108656929779729
Ntchisi,2025-09-15,484,Malaria,114.21741208857777,34.6268714087703
Ntchisi,2025-09-22,1076,Malaria,182.49949718602056,25.190142235134996
Ntchisi,2025-09-29,1023,Malaria,154.23563127979511,18.75039636091188
Ntchisi,2025-10-06,1096,Malaria,218.07522956876304,25.9352478900093
Ntchisi,2025-10-13,617,Malaria,217.00249148814223,15.248736667924623
Ntchisi,2024-01-01,229,Cholera,115.94035573806389,22.04815012536198
Ntchisi,2024-01-08,60,Cholera,226.42312596523718,34.02503490042619
Ntchisi,2024-01-15,278,Cholera,168.34103146885354,27.686491151714336
Ntchisi,2024-01-22,65,Cholera,235.05223358654015,16.622051412348245
Ntchisi,2024-01-29,434,Cholera,82.73366184079036,19.26543907406412
Ntchisi,2024-02-05,549,Cholera,25.930314609128423,26.750411186406566
Ntchisi,2024-02-12,441,Cholera,115.28648867337147,17.556479260665842
Ntchisi,2024-02-19,427,Cholera,102.7374327024824,30.679627457575663
Ntchisi,2024-02-26,213,Cholera,148.72883496463302,27.802003841524176
Ntchisi,2024-03-04,200,Cholera,15.61747223733953,18.42961972010144
Ntchisi,2024-03-11,297,Cholera,213.501447478348,25.00885329364708
Ntchisi,2024-03-18,433,Cholera,15.955206857893673,22.750278397186314
Ntchisi,2024-03-25,570,Cholera,54.18246763131998,30.44749941684478
Ntchisi,2024-04-01,209,Cholera,176.0664831974154,26.50531919593581
Ntchisi,2024-04-08,222,Cholera,190.28673142845537,31.790420481085672
Ntchisi,2024-04-15,100,Cholera,218.87712630060207,25.14097036062179
Ntchisi,2024-04-22,266,Cholera,80.339765283616,25.56417914666817
Ntchisi,2024-04-29,436,Cholera,120.27441269281333,29.397948619951023
Ntchisi,2024-05-06,691,Cholera,31.55246815102364,22.888048446106545
Ntchisi,2024-05-13,297,Cholera,88.2138846167552,26.42584359866253
Ntchisi,2024-05-20,444,Cholera,130.22381882364323,34.795528569481604
Ntchisi,2024-05-27,435,Cholera,73.44581018330881,28.95226516662925
Ntchisi,2024-06-03,506,Cholera,155.7540726666029,31.451106645666364
Ntchisi,2024-06-10,522,Cholera,169.55860398940615,32.46996001774717
Ntchisi,2024-06-17,443,Cholera,158.0221955916565,16.448658354510663
Ntchisi,2024-06-24,78,Cholera,19.808765492187824,34.91115936954668
Ntchisi,2024-07-01,466,Cholera,77.8906700551989,30.82492269136674
Ntchisi,2024-07-08,184,Cholera,50.06351149259056,19.590657322407846
Ntchisi,2024-07-15,56,Cholera,36.20801299648308,30.592519469399676
Ntchisi,2024-07-22,315,Cholera,217.52164460998708,18.679421057438358
Ntchisi,2024-07-29,162,Cholera,166.19724321893096,15.581371344657466
Ntchisi,2024-08-05,230,Cholera,105.92943738681073,29.721204354652365
Ntchisi,2024-08-12,376,Cholera,144.02685339057274,25.25199276474824
Ntchisi,2024-08-19,295,Cholera,99.53772281716375,33.63325052668387
Ntchisi,2024-08-26,233,Cholera,29.907705384303597,24.521604934180985
Ntchisi,2024-09-02,312,Cholera,202.36142720010056,18.2050539497175
Ntchisi,2024-09-09,412,Cholera,244.88984895943477,26.681721768079814
Ntchisi,2024-09-16,421,Cholera,191.35260534427314,31.655217450382306
Ntchisi,2024-09-23,173,Cholera,181.58879881782687,34.98083758019847
Ntchisi,2024-09-30,380,Cholera,143.3550309537302,24.879208646935332
Ntchisi,2024-10-07,463,Cholera,172.71705710716284,21.130662427450112
Ntchisi,2024-10-14,463,Cholera,14.545742956551255,28.41504600517758
Ntchisi,2024-10-21,558,Cholera,228.44124080405757,22.96265283140209
Ntchisi,2024-10-28,199,Cholera,141.56193030192128,26.273646821474806
Ntchisi,2024-11-04,396,Cholera,107.36921494667281,24.53188865644003
Ntchisi,2024-11-11,311,Cholera,59.43151068160682,30.840121026228683
Ntchisi,2024-11-18,607,Cholera,95.11793247123076,33.73667300878412
Ntchisi,2024-11-25,395,Cholera,43.05593231179669,26.43519991495644
Ntchisi,2024-12-02,283,Cholera,205.1952835037035,25.869484270774578
Ntchisi,2024-12-09,359,Cholera,76.19061538984428,27.81537143365471
Ntchisi,2024-12-16,247,Cholera,10.601835584183094,32.71205519363815
Ntchisi,2024-12-23,400,Cholera,69.15356619649268,24.778602463902835
Ntchisi,2024-12-30,263,Cholera,7.597859998962397,26.403779969882503
Ntchisi,2025-01-06,181,Cholera,41.466704729049894,33.57448029824225
Ntchisi,2025-01-13,515,Cholera,44.45161850399215,26.002937779401666
Ntchisi,2025-01-20,550,Cholera,138.981900784824,30.02143016740639
Ntchisi,2025-01-27,644,Cholera,198.05215629316328,18.23071063636923
Ntchisi,2025-02-03,340,Cholera,149.7416260751982,33.8382995829913
Ntchisi,2025-02-10,613,Cholera,67.69064982341908,26.111616918267686
Ntchisi,2025-02-17,486,Cholera,105.74984694066173,16.673954775474474
Ntchisi,2025-02-24,119,Cholera,115.03049615721253,29.929064015069663
Ntchisi,2025-03-03,273,Cholera,244.22633629702128,20.210376618948064
Ntchisi,2025-03-10,680,Cholera,27.32111066258758,22.968077827027976
Ntchisi,2025-03-17,163,Cholera,44.1262688291072,33.847760993676644
Ntchisi,2025-03-24,265,Cholera,118.9633485624691,34.40087159435936
Ntchisi,2025-03-31,85,Cholera,205.23054988979692,22.71601647769044
Ntchisi,2025-04-07,317,Cholera,16.48910453861152,27.14969446871529
Ntchisi,2025-04-14,337,Cholera,240.44282288140147,23.12834837931448
Ntchisi,2025-04-21,89,Cholera,115.13339866089744,25.898904050504747
Ntchisi,2025-04-28,199,Cholera,29.47891366399838,23.221915854848614
Ntchisi,2025-05-05,686,Cholera,190.5897087282091,17.619444637369895
Ntchisi,2025-05-12,470,Cholera,141.59103685951038,24.001968826301606
Ntchisi,2025-05-19,615,Cholera,71.58945519266734,30.475207857015903
Ntchisi,2025-05-26,356,Cholera,127.46578499288741,20.357803426123375
Ntchisi,2025-06-02,438,Cholera,70.42684136401996,24.144173747766796
Ntchisi,2025-06-09,685,Cholera,239.38381571245824,24.131341203216877
Ntchisi,2025-06-16,415,Cholera,90.03201193439683,27.429589239386132
Ntchisi,2025-06-23,254,Cholera,200.11993410380725,26.304017508769565
Ntchisi,2025-06-30,399,Cholera,184.98149210878108,25.802574491706896
Ntchisi,2025-07-07,156,Cholera,54.231259170208354,32.708732609146736
Ntchisi,2025-07-14,318,Cholera,220.49970341023663,32.889164065809176
Ntchisi,2025-07-21,665,Cholera,216.84179821926227,21.623717838638495
Ntchisi,2025-07-28,519,Cholera,118.73955424641238,22.797205672204896
Ntchisi,2025-08-04,473,Cholera,72.4893651284941,33.10073357968852
Ntchisi,2025-08-11,260,Cholera,203.62485694099271,20.338399622442747
Ntchisi,2025-08-18,393,Cholera,162.07329643287733,28.822997440096444
Ntchisi,2025-08-25,320,Cholera,50.150517706474,17.676200046798055
Ntchisi,2025-09-01,354,Cholera,213.38699195704712,26.38815558983126
Ntchisi,2025-09-08,528,Cholera,184.3082216774163,26.471051868292363
Ntchisi,2025-09-15,236,Cholera,68.63387182594374,20.90515771925543
Ntchisi,2025-09-22,286,Cholera,243.70031541394565,23.192172221288843
Ntchisi,2025-09-29,575,Cholera,95.34666367277156,34.238078857403735
Ntchisi,2025-10-06,563,Cholera,119.34186964700777,34.36397142231482
Ntchisi,2025-10-13,179,Cholera,43.268093031837765,15.42909389185104
Ntchisi,2024-01-01,165,Monkeypox,119.7737186238908,19.41643248487896
Ntchisi,2024-01-08,74,Monkeypox,200.13906051551461,25.729771175845993
Ntchisi,2024-01-15,12,Monkeypox,93.28139271331173,32.617505228380026
Ntchisi,2024-01-22,74,Monkeypox,66.6310510930933,27.470399307619473
Ntchisi,2024-01-29,197,Monkeypox,16.330653672104816,21.408761869862907
Ntchisi,2024-02-05,37,Monkeypox,128.21767571774706,23.21406129021789
Ntchisi,2024-02-12,15,Monkeypox,32.54846757444191,19.372116271162046
Ntchisi,2024-02-19,95,Monkeypox,116.30047254625403,33.838070647004926
Ntchisi,2024-02-26,168,Monkeypox,63.95506439092502,26.516835371078542
Ntchisi,2024-03-04,145,Monkeypox,139.7359689436592,25.895757528028266
Ntchisi,2024-03-11,198,Monkeypox,169.52901252325913,28.918328943307205
Ntchisi,2024-03-18,28,Monkeypox,85.93434414044262,21.94915851520946
Ntchisi,2024-03-25,40,Monkeypox,94.99679721609778,24.14366151892643
Ntchisi,2024-04-01,18,Monkeypox,170.9892003650781,33.85149873200426
Ntchisi,2024-04-08,55,Monkeypox,112.20174482406692,33.49113996174011
Ntchisi,2024-04-15,108,Monkeypox,239.74528322840095,24.079245638223448
Ntchisi,2024-04-22,191,Monkeypox,62.98240983456646,34.91666092422197
Ntchisi,2024-04-29,157,Monkeypox,183.26210091388026,33.951196102852336
Ntchisi,2024-05-06,146,Monkeypox,109.31522080344985,28.65012266525804
Ntchisi,2024-05-13,184,Monkeypox,66.24165489110482,32.30001068631735
Ntchisi,2024-05-20,116,Monkeypox,247.44981283859275,16.16050441265784
Ntchisi,2024-05-27,11,Monkeypox,93.23574396293263,32.23840900165996
Ntchisi,2024-06-03,17,Monkeypox,32.41753061726848,15.724926033339145
Ntchisi,2024-06-10,123,Monkeypox,15.618994370629997,32.920092890533
Ntchisi,2024-06-17,112,Monkeypox,168.43523828398648,26.528893286802134
Ntchisi,2024-06-24,13,Monkeypox,132.53016023489084,30.123871121665758
Ntchisi,2024-07-01,122,Monkeypox,116.75183530954858,25.187826202968225
Ntchisi,2024-07-08,30,Monkeypox,141.46815818709211,24.323849801674616
Ntchisi,2024-07-15,110,Monkeypox,154.05029085594887,24.419236621680184
Ntchisi,2024-07-22,51,Monkeypox,247.13037606871228,34.47031925884313
Ntchisi,2024-07-29,153,Monkeypox,93.74004854878673,17.73120531010093
Ntchisi,2024-08-05,163,Monkeypox,184.36794705123572,28.223520277653765
Ntchisi,2024-08-12,72,Monkeypox,111.0172566721217,22.401610898234292
Ntchisi,2024-08-19,182,Monkeypox,182.2795782527337,27.66901965456494
Ntchisi,2024-08-26,188,Monkeypox,143.97752541890054,31.106404083772766
Ntchisi,2024-09-02,94,Monkeypox,115.96572415841544,32.455153934986306
Ntchisi,2024-09-09,184,Monkeypox,202.28953082835173,19.961865469302918
Ntchisi,2024-09-16,75,Monkeypox,159.90395631133958,18.141078008656585
Ntchisi,2024-09-23,174,Monkeypox,144.54925466831128,15.248054002747462
Ntchisi,2024-09-30,127,Monkeypox,27.789176866096554,17.959209706298516
Ntchisi,2024-10-07,14,Monkeypox,21.104931184753706,19.466697155416345
Ntchisi,2024-10-14,32,Monkeypox,206.31396672931947,31.77925883225204
Ntchisi,2024-10-21,13,Monkeypox,67.19564186105542,18.793908173104374
Ntchisi,2024-10-28,110,Monkeypox,11.388273492861838,17.344636046775783
Ntchisi,2024-11-04,196,Monkeypox,41.63204716493579,22.42317043867395
Ntchisi,2024-11-11,28,Monkeypox,69.19014259789247,24.66811421789194
Ntchisi,2024-11-18,123,Monkeypox,241.84573796547778,21.642178629623952
Ntchisi,2024-11-25,139,Monkeypox,182.20551383599326,34.33015063569802
Ntchisi,2024-12-02,23,Monkeypox,107.51485594125134,22.33423682833189
Ntchisi,2024-12-09,31,Monkeypox,233.29833556647128,28.984024896859815
Ntchisi,2024-12-16,147,Monkeypox,19.753886771797124,19.53391715214949
Ntchisi,2024-12-23,168,Monkeypox,133.96909023567804,28.70334393176805
Ntchisi,2024-12-30,103,Monkeypox,19.807929081494756,22.268587263492847
Ntchisi,2025-01-06,74,Monkeypox,156.7285244601826,34.747432916525916
Ntchisi,2025-01-13,84,Monkeypox,224.54720267940672,23.553845182325038
Ntchisi,2025-01-20,144,Monkeypox,226.89874332363792,15.893989666034843
Ntchisi,2025-01-27,21,Monkeypox,25.888180204717365,28.549778598347565
Ntchisi,2025-02-03,25,Monkeypox,142.8093505743637,27.111893553937065
Ntchisi,2025-02-10,45,Monkeypox,185.51938262513403,30.03321521661536
Ntchisi,2025-02-17,49,Monkeypox,142.22978524875575,20.5423304371854
Ntchisi,2025-02-24,84,Monkeypox,64.16108423476696,20.8967484406816
Ntchisi,2025-03-03,60,Monkeypox,119.78836419987046,18.181328270340394
Ntchisi,2025-03-10,135,Monkeypox,69.01135957464189,27.981349829140388
Ntchisi,2025-03-17,184,Monkeypox,207.34232803939335,17.047704203373563
Ntchisi,2025-03-24,78,Monkeypox,21.636940621514807,27.90868101249474
Ntchisi,2025-03-31,155,Monkeypox,33.95589457754475,18.31124385717633
Ntchisi,2025-04-07,154,Monkeypox,43.03478263899144,27.561813136589556
Ntchisi,2025-04-14,72,Monkeypox,127.23175219193698,31.893428753175126
Ntchisi,2025-04-21,31,Monkeypox,27.695736582149827,16.147558738856766
Ntchisi,2025-04-28,82,Monkeypox,246.76275126538818,17.589652056576263
Ntchisi,2025-05-05,105,Monkeypox,227.6998507621375,18.487970484718012
Ntchisi,2025-05-12,71,Monkeypox,25.86144778531205,31.080286690852677
Ntchisi,2025-05-19,69,Monkeypox,7.783750116657606,31.624654437901924
Ntchisi,2025-05-26,118,Monkeypox,45.90350519184314,32.32206766429555
Ntchisi,2025-06-02,24,Monkeypox,17.851724500923538,23.351671104767693
Ntchisi,2025-06-09,115,Monkeypox,91.36817545490422,17.712192259231216
Ntchisi,2025-06-16,164,Monkeypox,219.47534212641287,21.434140714645253
Ntchisi,2025-06-23,78,Monkeypox,113.3180837616887,34.3784128108772
Ntchisi,2025-06-30,56,Monkeypox,191.25759790364427,29.297329661550222
Ntchisi,2025-07-07,80,Monkeypox,83.24124728186507,33.627162011757996
Ntchisi,2025-07-14,29,Monkeypox,104.70484658419777,34.72126311414579
Ntchisi,2025-07-21,150,Monkeypox,125.30106244724881,28.202316156612063
Ntchisi,2025-07-28,78,Monkeypox,204.9729905891316,22.487610486924286
Ntchisi,2025-08-04,54,Monkeypox,168.2847510449215,25.814962271157263
Ntchisi,2025-08-11,11,Monkeypox,230.67245443239275,16.10628331595769
Ntchisi,2025-08-18,61,Monkeypox,215.01930827988338,20.855401473829755
Ntchisi,2025-08-25,93,Monkeypox,229.94905153130443,19.51546198337501
Ntchisi,2025-09-01,155,Monkeypox,218.50886529326445,17.59629038970735
Ntchisi,2025-09-08,108,Monkeypox,225.67950990706873,28.173311763112565
Ntchisi,2025-09-15,19,Monkeypox,4.965334034956914,16.459293102317854
Ntchisi,2025-09-22,168,Monkeypox,195.00414536961077,26.203083493731633
Ntchisi,2025-09-29,141,Monkeypox,233.8007255421505,23.29515649731593
Ntchisi,2025-10-06,161,Monkeypox,8.578069057004228,32.99978841311473
Ntchisi,2025-10-13,124,Monkeypox,0.9434885772567903,28.93725890493995
Phalombe,2024-01-01,615,Malaria,228.94815479380748,23.52159662499475
Phalombe,2024-01-08,423,Malaria,229.69440826320684,28.022663780320833
Phalombe,2024-01-15,730,Malaria,155.48518577429755,31.807220955688127
Phalombe,2024-01-22,371,Malaria,78.42620206177354,28.24605322615769
Phalombe,2024-01-29,1216,Malaria,184.16436031245672,28.728147215005055
Phalombe,2024-02-05,391,Malaria,237.39189895130244,33.38403745100477
Phalombe,2024-02-12,169,Malaria,235.9380426455439,25.0291443723766
Phalombe,2024-02-19,543,Malaria,241.87471551422902,23.886945308952754
Phalombe,2024-02-26,809,Malaria,23.782187445025944,23.627626874339427
Phalombe,2024-03-04,408,Malaria,194.53385949827,21.94072003013489
Phalombe,2024-03-11,1483,Malaria,176.9505260724847,23.744787329863357
Phalombe,2024-03-18,805,Malaria,177.76044974457554,17.32398116335548
Phalombe,2024-03-25,299,Malaria,231.5645255166531,23.89993340046651
Phalombe,2024-04-01,1270,Malaria,203.0474296297105,34.223752293484466
Phalombe,2024-04-08,880,Malaria,58.72644222251053,32.7411817761099
Phalombe,2024-04-15,1091,Malaria,87.36639728071344,21.459296999700605
Phalombe,2024-04-22,518,Malaria,173.29486757130712,30.63269596306352
Phalombe,2024-04-29,531,Malaria,145.34262522253394,18.21183944546846
Phalombe,2024-05-06,1335,Malaria,15.647160574141616,26.427520294426824
Phalombe,2024-05-13,553,Malaria,241.89594655578153,33.31301415117716
Phalombe,2024-05-20,393,Malaria,102.74584971749218,23.726756706713
Phalombe,2024-05-27,149,Malaria,94.22386816756881,22.03876085664676
Phalombe,2024-06-03,1319,Malaria,74.81110250368262,22.8974941446225
Phalombe,2024-06-10,1295,Malaria,232.6810582618866,17.386644018149482
Phalombe,2024-06-17,733,Malaria,117.60409261759763,20.751855475918383
Phalombe,2024-06-24,1432,Malaria,204.74964623551892,33.661762952065374
Phalombe,2024-07-01,1475,Malaria,189.89542466994473,32.103663741992115
Phalombe,2024-07-08,912,Malaria,13.598898723540032,17.740569069011936
Phalombe,2024-07-15,182,Malaria,81.96511895284797,24.92595510137766
Phalombe,2024-07-22,849,Malaria,66.84778256531304,17.149030183640065
Phalombe,2024-07-29,1274,Malaria,205.20818956923105,15.882490267182138
Phalombe,2024-08-05,325,Malaria,27.495754374347065,27.513653591509588
Phalombe,2024-08-12,1273,Malaria,174.90408814479437,15.425426948039222
Phalombe,2024-08-19,615,Malaria,157.5162232309529,20.098062403421228
Phalombe,2024-08-26,409,Malaria,173.9062869105349,34.38160702235248
Phalombe,2024-09-02,1220,Malaria,161.9639871431445,33.06137101449766
Phalombe,2024-09-09,1249,Malaria,43.94568080032854,31.782181789430382
Phalombe,2024-09-16,1037,Malaria,99.08567471322979,27.388946950901264
Phalombe,2024-09-23,432,Malaria,181.90618884891967,28.43192819041777
Phalombe,2024-09-30,1131,Malaria,203.4193897969138,31.77120812614419
Phalombe,2024-10-07,1273,Malaria,163.64053358312205,29.68453492067722
Phalombe,2024-10-14,193,Malaria,63.81190594915703,30.02809931045729
Phalombe,2024-10-21,391,Malaria,88.03398036123953,20.35111290977722
Phalombe,2024-10-28,1083,Malaria,140.98074186998596,17.30512629175222
Phalombe,2024-11-04,544,Malaria,93.76859837390208,34.54162219798775
Phalombe,2024-11-11,1268,Malaria,49.77432437686019,20.940172696337456
Phalombe,2024-11-18,463,Malaria,87.44446574798212,27.2945168034161
Phalombe,2024-11-25,1382,Malaria,161.49255088765378,23.99647146578588
Phalombe,2024-12-02,852,Malaria,201.84591335626104,32.187087243635006
Phalombe,2024-12-09,644,Malaria,40.0104821361775,30.15093361816544
Phalombe,2024-12-16,429,Malaria,232.32954969654932,27.930554006321067
Phalombe,2024-12-23,101,Malaria,154.84136025185884,33.88012956564506
Phalombe,2024-12-30,818,Malaria,54.5455167472981,16.296819524940865
Phalombe,2025-01-06,450,Malaria,209.02238769364038,31.73418427661202
Phalombe,2025-01-13,1488,Malaria,202.08119604065652,16.27425531189044
Phalombe,2025-01-20,1275,Malaria,72.837196170426,33.543065894101495
Phalombe,2025-01-27,763,Malaria,228.07754175595255,29.844576115995643
Phalombe,2025-02-03,596,Malaria,60.05214968326672,20.907807303970912
Phalombe,2025-02-10,339,Malaria,189.86956587013023,24.89505258396428
Phalombe,2025-02-17,542,Malaria,169.22734763251654,29.747282758587318
Phalombe,2025-02-24,1067,Malaria,215.7621832956613,34.27545179609844
Phalombe,2025-03-03,1430,Malaria,202.05852225638682,20.30191972844157
Phalombe,2025-03-10,134,Malaria,219.79604497107317,25.199015006793374
Phalombe,2025-03-17,276,Malaria,80.22694784317372,23.222967628731897
Phalombe,2025-03-24,1403,Malaria,28.025343284653058,22.278974439497798
Phalombe,2025-03-31,1318,Malaria,29.118619468428253,20.720936944374877
Phalombe,2025-04-07,1025,Malaria,6.9327887168310625,33.51099998621335
Phalombe,2025-04-14,914,Malaria,131.4940148081911,15.318429044256687
Phalombe,2025-04-21,704,Malaria,72.89866899118239,24.670527696581093
Phalombe,2025-04-28,169,Malaria,220.79510072497968,29.22417534473975
Phalombe,2025-05-05,1384,Malaria,150.98952704758182,32.17976663030636
Phalombe,2025-05-12,1009,Malaria,35.20743094193557,22.95459897996824
Phalombe,2025-05-19,1309,Malaria,39.42609935058245,31.039678580924445
Phalombe,2025-05-26,792,Malaria,214.91578426920282,34.4005076558367
Phalombe,2025-06-02,524,Malaria,238.484693608454,31.88216700701426
Phalombe,2025-06-09,238,Malaria,172.49985593668305,15.666518502954832
Phalombe,2025-06-16,640,Malaria,70.49783384103218,20.422223967234043
Phalombe,2025-06-23,936,Malaria,149.40661622221393,22.992392639213104
Phalombe,2025-06-30,489,Malaria,57.41954643504255,32.372178293153894
Phalombe,2025-07-07,763,Malaria,193.9483948905486,15.185176224044167
Phalombe,2025-07-14,1341,Malaria,161.31064432912865,30.218297950670433
Phalombe,2025-07-21,158,Malaria,151.82553488763628,24.558159688007994
Phalombe,2025-07-28,470,Malaria,22.00139734892653,17.426084479938957
Phalombe,2025-08-04,1360,Malaria,66.22095877865478,20.55114797513164
Phalombe,2025-08-11,1336,Malaria,180.49556462125042,24.41988599505406
Phalombe,2025-08-18,852,Malaria,51.01713164303109,32.323444928035315
Phalombe,2025-08-25,921,Malaria,87.32965524645034,15.575558868016435
Phalombe,2025-09-01,801,Malaria,83.00850463696257,18.375430779281867
Phalombe,2025-09-08,1163,Malaria,106.46929851420023,15.415243361180774
Phalombe,2025-09-15,943,Malaria,28.138969579768414,29.174147441915355
Phalombe,2025-09-22,1406,Malaria,155.72962512026552,20.49484090037059
Phalombe,2025-09-29,1234,Malaria,49.871465123470074,31.985243992505318
Phalombe,2025-10-06,550,Malaria,37.00285775205456,19.707917810506174
Phalombe,2025-10-13,677,Malaria,101.83902368315431,19.921327760617228
Phalombe,2024-01-01,73,Cholera,105.44737046320674,19.463888503264645
Phalombe,2024-01-08,477,Cholera,151.27562148922507,15.11906405934293
Phalombe,2024-01-15,348,Cholera,231.34797842851103,20.836006553431265
Phalombe,2024-01-22,665,Cholera,222.4658692988084,18.92171906592283
Phalombe,2024-01-29,85,Cholera,39.44629108898812,30.047052719719716
Phalombe,2024-02-05,582,Cholera,40.04988989378774,21.96427897081237
Phalombe,2024-02-12,264,Cholera,192.89044323016898,22.336633000861834
Phalombe,2024-02-19,644,Cholera,40.97332090527575,15.634087802516577
Phalombe,2024-02-26,175,Cholera,28.463090401860764,16.6784104654298
Phalombe,2024-03-04,266,Cholera,144.68549640313387,25.03981690040581
Phalombe,2024-03-11,446,Cholera,24.444356098440533,25.06064067853505
Phalombe,2024-03-18,303,Cholera,129.77236410039345,25.042546289201542
Phalombe,2024-03-25,638,Cholera,30.074610778463324,18.914660619778353
Phalombe,2024-04-01,320,Cholera,191.24095504777418,33.207188059144414
Phalombe,2024-04-08,105,Cholera,8.896223762370925,21.598443738020396
Phalombe,2024-04-15,468,Cholera,113.35773865112436,24.378204480333274
Phalombe,2024-04-22,196,Cholera,194.59684663269186,32.47879764370879
Phalombe,2024-04-29,649,Cholera,28.399769088172768,23.8545413437987
Phalombe,2024-05-06,83,Cholera,193.73770698871007,17.7596474336883
Phalombe,2024-05-13,395,Cholera,205.55885041168233,30.993667702838657
Phalombe,2024-05-20,530,Cholera,2.3655393292823232,32.695754788247214
Phalombe,2024-05-27,177,Cholera,20.699623971948327,29.56203718615909
Phalombe,2024-06-03,570,Cholera,172.1445864978991,26.325745483326457
Phalombe,2024-06-10,612,Cholera,245.08117079525735,16.625073792848163
Phalombe,2024-06-17,192,Cholera,241.9464477675303,22.85358602952906
Phalombe,2024-06-24,513,Cholera,45.6751995435995,15.795869962348126
Phalombe,2024-07-01,179,Cholera,59.80396257253901,31.50918874273551
Phalombe,2024-07-08,668,Cholera,78.03549095694173,33.40619912947105
Phalombe,2024-07-15,244,Cholera,132.02095091510452,17.0676140914741
Phalombe,2024-07-22,191,Cholera,128.13210438431912,24.68285057513046
Phalombe,2024-07-29,561,Cholera,92.40207674868876,24.601603022627827
Phalombe,2024-08-05,671,Cholera,190.32282027373972,23.09994812322574
Phalombe,2024-08-12,60,Cholera,242.40111744573815,31.774616274231143
Phalombe,2024-08-19,575,Cholera,132.27449056710546,28.666075090165172
Phalombe,2024-08-26,611,Cholera,10.853286472519013,34.11317241535303
Phalombe,2024-09-02,488,Cholera,72.79501139110481,16.88840345851702
Phalombe,2024-09-09,67,Cholera,226.181434574734,23.440315170599156
Phalombe,2024-09-16,572,Cholera,82.03766624647432,31.744272278135526
Phalombe,2024-09-23,64,Cholera,117.53345381814468,22.791791534509787
Phalombe,2024-09-30,205,Cholera,53.69172828647317,17.62762715469845
Phalombe,2024-10-07,187,Cholera,234.87486195845082,30.738633349489316
Phalombe,2024-10-14,343,Cholera,54.977480049796384,18.68490460444946
Phalombe,2024-10-21,162,Cholera,12.285651262210012,33.450387323678655
Phalombe,2024-10-28,654,Cholera,226.9522450842656,21.93446271877196
Phalombe,2024-11-04,664,Cholera,146.68520312482562,15.770094311487624
Phalombe,2024-11-11,622,Cholera,211.48841334331024,23.29010255277979
Phalombe,2024-11-18,157,Cholera,102.84292782813262,28.598866670059266
Phalombe,2024-11-25,50,Cholera,223.5234804437499,34.40721572883615
Phalombe,2024-12-02,641,Cholera,196.7677437939099,30.33936395800443
Phalombe,2024-12-09,337,Cholera,80.44685026008663,28.34880904301608
Phalombe,2024-12-16,410,Cholera,75.93302213052189,30.218656242437312
Phalombe,2024-12-23,413,Cholera,173.77718297093242,34.8333917755774
Phalombe,2024-12-30,617,Cholera,45.82076048430422,28.714844212836443
Phalombe,2025-01-06,363,Cholera,156.5482641222002,26.25315770463875
Phalombe,2025-01-13,180,Cholera,190.06428199285796,26.109683437256592
Phalombe,2025-01-20,557,Cholera,69.520341765909,34.858384375080966
Phalombe,2025-01-27,686,Cholera,24.28842228366257,22.350560902483636
Phalombe,2025-02-03,151,Cholera,53.166264744360866,31.85208407576563
Phalombe,2025-02-10,109,Cholera,193.1167396737107,16.05877584415493
Phalombe,2025-02-17,693,Cholera,152.5872583432422,19.329629808904432
Phalombe,2025-02-24,475,Cholera,29.767128331787934,33.73555009868189
Phalombe,2025-03-03,100,Cholera,233.11553934809456,19.202115416476694
Phalombe,2025-03-10,102,Cholera,2.685597685588598,25.62019329406271
Phalombe,2025-03-17,467,Cholera,61.77379666835323,19.215939818674087
Phalombe,2025-03-24,372,Cholera,3.635993511303698,34.828741277691954
Phalombe,2025-03-31,559,Cholera,179.74162942012973,20.724424111116534
Phalombe,2025-04-07,502,Cholera,61.56414887285042,22.530289120454253
Phalombe,2025-04-14,442,Cholera,218.22691928055383,16.602529255541416
Phalombe,2025-04-21,144,Cholera,191.96461172703235,30.198073834821553
Phalombe,2025-04-28,219,Cholera,72.73924324493098,28.03845697840481
Phalombe,2025-05-05,161,Cholera,237.11796413733072,29.862004435350435
Phalombe,2025-05-12,540,Cholera,20.644494181650902,30.518277082262095
Phalombe,2025-05-19,685,Cholera,232.44802739760783,23.88174649356776
Phalombe,2025-05-26,75,Cholera,190.833027606279,21.110091510866482
Phalombe,2025-06-02,467,Cholera,26.63760410530347,20.202745117684678
Phalombe,2025-06-09,317,Cholera,218.3983175838275,34.528682812516166
Phalombe,2025-06-16,428,Cholera,202.55274713843434,28.700149583975943
Phalombe,2025-06-23,435,Cholera,4.1157005857201945,32.66974967740169
Phalombe,2025-06-30,549,Cholera,245.20448100985865,15.70640269047836
Phalombe,2025-07-07,233,Cholera,227.53110567980286,32.99826788875781
Phalombe,2025-07-14,62,Cholera,60.01786624431168,17.6090359060765
Phalombe,2025-07-21,393,Cholera,199.24281193396706,30.587492770131835
Phalombe,2025-07-28,536,Cholera,219.70062110959037,19.05050867545944
Phalombe,2025-08-04,503,Cholera,85.12250008817091,18.90115682884448
Phalombe,2025-08-11,635,Cholera,17.852174311401793,24.61423295724923
Phalombe,2025-08-18,643,Cholera,197.97717963505175,17.014041767013673
Phalombe,2025-08-25,653,Cholera,88.42626859222555,20.221569627227925
Phalombe,2025-09-01,314,Cholera,54.70161225649611,29.778018264255888
Phalombe,2025-09-08,546,Cholera,186.26104006523866,27.122552900042717
Phalombe,2025-09-15,503,Cholera,63.58049596621418,23.11714206401657
Phalombe,2025-09-22,635,Cholera,115.29949520824404,22.199253533861445
Phalombe,2025-09-29,84,Cholera,209.8440186340477,24.28694470661686
Phalombe,2025-10-06,239,Cholera,147.3498717888252,30.446440080330646
Phalombe,2025-10-13,191,Cholera,29.375473191105172,26.83799462488176
Phalombe,2024-01-01,15,Monkeypox,2.8686341881761224,33.145070298949534
Phalombe,2024-01-08,163,Monkeypox,80.79903240633638,31.05034599550558
Phalombe,2024-01-15,130,Monkeypox,91.14330604233342,23.779361233013873
Phalombe,2024-01-22,46,Monkeypox,22.131032416088132,29.831142341121645
Phalombe,2024-01-29,90,Monkeypox,30.385326827951143,26.009069785405387
Phalombe,2024-02-05,91,Monkeypox,181.98817833886977,21.91968974541537
Phalombe,2024-02-12,14,Monkeypox,189.3888552812194,17.360827007282452
Phalombe,2024-02-19,194,Monkeypox,12.615369789829273,18.54105710337852
Phalombe,2024-02-26,53,Monkeypox,15.640330543649522,16.273573270929557
Phalombe,2024-03-04,58,Monkeypox,32.99162126449762,25.66172543148379
Phalombe,2024-03-11,105,Monkeypox,117.26782707718375,33.95451287433127
Phalombe,2024-03-18,172,Monkeypox,28.027641488537146,34.514731725782795
Phalombe,2024-03-25,151,Monkeypox,213.18565267064116,19.54572900478083
Phalombe,2024-04-01,72,Monkeypox,43.17044287090824,16.557720538271603
Phalombe,2024-04-08,172,Monkeypox,201.11571316406588,20.304260994089205
Phalombe,2024-04-15,163,Monkeypox,11.38707318004778,16.738999574802897
Phalombe,2024-04-22,50,Monkeypox,95.91689263456801,21.723323343209792
Phalombe,2024-04-29,47,Monkeypox,209.7788575541293,28.045680183713245
Phalombe,2024-05-06,125,Monkeypox,145.92211255221918,32.30176542985515
Phalombe,2024-05-13,197,Monkeypox,107.59231611020914,33.89819010704407
Phalombe,2024-05-20,198,Monkeypox,227.61557907460633,29.398381742736024
Phalombe,2024-05-27,72,Monkeypox,42.72112552884166,16.168240800127656
Phalombe,2024-06-03,139,Monkeypox,176.7710044874808,17.345642422054222
Phalombe,2024-06-10,120,Monkeypox,126.69144955121911,15.840558502161166
Phalombe,2024-06-17,148,Monkeypox,104.96017308832172,31.848977186781298
Phalombe,2024-06-24,82,Monkeypox,17.256680602987934,23.90967854533626
Phalombe,2024-07-01,120,Monkeypox,160.18616731551418,31.718116981684773
Phalombe,2024-07-08,32,Monkeypox,223.00899450688024,25.352504756690095
Phalombe,2024-07-15,147,Monkeypox,228.78150208628443,27.797907902256075
Phalombe,2024-07-22,85,Monkeypox,38.92278603045024,27.691045365196473
Phalombe,2024-07-29,40,Monkeypox,71.9648193464566,19.6507965083404
Phalombe,2024-08-05,131,Monkeypox,110.34604967143908,32.240921430305406
Phalombe,2024-08-12,26,Monkeypox,125.01581930760422,23.814271962508307
Phalombe,2024-08-19,78,Monkeypox,152.9978365562372,20.400066453266994
Phalombe,2024-08-26,13,Monkeypox,32.2849005747407,26.82231758370051
Phalombe,2024-09-02,58,Monkeypox,198.69903367795095,29.79737117867497
Phalombe,2024-09-09,163,Monkeypox,96.6478585927217,28.88235561404499
Phalombe,2024-09-16,57,Monkeypox,219.48614592400259,32.63998113208212
Phalombe,2024-09-23,155,Monkeypox,117.03791797375335,20.16063778870687
Phalombe,2024-09-30,196,Monkeypox,137.10956958003368,17.31806336319462
Phalombe,2024-10-07,91,Monkeypox,161.1148837410645,21.91447802912812
Phalombe,2024-10-14,98,Monkeypox,53.63101937374184,21.64460576868411
Phalombe,2024-10-21,152,Monkeypox,228.2834087165074,29.074239115056038
Phalombe,2024-10-28,139,Monkeypox,241.87461970435615,34.38173141402598
Phalombe,2024-11-04,47,Monkeypox,48.42646557891162,33.92926008770007
Phalombe,2024-11-11,167,Monkeypox,145.68325715345048,33.92925363485077
Phalombe,2024-11-18,79,Monkeypox,55.97169726879233,19.96619374429872
Phalombe,2024-11-25,83,Monkeypox,43.680986946560054,26.994209024716348
Phalombe,2024-12-02,128,Monkeypox,184.80807175680704,25.10794104627867
Phalombe,2024-12-09,18,Monkeypox,233.65373580354085,23.09087661651163
Phalombe,2024-12-16,51,Monkeypox,216.96931814572739,27.16943702866427
Phalombe,2024-12-23,30,Monkeypox,65.64412702010391,19.798744469977628
Phalombe,2024-12-30,103,Monkeypox,150.69993155331665,31.458386156017525
Phalombe,2025-01-06,109,Monkeypox,99.28283447435237,19.820832840358236
Phalombe,2025-01-13,198,Monkeypox,75.22746163545385,27.92140695600928
Phalombe,2025-01-20,26,Monkeypox,190.12453230469777,30.685777147257074
Phalombe,2025-01-27,57,Monkeypox,160.48198419984612,24.8003563723384
Phalombe,2025-02-03,60,Monkeypox,14.055344895588572,17.732475268306146
Phalombe,2025-02-10,119,Monkeypox,233.5931128150857,15.11219645925782
Phalombe,2025-02-17,107,Monkeypox,147.58587684630538,17.77877451667645
Phalombe,2025-02-24,127,Monkeypox,129.73045510765775,22.835717035031262
Phalombe,2025-03-03,36,Monkeypox,172.93471094048044,30.678204089909364
Phalombe,2025-03-10,55,Monkeypox,239.49695390050252,24.55572021864996
Phalombe,2025-03-17,190,Monkeypox,217.44715853513716,27.164673101781485
Phalombe,2025-03-24,124,Monkeypox,246.63814168229538,33.686854572765995
Phalombe,2025-03-31,49,Monkeypox,77.13174438545592,32.72182425910167
Phalombe,2025-04-07,165,Monkeypox,92.71793012871069,28.68797267720214
Phalombe,2025-04-14,134,Monkeypox,200.8868714954094,18.533171451503016
Phalombe,2025-04-21,70,Monkeypox,202.99811937723788,25.737295038283555
Phalombe,2025-04-28,112,Monkeypox,130.5877101873778,28.45594351589326
Phalombe,2025-05-05,23,Monkeypox,147.56750434897995,31.55855435665421
Phalombe,2025-05-12,58,Monkeypox,12.99958898332454,32.52534878156854
Phalombe,2025-05-19,96,Monkeypox,66.22101547705687,33.22095230589693
Phalombe,2025-05-26,48,Monkeypox,116.5544255074237,21.67950913233141
Phalombe,2025-06-02,17,Monkeypox,41.83297686755552,29.66075176435857
Phalombe,2025-06-09,150,Monkeypox,67.85786458510984,15.079032201299029
Phalombe,2025-06-16,178,Monkeypox,210.42240028648035,31.250073452253858
Phalombe,2025-06-23,121,Monkeypox,95.83533568009892,29.9114093723446
Phalombe,2025-06-30,32,Monkeypox,245.00436275454538,16.30281915820082
Phalombe,2025-07-07,79,Monkeypox,184.3330845553682,25.754174972982625
Phalombe,2025-07-14,116,Monkeypox,28.75542478866297,16.895919312079105
Phalombe,2025-07-21,145,Monkeypox,221.89236726726006,31.685887961834926
Phalombe,2025-07-28,58,Monkeypox,39.66607153354776,16.11475629329589
Phalombe,2025-08-04,135,Monkeypox,183.90836194180073,30.13576415563968
Phalombe,2025-08-11,199,Monkeypox,118.2250365154418,32.60604626288438
Phalombe,2025-08-18,37,Monkeypox,134.71259441034715,25.085951572628318
Phalombe,2025-08-25,25,Monkeypox,131.98283701146403,31.93518557247935
Phalombe,2025-09-01,99,Monkeypox,237.9492340246541,16.997471684173245
Phalombe,2025-09-08,140,Monkeypox,157.36180295776026,32.765247626997336
Phalombe,2025-09-15,160,Monkeypox,220.72829907202103,29.68544988453426
Phalombe,2025-09-22,40,Monkeypox,144.76204400721767,18.110109019102726
Phalombe,2025-09-29,117,Monkeypox,52.41030907630731,21.753166713774874
Phalombe,2025-10-06,76,Monkeypox,120.36279059504196,25.741825042956954
Phalombe,2025-10-13,193,Monkeypox,176.4447015065846,27.960220947363553
Rumphi,2024-01-01,1477,Malaria,106.5310159200129,22.21460001510563
Rumphi,2024-01-08,1313,Malaria,60.1734301000803,33.85376480922078
Rumphi,2024-01-15,667,Malaria,214.50875711648936,34.02980206442898
Rumphi,2024-01-22,486,Malaria,246.6154574862603,30.68845045365052
Rumphi,2024-01-29,777,Malaria,12.628988875505092,21.4584274509308
Rumphi,2024-02-05,1153,Malaria,175.83963251618533,21.43188967177336
Rumphi,2024-02-12,453,Malaria,228.6714217828237,20.425558943040947
Rumphi,2024-02-19,983,Malaria,30.86738926594909,23.88187160943316
Rumphi,2024-02-26,277,Malaria,182.63231670163938,19.70762167725828
Rumphi,2024-03-04,303,Malaria,117.20106455682219,30.387629825190917
Rumphi,2024-03-11,266,Malaria,213.0151072675535,20.979951741607096
Rumphi,2024-03-18,1418,Malaria,73.5766498762091,17.40971475863851
Rumphi,2024-03-25,833,Malaria,211.3124155263244,31.707059506035474
Rumphi,2024-04-01,1253,Malaria,88.6556858870485,27.587457942597663
Rumphi,2024-04-08,303,Malaria,174.59724667296902,24.47485137145776
Rumphi,2024-04-15,913,Malaria,128.21589684052918,29.55063791429899
Rumphi,2024-04-22,460,Malaria,60.189284563354235,15.964234941294587
Rumphi,2024-04-29,825,Malaria,184.7243493864405,20.323812070544705
Rumphi,2024-05-06,462,Malaria,14.344387249156238,15.705131819628955
Rumphi,2024-05-13,1030,Malaria,162.09326984411715,27.396727643551777
Rumphi,2024-05-20,1415,Malaria,184.00894376665454,18.591168009942706
Rumphi,2024-05-27,1484,Malaria,195.8571671439353,26.53220994166547
Rumphi,2024-06-03,478,Malaria,92.26217612438128,16.966007743167417
Rumphi,2024-06-10,932,Malaria,95.31134521834645,15.511288422857533
Rumphi,2024-06-17,1039,Malaria,127.57866027559703,28.728246836309914
Rumphi,2024-06-24,1117,Malaria,1.321727369473391,34.05045671574151
Rumphi,2024-07-01,1234,Malaria,152.25707525795602,34.048310936234294
Rumphi,2024-07-08,202,Malaria,103.55112929918575,17.311805606847688
Rumphi,2024-07-15,1152,Malaria,128.7016165579678,26.112315375125263
Rumphi,2024-07-22,569,Malaria,99.53687790525207,28.813680237346347
Rumphi,2024-07-29,362,Malaria,54.49935050328625,20.402174590938777
Rumphi,2024-08-05,680,Malaria,203.27758831318494,26.293282609346416
Rumphi,2024-08-12,1200,Malaria,198.26102982476613,22.671540291737916
Rumphi,2024-08-19,451,Malaria,55.965595382106855,27.993541635101938
Rumphi,2024-08-26,493,Malaria,207.54974859718422,31.15937254307285
Rumphi,2024-09-02,1159,Malaria,19.483144014217885,18.86650390252357
Rumphi,2024-09-09,1175,Malaria,195.0603788851793,32.80019458944754
Rumphi,2024-09-16,918,Malaria,55.08844821987544,19.809525843606032
Rumphi,2024-09-23,1159,Malaria,210.81262599982855,26.73672053761469
Rumphi,2024-09-30,836,Malaria,164.96669473406126,28.312212368233958
Rumphi,2024-10-07,320,Malaria,48.01267997980807,21.947532617219995
Rumphi,2024-10-14,662,Malaria,177.51850248673423,30.46632345707615
Rumphi,2024-10-21,148,Malaria,201.51749345225213,22.273191523636136
Rumphi,2024-10-28,1252,Malaria,245.2979966722476,33.25484172731437
Rumphi,2024-11-04,1494,Malaria,169.04475536735256,32.631816546989384
Rumphi,2024-11-11,684,Malaria,136.45055666915883,24.1194367436298
Rumphi,2024-11-18,1036,Malaria,162.1505877117559,15.901257745386747
Rumphi,2024-11-25,131,Malaria,214.5787738686395,25.353501463689266
Rumphi,2024-12-02,503,Malaria,150.23414921552595,22.57207618802231
Rumphi,2024-12-09,378,Malaria,83.85194945349592,21.81518172870136
Rumphi,2024-12-16,1036,Malaria,110.2741609723274,26.11990639250282
Rumphi,2024-12-23,506,Malaria,91.55469108975414,20.00927858319138
Rumphi,2024-12-30,918,Malaria,201.90354145557416,26.029045028953966
Rumphi,2025-01-06,165,Malaria,176.12102444394228,21.54931025831506
Rumphi,2025-01-13,523,Malaria,245.57018537758864,22.90496089281738
Rumphi,2025-01-20,1020,Malaria,199.80155663023203,25.616253631900058
Rumphi,2025-01-27,1256,Malaria,114.82111312048343,27.612709919815863
Rumphi,2025-02-03,555,Malaria,57.12710786274966,15.757586403410677
Rumphi,2025-02-10,1046,Malaria,129.99357856664983,20.809734398825803
Rumphi,2025-02-17,1045,Malaria,138.60265402645283,31.16559081061494
Rumphi,2025-02-24,1144,Malaria,222.12137541377982,28.67613204195619
Rumphi,2025-03-03,514,Malaria,192.5676544022741,34.31010807822874
Rumphi,2025-03-10,949,Malaria,6.983066347435063,15.152547137575002
Rumphi,2025-03-17,144,Malaria,176.66499317816198,29.110575586020406
Rumphi,2025-03-24,506,Malaria,178.44867146764827,23.472334105774205
Rumphi,2025-03-31,357,Malaria,158.64643777037972,34.38848555177022
Rumphi,2025-04-07,1378,Malaria,218.2271730545361,17.89336635453082
Rumphi,2025-04-14,1199,Malaria,9.977038237878766,31.055576435818605
Rumphi,2025-04-21,831,Malaria,59.85014648177958,20.080059546435468
Rumphi,2025-04-28,1378,Malaria,109.02501182123403,17.458301189855458
Rumphi,2025-05-05,1427,Malaria,117.74529222485536,28.570269073609985
Rumphi,2025-05-12,1469,Malaria,66.609593179447,28.12913821268922
Rumphi,2025-05-19,202,Malaria,118.03554665280078,30.161805268922222
Rumphi,2025-05-26,444,Malaria,18.135277707422404,27.40164736171183
Rumphi,2025-06-02,1171,Malaria,178.7377289323979,34.62329167375722
Rumphi,2025-06-09,1301,Malaria,158.31433610095934,26.09815119746402
Rumphi,2025-06-16,757,Malaria,100.71447747253664,27.54359332510923
Rumphi,2025-06-23,1220,Malaria,157.6316163743917,16.8184281678213
Rumphi,2025-06-30,436,Malaria,34.54758684474607,20.226914510704148
Rumphi,2025-07-07,1122,Malaria,3.469062560988556,15.766688803780314
Rumphi,2025-07-14,487,Malaria,159.08834935868322,17.539112528088307
Rumphi,2025-07-21,1223,Malaria,242.27665647979862,34.79098439052054
Rumphi,2025-07-28,1331,Malaria,205.66072757570578,21.655068968546082
Rumphi,2025-08-04,898,Malaria,79.34022189013723,19.601135746642406
Rumphi,2025-08-11,1429,Malaria,127.34867733598618,18.16092999134065
Rumphi,2025-08-18,301,Malaria,209.39736800707158,33.23688848001579
Rumphi,2025-08-25,614,Malaria,210.37263487332405,23.580208899546385
Rumphi,2025-09-01,837,Malaria,172.01285864551951,24.722947796330686
Rumphi,2025-09-08,489,Malaria,159.69821730887605,23.490679539503972
Rumphi,2025-09-15,1016,Malaria,54.24965041707108,18.852364158661437
Rumphi,2025-09-22,620,Malaria,40.67287459600169,23.988606849165535
Rumphi,2025-09-29,872,Malaria,64.13753460383411,23.756314323443167
Rumphi,2025-10-06,816,Malaria,162.76078654579158,16.660438392634394
Rumphi,2025-10-13,572,Malaria,183.52901273362363,21.23216355744375
Rumphi,2024-01-01,674,Cholera,45.072397127323086,25.063195675153786
Rumphi,2024-01-08,221,Cholera,25.191746977848123,27.60767997478898
Rumphi,2024-01-15,92,Cholera,186.56080065477514,28.70541642600146
Rumphi,2024-01-22,448,Cholera,98.42316913360746,19.80756877501846
Rumphi,2024-01-29,95,Cholera,114.27869538907323,34.49563324882588
Rumphi,2024-02-05,209,Cholera,38.52261144639505,19.231732892719215
Rumphi,2024-02-12,382,Cholera,214.07403078213832,27.64146741826054
Rumphi,2024-02-19,173,Cholera,217.62235206754463,32.608796277369
Rumphi,2024-02-26,328,Cholera,38.585931327107495,32.84631431299165
Rumphi,2024-03-04,227,Cholera,177.7447351247164,16.710093777353087
Rumphi,2024-03-11,508,Cholera,225.94284038353638,23.253325980229274
Rumphi,2024-03-18,149,Cholera,217.23111724547206,31.206758229798314
Rumphi,2024-03-25,270,Cholera,52.0202757581194,15.325990904283957
Rumphi,2024-04-01,379,Cholera,176.15718760765785,24.24443506900777
Rumphi,2024-04-08,356,Cholera,84.56187127899406,19.621413714594844
Rumphi,2024-04-15,575,Cholera,121.16865438587202,33.88927242407456
Rumphi,2024-04-22,354,Cholera,184.71263795873028,29.96001629019542
Rumphi,2024-04-29,147,Cholera,68.06275722914698,33.02338622143153
Rumphi,2024-05-06,584,Cholera,216.47077846055765,22.80243919764903
Rumphi,2024-05-13,457,Cholera,99.80910484889763,15.90091005822812
Rumphi,2024-05-20,76,Cholera,74.79697936758356,19.348515919088015
Rumphi,2024-05-27,696,Cholera,220.56277340148537,17.219814465888312
Rumphi,2024-06-03,612,Cholera,242.57272856182584,24.092779632075164
Rumphi,2024-06-10,393,Cholera,48.744509630674756,33.48536236634361
Rumphi,2024-06-17,511,Cholera,33.24460625744577,29.699379264174937
Rumphi,2024-06-24,458,Cholera,213.53339678369872,34.437951641250976
Rumphi,2024-07-01,120,Cholera,191.26396360874466,29.60964919536373
Rumphi,2024-07-08,640,Cholera,70.30022372495014,23.791522986284857
Rumphi,2024-07-15,137,Cholera,192.51308677321427,30.53032481484621
Rumphi,2024-07-22,136,Cholera,30.062491518973307,32.06917354926733
Rumphi,2024-07-29,510,Cholera,172.0446028911383,17.553808653618816
Rumphi,2024-08-05,599,Cholera,212.83891073499012,27.400133738572812
Rumphi,2024-08-12,263,Cholera,2.796699613452552,25.197552052673835
Rumphi,2024-08-19,274,Cholera,14.023162922544296,20.57464298134766
Rumphi,2024-08-26,663,Cholera,207.19420452032332,23.59854998094986
Rumphi,2024-09-02,664,Cholera,170.13850553206646,27.30221971493833
Rumphi,2024-09-09,658,Cholera,54.37638003059178,25.15927271376046
Rumphi,2024-09-16,183,Cholera,66.61291522054006,31.844081066683177
Rumphi,2024-09-23,495,Cholera,46.458533403390206,18.477010540754463
Rumphi,2024-09-30,442,Cholera,104.20942666285183,21.154993037667044
Rumphi,2024-10-07,565,Cholera,174.30145166852324,25.780453352823933
Rumphi,2024-10-14,571,Cholera,178.34874972623706,33.823102895806414
Rumphi,2024-10-21,168,Cholera,203.32014081902886,22.78472815441522
Rumphi,2024-10-28,364,Cholera,94.53110374036252,16.43216934654275
Rumphi,2024-11-04,138,Cholera,52.62542474423976,28.641674720399735
Rumphi,2024-11-11,687,Cholera,29.277520396552376,28.50496358309993
Rumphi,2024-11-18,590,Cholera,172.83270452833403,15.135398608505245
Rumphi,2024-11-25,131,Cholera,159.31358021390326,23.811973277999407
Rumphi,2024-12-02,433,Cholera,212.79162140166088,20.854089125483313
Rumphi,2024-12-09,331,Cholera,5.94158413252921,25.292621675539948
Rumphi,2024-12-16,248,Cholera,28.400252567064992,25.178708777179367
Rumphi,2024-12-23,196,Cholera,187.02410341065647,18.84373374495686
Rumphi,2024-12-30,646,Cholera,19.346476390352475,32.9219383572341
Rumphi,2025-01-06,170,Cholera,215.2923947589439,22.35611223638798
Rumphi,2025-01-13,601,Cholera,233.83189224955532,29.187114702505806
Rumphi,2025-01-20,200,Cholera,228.21702076503263,28.900027762857633
Rumphi,2025-01-27,673,Cholera,59.16070790220296,19.671866989395163
Rumphi,2025-02-03,453,Cholera,199.2165561310037,32.80148253214526
Rumphi,2025-02-10,95,Cholera,32.49975577113279,29.1085524144163
Rumphi,2025-02-17,660,Cholera,166.80638364557592,30.378551135231433
Rumphi,2025-02-24,388,Cholera,33.79495314727002,32.68960054506864
Rumphi,2025-03-03,455,Cholera,218.53253058571147,17.825715891970468
Rumphi,2025-03-10,482,Cholera,188.0636290831471,27.574408754690367
Rumphi,2025-03-17,108,Cholera,62.51765140601631,30.576777363984004
Rumphi,2025-03-24,189,Cholera,54.1858443835376,20.68714732097955
Rumphi,2025-03-31,648,Cholera,97.95923610539451,26.171203046133456
Rumphi,2025-04-07,617,Cholera,5.465200695427913,34.073820801121165
Rumphi,2025-04-14,678,Cholera,108.0098968507057,18.470538120499427
Rumphi,2025-04-21,296,Cholera,154.06157476952032,21.25080553693928
Rumphi,2025-04-28,161,Cholera,172.9440233114775,33.87344502154479
Rumphi,2025-05-05,412,Cholera,189.94231999020852,16.531429115912374
Rumphi,2025-05-12,599,Cholera,55.406636948454185,29.997205711327663
Rumphi,2025-05-19,319,Cholera,189.48215553413357,28.499603797396446
Rumphi,2025-05-26,93,Cholera,200.39405746102804,28.758146237079007
Rumphi,2025-06-02,125,Cholera,187.95508552681648,27.34797300651484
Rumphi,2025-06-09,495,Cholera,2.917695567207945,29.271774003154466
Rumphi,2025-06-16,280,Cholera,220.82280425188742,16.046641153841254
Rumphi,2025-06-23,675,Cholera,37.29666589341946,27.008719359699562
Rumphi,2025-06-30,211,Cholera,64.47338836669108,33.81724921243147
Rumphi,2025-07-07,526,Cholera,115.21702754372218,34.79524992662121
Rumphi,2025-07-14,226,Cholera,110.04177011546432,33.939286450909506
Rumphi,2025-07-21,423,Cholera,10.81144257995864,27.513744022992118
Rumphi,2025-07-28,646,Cholera,2.9658913663567765,28.742435459961577
Rumphi,2025-08-04,570,Cholera,68.05810927828934,19.40253107687918
Rumphi,2025-08-11,67,Cholera,118.68246149332523,20.5887306891035
Rumphi,2025-08-18,88,Cholera,74.17260443953366,16.701902100350875
Rumphi,2025-08-25,261,Cholera,176.43270192465056,19.47886681441913
Rumphi,2025-09-01,316,Cholera,82.15874519295868,15.788313852103284
Rumphi,2025-09-08,482,Cholera,7.944472452944051,26.09151674497511
Rumphi,2025-09-15,217,Cholera,244.67769983848356,30.452221530897162
Rumphi,2025-09-22,182,Cholera,173.6817866509804,16.878175462696728
Rumphi,2025-09-29,594,Cholera,38.974339243695255,16.245594554358437
Rumphi,2025-10-06,255,Cholera,207.3889025083214,28.31082499160828
Rumphi,2025-10-13,344,Cholera,35.796071543939625,31.556473269511546
Rumphi,2024-01-01,131,Monkeypox,6.277518016138378,33.51450935899983
Rumphi,2024-01-08,89,Monkeypox,14.121952530611297,21.659961094909825
Rumphi,2024-01-15,163,Monkeypox,110.09167171552394,20.09653186729139
Rumphi,2024-01-22,71,Monkeypox,133.5936685567663,25.56626580674777
Rumphi,2024-01-29,190,Monkeypox,24.395798633017744,16.978732448845218
Rumphi,2024-02-05,173,Monkeypox,19.458223919468082,21.368686300611103
Rumphi,2024-02-12,40,Monkeypox,200.28236539505133,18.74534955170788
Rumphi,2024-02-19,139,Monkeypox,234.3885193038331,28.189095066704823
Rumphi,2024-02-26,109,Monkeypox,191.83311586308565,23.399612083003184
Rumphi,2024-03-04,64,Monkeypox,199.78047318374752,19.395046204990766
Rumphi,2024-03-11,56,Monkeypox,84.64521117736388,33.7364221430783
Rumphi,2024-03-18,62,Monkeypox,15.574784215641928,28.61169236620009
Rumphi,2024-03-25,141,Monkeypox,72.68031294380164,28.006169728746855
Rumphi,2024-04-01,106,Monkeypox,12.423630928234259,22.758544279867024
Rumphi,2024-04-08,139,Monkeypox,51.8428698884609,29.754489097855398
Rumphi,2024-04-15,152,Monkeypox,138.4197301542581,27.934413141197325
Rumphi,2024-04-22,54,Monkeypox,44.88421835081646,26.757532079397123
Rumphi,2024-04-29,83,Monkeypox,230.61892545570973,18.128679077218898
Rumphi,2024-05-06,131,Monkeypox,170.2865113551765,31.247520332717528
Rumphi,2024-05-13,127,Monkeypox,182.30720332230538,27.999040637453177
Rumphi,2024-05-20,23,Monkeypox,14.786913202128549,17.52699489124785
Rumphi,2024-05-27,66,Monkeypox,14.722112875308891,25.442104415057045
Rumphi,2024-06-03,126,Monkeypox,5.6476204688514215,18.430739123441988
Rumphi,2024-06-10,49,Monkeypox,34.15186173139889,30.51450556851355
Rumphi,2024-06-17,85,Monkeypox,85.9479408423248,17.150294436293805
Rumphi,2024-06-24,62,Monkeypox,205.0799647136508,27.11573064833226
Rumphi,2024-07-01,83,Monkeypox,143.89563000683575,22.47787747151815
Rumphi,2024-07-08,68,Monkeypox,207.468474666247,17.235401557323705
Rumphi,2024-07-15,164,Monkeypox,120.7586725388832,33.15501793883365
Rumphi,2024-07-22,150,Monkeypox,170.9334610478558,24.57131006977221
Rumphi,2024-07-29,52,Monkeypox,136.34973901028945,22.964819312549523
Rumphi,2024-08-05,193,Monkeypox,249.90686259704998,27.384892444058437
Rumphi,2024-08-12,105,Monkeypox,180.58700852725926,28.75288715377704
Rumphi,2024-08-19,151,Monkeypox,197.26412323532878,29.940042656627554
Rumphi,2024-08-26,157,Monkeypox,174.60437736600394,33.61843758425993
Rumphi,2024-09-02,192,Monkeypox,57.40211623143426,23.32655305880224
Rumphi,2024-09-09,149,Monkeypox,213.2799821848831,18.714753995799423
Rumphi,2024-09-16,114,Monkeypox,88.97077663664132,20.206250604308664
Rumphi,2024-09-23,154,Monkeypox,245.65487503693657,24.096600943074886
Rumphi,2024-09-30,42,Monkeypox,185.26387446657802,28.961756730405053
Rumphi,2024-10-07,19,Monkeypox,177.6688018993751,17.01991241344774
Rumphi,2024-10-14,48,Monkeypox,119.08624080877803,29.73152414546542
Rumphi,2024-10-21,150,Monkeypox,169.5424432652289,22.1746503761198
Rumphi,2024-10-28,61,Monkeypox,61.807366425150164,32.66205707073577
Rumphi,2024-11-04,95,Monkeypox,112.9367417349422,30.954492152184983
Rumphi,2024-11-11,83,Monkeypox,182.174726813609,27.065812052605743
Rumphi,2024-11-18,163,Monkeypox,148.14440692621406,27.421805106339814
Rumphi,2024-11-25,54,Monkeypox,56.44020176393425,30.192660272036857
Rumphi,2024-12-02,118,Monkeypox,171.30313319159438,32.138994617557586
Rumphi,2024-12-09,197,Monkeypox,217.66525289651315,23.11641254876298
Rumphi,2024-12-16,144,Monkeypox,67.91717998809726,33.26693150879698
Rumphi,2024-12-23,173,Monkeypox,217.21860129681824,33.28341926415154
Rumphi,2024-12-30,82,Monkeypox,58.78693512863545,23.794769933374866
Rumphi,2025-01-06,31,Monkeypox,215.87581618436357,28.17337720867407
Rumphi,2025-01-13,69,Monkeypox,115.82517620308833,31.953400582931476
Rumphi,2025-01-20,123,Monkeypox,163.63177427773576,17.753522251264375
Rumphi,2025-01-27,82,Monkeypox,200.33412301755948,34.16161486904231
Rumphi,2025-02-03,178,Monkeypox,25.173798692667642,22.12003436487089
Rumphi,2025-02-10,149,Monkeypox,248.55133942128458,25.819317909352954
Rumphi,2025-02-17,111,Monkeypox,157.6981955543624,22.226866760952817
Rumphi,2025-02-24,13,Monkeypox,116.77381408143492,28.538797523770917
Rumphi,2025-03-03,165,Monkeypox,144.4086179381192,17.01060489429025
Rumphi,2025-03-10,146,Monkeypox,140.711490529912,19.19671805951875
Rumphi,2025-03-17,69,Monkeypox,17.722429637769515,27.830103042003703
Rumphi,2025-03-24,188,Monkeypox,195.9724207694542,30.588560437238407
Rumphi,2025-03-31,95,Monkeypox,188.03275029704005,26.96891321604063
Rumphi,2025-04-07,100,Monkeypox,232.30052433022146,24.479054281598373
Rumphi,2025-04-14,138,Monkeypox,224.03419345361965,22.213460422885674
Rumphi,2025-04-21,133,Monkeypox,159.85080876527675,23.67672899389526
Rumphi,2025-04-28,193,Monkeypox,181.11629000619607,31.954303147351578
Rumphi,2025-05-05,64,Monkeypox,128.6201136317465,19.836830469333503
Rumphi,2025-05-12,183,Monkeypox,227.4720592087872,34.90925435347605
Rumphi,2025-05-19,103,Monkeypox,108.3161402153911,24.774537721014887
Rumphi,2025-05-26,39,Monkeypox,234.45217515309085,30.403801691083128
Rumphi,2025-06-02,99,Monkeypox,172.53243926459825,34.60491030787881
Rumphi,2025-06-09,38,Monkeypox,104.75920194224054,19.146133288438428
Rumphi,2025-06-16,63,Monkeypox,213.7224355307634,17.78143249564717
Rumphi,2025-06-23,30,Monkeypox,33.9663112981054,18.41451603767372
Rumphi,2025-06-30,67,Monkeypox,14.787034815927303,26.515053524313217
Rumphi,2025-07-07,126,Monkeypox,219.6289853366177,23.257079039036455
Rumphi,2025-07-14,154,Monkeypox,19.82346573409796,30.360336473526694
Rumphi,2025-07-21,123,Monkeypox,145.77106875320405,20.979723691547633
Rumphi,2025-07-28,174,Monkeypox,185.63493829467436,24.618003996437643
Rumphi,2025-08-04,163,Monkeypox,227.86147641900556,29.52236777545805
Rumphi,2025-08-11,73,Monkeypox,104.38227268594,31.880409372809922
Rumphi,2025-08-18,66,Monkeypox,179.7811300822442,23.798067828233087
Rumphi,2025-08-25,66,Monkeypox,89.57562525354457,19.19934189697279
Rumphi,2025-09-01,132,Monkeypox,185.84900902117175,28.331015162204345
Rumphi,2025-09-08,49,Monkeypox,47.74925389266277,25.03088735388842
Rumphi,2025-09-15,132,Monkeypox,83.98729862974614,34.05290967404365
Rumphi,2025-09-22,31,Monkeypox,178.89851145754128,24.89602409851095
Rumphi,2025-09-29,56,Monkeypox,122.05136195466626,24.57716055780268
Rumphi,2025-10-06,147,Monkeypox,27.63165264647713,17.316454042645987
Rumphi,2025-10-13,74,Monkeypox,59.35759298121254,34.934280514728115
Salima,2024-01-01,801,Malaria,196.4736086027392,24.202369233039782
Salima,2024-01-08,305,Malaria,180.4100924763463,24.550905420139784
Salima,2024-01-15,1021,Malaria,70.83106445804152,33.360848332725574
Salima,2024-01-22,1258,Malaria,38.56547132920971,16.458971233951715
Salima,2024-01-29,124,Malaria,165.3501197669898,34.1307654137817
Salima,2024-02-05,645,Malaria,212.25152409830505,21.85866290135816
Salima,2024-02-12,785,Malaria,128.0744694554114,28.621971114937004
Salima,2024-02-19,943,Malaria,231.98520402231475,29.870110150085978
Salima,2024-02-26,1269,Malaria,174.24760711016685,30.566778379035952
Salima,2024-03-04,1253,Malaria,92.05322886736231,26.965797289909126
Salima,2024-03-11,373,Malaria,83.6585860908105,24.36535099519915
Salima,2024-03-18,760,Malaria,21.43943617927846,31.87856348704144
Salima,2024-03-25,644,Malaria,90.75306241083128,15.208582582819151
Salima,2024-04-01,421,Malaria,44.70420534165989,34.9361179831936
Salima,2024-04-08,1224,Malaria,186.05438215253807,30.511724500090416
Salima,2024-04-15,1119,Malaria,229.56068230905436,15.217281884810367
Salima,2024-04-22,1000,Malaria,196.8474020579766,20.088520129761942
Salima,2024-04-29,1054,Malaria,233.9567586207245,33.97069273809346
Salima,2024-05-06,1083,Malaria,237.3339213522367,21.899634933157227
Salima,2024-05-13,1376,Malaria,207.93909629095907,21.98958725363886
Salima,2024-05-20,751,Malaria,101.71865679659395,27.215605414443417
Salima,2024-05-27,561,Malaria,121.87023263713276,28.758079488484825
Salima,2024-06-03,1396,Malaria,48.195261056374065,32.790195196589934
Salima,2024-06-10,630,Malaria,15.654626524870208,19.373824564872216
Salima,2024-06-17,292,Malaria,248.09300691068415,29.10995289630511
Salima,2024-06-24,897,Malaria,15.010458693016677,27.27623831584002
Salima,2024-07-01,291,Malaria,135.31919277974126,27.542254996360207
Salima,2024-07-08,870,Malaria,158.4547722276893,33.42383078460553
Salima,2024-07-15,378,Malaria,240.8967218800964,21.010826335619356
Salima,2024-07-22,126,Malaria,196.95382244256996,24.625361658339664
Salima,2024-07-29,609,Malaria,99.35773606820433,21.29559997927998
Salima,2024-08-05,840,Malaria,3.3015223094610135,34.68440138922679
Salima,2024-08-12,415,Malaria,214.35971915616554,17.22479557840504
Salima,2024-08-19,308,Malaria,126.4824782881389,34.68712169971961
Salima,2024-08-26,811,Malaria,41.407471973582716,34.22305615522206
Salima,2024-09-02,610,Malaria,186.03181918838283,29.81918218369997
Salima,2024-09-09,273,Malaria,225.3529319019185,22.061042886686806
Salima,2024-09-16,530,Malaria,190.65531880045737,26.83644797087947
Salima,2024-09-23,962,Malaria,246.5171528841328,31.74902612744853
Salima,2024-09-30,410,Malaria,26.114447336678726,33.90003065932174
Salima,2024-10-07,509,Malaria,43.93040169073692,28.2842326514062
Salima,2024-10-14,160,Malaria,235.40761507085588,18.096691899409556
Salima,2024-10-21,343,Malaria,37.992594092601365,33.86661324202886
Salima,2024-10-28,1392,Malaria,34.704890200681184,28.14223963206375
Salima,2024-11-04,1306,Malaria,112.86232268719665,23.72153474441197
Salima,2024-11-11,892,Malaria,54.329644067136364,18.47626447048687
Salima,2024-11-18,1472,Malaria,236.57000144360356,32.52470917980192
Salima,2024-11-25,1441,Malaria,26.164458341524586,33.36612639833277
Salima,2024-12-02,1413,Malaria,48.59766084497269,31.705794301504923
Salima,2024-12-09,1042,Malaria,202.89913236744147,32.18741827637144
Salima,2024-12-16,1223,Malaria,78.56533963956103,28.28527262100895
Salima,2024-12-23,501,Malaria,215.4505500607916,22.89064598813362
Salima,2024-12-30,529,Malaria,12.551726160938747,21.253398076267043
Salima,2025-01-06,797,Malaria,171.38373367540785,29.704908574081735
Salima,2025-01-13,1253,Malaria,47.18234765072019,18.545580890171685
Salima,2025-01-20,1361,Malaria,80.22151438268618,19.36481850987743
Salima,2025-01-27,141,Malaria,70.28342297322409,25.270841809683795
Salima,2025-02-03,657,Malaria,42.03135626302418,16.770103708367085
Salima,2025-02-10,1329,Malaria,92.77358294998275,33.888598082285164
Salima,2025-02-17,1477,Malaria,22.644602990388172,27.87424370636141
Salima,2025-02-24,966,Malaria,8.053401154056894,16.893973964126424
Salima,2025-03-03,1360,Malaria,81.0788106209859,22.953572300279188
Salima,2025-03-10,215,Malaria,159.55166789919414,24.01898441986185
Salima,2025-03-17,594,Malaria,248.50752613387982,31.087554931980065
Salima,2025-03-24,113,Malaria,197.26208299997708,20.21218873034542
Salima,2025-03-31,1206,Malaria,146.5375112649062,27.00936206909703
Salima,2025-04-07,679,Malaria,116.49112127703474,15.289599612484459
Salima,2025-04-14,1236,Malaria,218.82371549748393,21.441806623096177
Salima,2025-04-21,884,Malaria,126.83677789194925,16.760740102318266
Salima,2025-04-28,1413,Malaria,41.09379661789789,29.01438426446178
Salima,2025-05-05,877,Malaria,100.15569429148418,28.640449799978356
Salima,2025-05-12,535,Malaria,105.40183673181397,33.36433724417735
Salima,2025-05-19,482,Malaria,139.40760634599798,34.03424292985481
Salima,2025-05-26,1064,Malaria,47.9830011892067,17.82141322225344
Salima,2025-06-02,351,Malaria,6.9372142370246195,24.513146640829078
Salima,2025-06-09,768,Malaria,130.56429161496573,25.405289976586946
Salima,2025-06-16,1463,Malaria,107.96411466484213,28.738905524536595
Salima,2025-06-23,306,Malaria,204.87182593498804,22.757702532634383
Salima,2025-06-30,1146,Malaria,198.2693571825531,18.876843779493907
Salima,2025-07-07,853,Malaria,125.26138530900339,20.895837872870036
Salima,2025-07-14,1273,Malaria,152.18352376407256,29.734340742670685
Salima,2025-07-21,647,Malaria,114.58447010300574,18.553068334767065
Salima,2025-07-28,1237,Malaria,193.42752865149316,31.5180285806641
Salima,2025-08-04,1435,Malaria,29.63972484631716,17.582449532882713
Salima,2025-08-11,275,Malaria,218.33892743105014,27.958473545686406
Salima,2025-08-18,618,Malaria,102.33435951410227,30.88924811227622
Salima,2025-08-25,530,Malaria,208.77953757312005,15.995917320628255
Salima,2025-09-01,115,Malaria,70.71799065017225,24.38377094665661
Salima,2025-09-08,431,Malaria,165.50827321938087,30.81613851783693
Salima,2025-09-15,1023,Malaria,42.914728381616946,22.4768884764271
Salima,2025-09-22,882,Malaria,214.3299516578263,23.368695916377504
Salima,2025-09-29,1291,Malaria,115.11701037661867,29.813316783999817
Salima,2025-10-06,1334,Malaria,130.76816515047426,23.500556594942946
Salima,2025-10-13,521,Malaria,129.35069565141282,17.197217728828633
Salima,2024-01-01,594,Cholera,163.3429709397426,27.615979492701527
Salima,2024-01-08,188,Cholera,184.45512534138916,18.661034801511565
Salima,2024-01-15,636,Cholera,245.84736554731523,28.066468240369183
Salima,2024-01-22,210,Cholera,85.02852032980957,29.357702119319598
Salima,2024-01-29,57,Cholera,225.33057225064903,30.55914562241384
Salima,2024-02-05,511,Cholera,143.2315253214092,30.440536453786933
Salima,2024-02-12,370,Cholera,75.59408079521856,22.642358466172972
Salima,2024-02-19,258,Cholera,7.530575280280533,29.736993583593197
Salima,2024-02-26,67,Cholera,209.68986416609556,24.93256436544379
Salima,2024-03-04,335,Cholera,165.13866097964748,33.20602517435918
Salima,2024-03-11,65,Cholera,36.69709858199932,17.696102029504218
Salima,2024-03-18,557,Cholera,69.64808588491626,15.396384785031856
Salima,2024-03-25,324,Cholera,107.75677710984102,32.4857076723626
Salima,2024-04-01,410,Cholera,227.07157811774093,22.75460587169485
Salima,2024-04-08,350,Cholera,75.27075953322537,34.391964746458285
Salima,2024-04-15,303,Cholera,197.81244031790195,31.85378261138582
Salima,2024-04-22,390,Cholera,124.94718227042034,29.014646169983408
Salima,2024-04-29,648,Cholera,147.65650216823488,20.41995772895249
Salima,2024-05-06,447,Cholera,145.85046599941862,28.047183019949667
Salima,2024-05-13,631,Cholera,32.1397682141894,16.81958277386382
Salima,2024-05-20,336,Cholera,195.0911929418685,17.80768755133144
Salima,2024-05-27,679,Cholera,133.83798489666015,15.352638407289392
Salima,2024-06-03,313,Cholera,194.24472706715753,20.512800048524586
Salima,2024-06-10,83,Cholera,15.446789096166896,33.242831502579584
Salima,2024-06-17,184,Cholera,68.8016710487562,19.46273738593043
Salima,2024-06-24,444,Cholera,23.82200059857559,16.538984786601944
Salima,2024-07-01,533,Cholera,174.56236971387636,28.94803635823605
Salima,2024-07-08,156,Cholera,17.98314176644847,30.620775204557773
Salima,2024-07-15,211,Cholera,181.33664371907025,33.205339612330405
Salima,2024-07-22,288,Cholera,173.011052120445,25.21498815571796
Salima,2024-07-29,365,Cholera,121.61249978220384,27.745479049054964
Salima,2024-08-05,353,Cholera,151.84550771430938,31.598967048989795
Salima,2024-08-12,467,Cholera,177.85156968170392,17.117024031001943
Salima,2024-08-19,343,Cholera,71.83577343843653,29.945874975995448
Salima,2024-08-26,99,Cholera,101.28421967529542,31.42286140254441
Salima,2024-09-02,90,Cholera,129.30845690106202,23.45950563572824
Salima,2024-09-09,325,Cholera,197.26118322617143,34.093997305993945
Salima,2024-09-16,556,Cholera,9.188074121599,26.774103134334666
Salima,2024-09-23,666,Cholera,55.9737374157285,18.358035831894746
Salima,2024-09-30,172,Cholera,56.13809598031014,34.113419378822556
Salima,2024-10-07,280,Cholera,242.53714511521602,20.595888137001126
Salima,2024-10-14,234,Cholera,65.58374311184726,22.974452446229808
Salima,2024-10-21,360,Cholera,93.19893308960592,18.38205181385353
Salima,2024-10-28,114,Cholera,131.1342141936728,31.80976703825118
Salima,2024-11-04,485,Cholera,119.73301390188327,19.117121735464547
Salima,2024-11-11,143,Cholera,192.98775498629237,20.298228455354092
Salima,2024-11-18,378,Cholera,217.7233286247114,22.216312564895002
Salima,2024-11-25,352,Cholera,84.42371438098778,31.57532914999504
Salima,2024-12-02,301,Cholera,132.9504762796655,22.45606424888677
Salima,2024-12-09,360,Cholera,248.89349827601558,30.072909971421705
Salima,2024-12-16,159,Cholera,82.0933573973642,28.293569339543083
Salima,2024-12-23,181,Cholera,20.599006054447727,29.78996561746686
Salima,2024-12-30,449,Cholera,71.49658216779989,31.561631220985888
Salima,2025-01-06,66,Cholera,23.710357350408216,21.973280665625957
Salima,2025-01-13,380,Cholera,82.81383364995193,15.529707349329872
Salima,2025-01-20,122,Cholera,211.72181846774023,34.7837027775997
Salima,2025-01-27,160,Cholera,226.21978794237742,16.217672102404016
Salima,2025-02-03,174,Cholera,35.32468844091222,24.636290070566005
Salima,2025-02-10,369,Cholera,245.44484801606723,22.642772671200323
Salima,2025-02-17,560,Cholera,60.314057787469594,23.345095229250305
Salima,2025-02-24,513,Cholera,205.66128214191568,20.059760472292503
Salima,2025-03-03,405,Cholera,237.71746495658758,34.933686087419424
Salima,2025-03-10,356,Cholera,191.44592477281262,25.329386273576027
Salima,2025-03-17,680,Cholera,110.90985096022588,34.30045799671839
Salima,2025-03-24,494,Cholera,139.3467792708398,20.36865582380486
Salima,2025-03-31,544,Cholera,183.0288487867536,25.537175376199006
Salima,2025-04-07,355,Cholera,145.17434400212503,30.602978573416223
Salima,2025-04-14,467,Cholera,25.826365808863965,27.171388315452596
Salima,2025-04-21,556,Cholera,72.46256557196676,33.93558432101244
Salima,2025-04-28,650,Cholera,63.824926162747566,31.082210358440552
Salima,2025-05-05,208,Cholera,234.39220372053984,18.38514680403485
Salima,2025-05-12,283,Cholera,46.672904320810446,22.760392079692593
Salima,2025-05-19,75,Cholera,179.64576870460724,32.25855268516436
Salima,2025-05-26,585,Cholera,156.21752393334447,26.032400833422535
Salima,2025-06-02,668,Cholera,37.68349182977806,32.658748757776465
Salima,2025-06-09,337,Cholera,11.979431636901738,17.39527462336142
Salima,2025-06-16,422,Cholera,149.09409674723187,22.461758443093913
Salima,2025-06-23,314,Cholera,211.68134325600505,29.264083784174762
Salima,2025-06-30,234,Cholera,213.09143833620146,20.590343433194768
Salima,2025-07-07,91,Cholera,70.0237653208726,27.157605335116784
Salima,2025-07-14,144,Cholera,78.67541947947655,21.51836101980051
Salima,2025-07-21,627,Cholera,83.80648544909589,17.946889853274442
Salima,2025-07-28,579,Cholera,197.52287514438345,21.441061910910754
Salima,2025-08-04,112,Cholera,3.074091231561132,19.948666133525393
Salima,2025-08-11,252,Cholera,161.6882609288468,19.880236410996453
Salima,2025-08-18,571,Cholera,180.5583477355924,26.2269095638752
Salima,2025-08-25,241,Cholera,28.946335222177822,33.179697873364006
Salima,2025-09-01,394,Cholera,90.15251408201266,21.42698773130217
Salima,2025-09-08,280,Cholera,144.24070003528445,30.21332975441753
Salima,2025-09-15,103,Cholera,52.06962062633347,17.980210020170194
Salima,2025-09-22,528,Cholera,67.84575760213427,16.673717263255405
Salima,2025-09-29,396,Cholera,157.34183694697595,20.440764873009442
Salima,2025-10-06,375,Cholera,71.937613800735,28.10211897114841
Salima,2025-10-13,614,Cholera,52.33000073680416,20.96517018091993
Salima,2024-01-01,50,Monkeypox,237.22175507281693,27.842452986962098
Salima,2024-01-08,118,Monkeypox,66.25921484764876,22.027253113465264
Salima,2024-01-15,153,Monkeypox,138.85922773702,33.142480766461375
Salima,2024-01-22,138,Monkeypox,106.79430307865506,33.15773271089148
Salima,2024-01-29,96,Monkeypox,93.70977275512102,32.414073456895494
Salima,2024-02-05,195,Monkeypox,42.08925215109116,32.74634037626544
Salima,2024-02-12,161,Monkeypox,160.69699030134544,15.867452683825793
Salima,2024-02-19,73,Monkeypox,54.13143592000414,23.407028766176243
Salima,2024-02-26,23,Monkeypox,150.5400842067391,28.213052867681682
Salima,2024-03-04,69,Monkeypox,181.6606718448966,20.523120563084426
Salima,2024-03-11,113,Monkeypox,130.0009025153978,25.561152114154652
Salima,2024-03-18,142,Monkeypox,72.84864830375001,24.747893014817787
Salima,2024-03-25,91,Monkeypox,112.01636404656787,15.747616075014275
Salima,2024-04-01,57,Monkeypox,140.58159774039456,32.625003627158094
Salima,2024-04-08,117,Monkeypox,225.14530457683503,24.268789028845127
Salima,2024-04-15,180,Monkeypox,219.03418912581932,31.02480291358998
Salima,2024-04-22,110,Monkeypox,221.03611897295986,25.450839055020527
Salima,2024-04-29,108,Monkeypox,219.21817346969544,28.216053227511043
Salima,2024-05-06,106,Monkeypox,126.22188078357819,21.3246372406114
Salima,2024-05-13,164,Monkeypox,177.0586069452892,16.050463575189088
Salima,2024-05-20,194,Monkeypox,105.45265715217225,24.715958438738415
Salima,2024-05-27,161,Monkeypox,160.78663799185372,15.016502163334097
Salima,2024-06-03,147,Monkeypox,117.56443855602586,20.813672178459317
Salima,2024-06-10,124,Monkeypox,39.727244226954504,22.12350607753614
Salima,2024-06-17,22,Monkeypox,22.852879089343414,18.07938305646086
Salima,2024-06-24,76,Monkeypox,241.94097293629747,15.645539392699101
Salima,2024-07-01,105,Monkeypox,117.53833780273615,24.523707625827207
Salima,2024-07-08,61,Monkeypox,186.69436813627894,32.96936606352183
Salima,2024-07-15,120,Monkeypox,18.847651720250465,30.918549957924085
Salima,2024-07-22,84,Monkeypox,216.99137931752497,16.521597583233053
Salima,2024-07-29,193,Monkeypox,138.36776534490045,34.97880602399647
Salima,2024-08-05,180,Monkeypox,238.99290883656235,21.627725765917504
Salima,2024-08-12,72,Monkeypox,52.49037329246417,32.55746242156394
Salima,2024-08-19,77,Monkeypox,234.24170299734607,20.74824433274873
Salima,2024-08-26,10,Monkeypox,158.81526422803765,18.918818434095567
Salima,2024-09-02,131,Monkeypox,191.59932016632192,16.41418506225346
Salima,2024-09-09,13,Monkeypox,240.32177332211407,17.076018510275905
Salima,2024-09-16,24,Monkeypox,141.4788533950843,33.41970582223124
Salima,2024-09-23,43,Monkeypox,99.84893359019811,21.67589054325706
Salima,2024-09-30,14,Monkeypox,12.479489110807872,23.845766907326382
Salima,2024-10-07,33,Monkeypox,191.5068435878403,33.41691573882235
Salima,2024-10-14,102,Monkeypox,245.88953594362684,22.307755356809814
Salima,2024-10-21,134,Monkeypox,94.76599936592991,17.21603073176119
Salima,2024-10-28,62,Monkeypox,118.66552111142825,28.695495770128396
Salima,2024-11-04,137,Monkeypox,133.75826593929614,15.09738185839301
Salima,2024-11-11,166,Monkeypox,69.98208865105926,21.771218738488663
Salima,2024-11-18,164,Monkeypox,8.916001400693402,31.12247782263556
Salima,2024-11-25,91,Monkeypox,18.23829402385843,31.26716610276461
Salima,2024-12-02,102,Monkeypox,45.94947756581086,20.105654971780694
Salima,2024-12-09,25,Monkeypox,26.104608463812102,32.99580962867827
Salima,2024-12-16,148,Monkeypox,68.17354110691323,17.75476186559382
Salima,2024-12-23,110,Monkeypox,89.02392014313143,19.2919780546822
Salima,2024-12-30,171,Monkeypox,243.99020175054991,30.778004996379575
Salima,2025-01-06,155,Monkeypox,176.7763377907827,21.80130454741878
Salima,2025-01-13,12,Monkeypox,175.3143474332046,26.27932579058266
Salima,2025-01-20,180,Monkeypox,177.73346092882778,33.49653005870853
Salima,2025-01-27,122,Monkeypox,117.3046026514096,18.083411477964578
Salima,2025-02-03,168,Monkeypox,54.0710472576533,32.22626304581936
Salima,2025-02-10,194,Monkeypox,142.00158567002535,30.691638892192614
Salima,2025-02-17,114,Monkeypox,119.63335648636661,16.672800020415732
Salima,2025-02-24,111,Monkeypox,241.76920664272342,18.710277854245774
Salima,2025-03-03,130,Monkeypox,59.64769904676595,34.848657844904835
Salima,2025-03-10,133,Monkeypox,168.47678382540437,30.47800075083153
Salima,2025-03-17,78,Monkeypox,152.77700344546562,29.17023517765014
Salima,2025-03-24,57,Monkeypox,34.456364935415515,28.39156418332861
Salima,2025-03-31,10,Monkeypox,231.01812249090406,23.11604327095727
Salima,2025-04-07,166,Monkeypox,133.04198762192448,28.185726724120304
Salima,2025-04-14,60,Monkeypox,111.87094130604255,32.913394664690045
Salima,2025-04-21,67,Monkeypox,204.4714052308821,25.418549148526754
Salima,2025-04-28,31,Monkeypox,27.70417780042289,21.37783751677276
Salima,2025-05-05,95,Monkeypox,19.971701446865637,24.89396236644749
Salima,2025-05-12,88,Monkeypox,197.22701368552,15.017317405969465
Salima,2025-05-19,191,Monkeypox,162.37585449667597,17.24075289664239
Salima,2025-05-26,113,Monkeypox,207.53188548514694,21.25727884838657
Salima,2025-06-02,90,Monkeypox,85.74845144348036,31.36909104256759
Salima,2025-06-09,108,Monkeypox,58.07156031059885,21.432309942284697
Salima,2025-06-16,11,Monkeypox,9.093868749744077,19.79103319826974
Salima,2025-06-23,102,Monkeypox,9.838420767891098,32.17063917950246
Salima,2025-06-30,136,Monkeypox,195.46820387481276,18.81936038079108
Salima,2025-07-07,77,Monkeypox,189.30603620217096,19.42730231914718
Salima,2025-07-14,163,Monkeypox,162.4568385168838,29.79108548888827
Salima,2025-07-21,164,Monkeypox,176.19807063010177,27.75160776855624
Salima,2025-07-28,167,Monkeypox,217.62290931149954,24.923178816062105
Salima,2025-08-04,150,Monkeypox,240.5841943107871,24.662130083795915
Salima,2025-08-11,190,Monkeypox,183.80797208401157,23.555857779018723
Salima,2025-08-18,105,Monkeypox,154.7498445177699,31.23197716870772
Salima,2025-08-25,175,Monkeypox,249.708111321442,28.874470166840936
Salima,2025-09-01,123,Monkeypox,37.82424899259457,23.1741089280344
Salima,2025-09-08,74,Monkeypox,158.35461930612374,28.31361823536031
Salima,2025-09-15,55,Monkeypox,236.88381056015135,22.665373062879695
Salima,2025-09-22,191,Monkeypox,82.595603625059,33.27732954105477
Salima,2025-09-29,47,Monkeypox,0.7171572705986229,31.52301733242265
Salima,2025-10-06,30,Monkeypox,79.8136477286287,29.749894363856022
Salima,2025-10-13,199,Monkeypox,202.17855589831578,27.144683139768475
Thyolo,2024-01-01,834,Malaria,113.64306700503862,29.506333591943736
Thyolo,2024-01-08,235,Malaria,217.39752184424242,22.431467985450873
Thyolo,2024-01-15,332,Malaria,199.50501467814172,25.50865128533996
Thyolo,2024-01-22,137,Malaria,19.034735154897593,19.00059417373889
Thyolo,2024-01-29,784,Malaria,128.18564596774783,33.70402686870772
Thyolo,2024-02-05,708,Malaria,45.27196140627071,20.620868809817136
Thyolo,2024-02-12,476,Malaria,150.7565069930211,31.379122271473786
Thyolo,2024-02-19,1359,Malaria,112.0538791376954,25.60371818570422
Thyolo,2024-02-26,690,Malaria,51.94901299549095,15.075427344292368
Thyolo,2024-03-04,1363,Malaria,170.48379994098795,23.9213951020594
Thyolo,2024-03-11,443,Malaria,220.5634364844084,32.8792794036567
Thyolo,2024-03-18,1147,Malaria,140.50861490228547,30.160373015442296
Thyolo,2024-03-25,552,Malaria,10.897266815970696,29.91194501044457
Thyolo,2024-04-01,286,Malaria,221.29336923818767,29.050256072401705
Thyolo,2024-04-08,293,Malaria,192.2640292944241,27.9627278447118
Thyolo,2024-04-15,1408,Malaria,75.44858261811149,19.25878440833683
Thyolo,2024-04-22,377,Malaria,183.25603912256932,27.238896860228746
Thyolo,2024-04-29,640,Malaria,189.39620251932175,22.371123529547045
Thyolo,2024-05-06,558,Malaria,40.03772978690276,22.518890494228277
Thyolo,2024-05-13,843,Malaria,56.99168921138462,27.704040701901143
Thyolo,2024-05-20,1116,Malaria,111.22328404744239,31.76025943962644
Thyolo,2024-05-27,860,Malaria,116.86951047555608,25.008370531820752
Thyolo,2024-06-03,593,Malaria,91.83865167394212,18.29939589880859
Thyolo,2024-06-10,874,Malaria,61.87029150075529,28.386508781152333
Thyolo,2024-06-17,1106,Malaria,154.56035267170026,32.77277975346356
Thyolo,2024-06-24,223,Malaria,5.600114566020525,25.004378040852593
Thyolo,2024-07-01,384,Malaria,243.08655597332955,23.530900736749913
Thyolo,2024-07-08,1278,Malaria,159.7518340886515,30.20977497245609
Thyolo,2024-07-15,1320,Malaria,191.15144174435213,31.30234543031786
Thyolo,2024-07-22,1312,Malaria,138.4057271596906,18.584001118050004
Thyolo,2024-07-29,389,Malaria,199.979031667267,16.61184374086813
Thyolo,2024-08-05,1391,Malaria,33.64672444645886,28.30635780160828
Thyolo,2024-08-12,977,Malaria,115.5256649064314,28.414000384339637
Thyolo,2024-08-19,209,Malaria,189.42624071630854,30.87614579803438
Thyolo,2024-08-26,287,Malaria,191.0697900369989,31.20180298150878
Thyolo,2024-09-02,1287,Malaria,143.46784352673274,33.76885993160416
Thyolo,2024-09-09,274,Malaria,152.32689728171073,24.177832264621387
Thyolo,2024-09-16,1003,Malaria,167.57951111409372,33.50268041223113
Thyolo,2024-09-23,1173,Malaria,115.6710262632978,34.41653924238088
Thyolo,2024-09-30,1104,Malaria,73.38952736306398,24.007288637623727
Thyolo,2024-10-07,814,Malaria,156.90714388249955,19.78423140747904
Thyolo,2024-10-14,609,Malaria,64.256043818598,18.990549029283585
Thyolo,2024-10-21,326,Malaria,224.8498082909946,33.02141614786032
Thyolo,2024-10-28,574,Malaria,219.96214056669257,22.915753280339903
Thyolo,2024-11-04,1382,Malaria,40.31756066610798,33.38888015362983
Thyolo,2024-11-11,102,Malaria,88.89204461077732,30.068289866557315
Thyolo,2024-11-18,1079,Malaria,133.1874124985506,30.913775978041876
Thyolo,2024-11-25,364,Malaria,194.91323059799726,19.015448271698716
Thyolo,2024-12-02,271,Malaria,78.77988188843419,32.95079876919431
Thyolo,2024-12-09,847,Malaria,133.8257604504202,30.05120726002386
Thyolo,2024-12-16,1143,Malaria,218.40900354384297,29.907434022816446
Thyolo,2024-12-23,671,Malaria,29.697967398781056,29.893581838121
Thyolo,2024-12-30,379,Malaria,69.28987064662137,18.942931570790233
Thyolo,2025-01-06,565,Malaria,73.80128425362741,20.35965955116179
Thyolo,2025-01-13,639,Malaria,54.98576865817844,25.363311890289005
Thyolo,2025-01-20,380,Malaria,26.906577485020204,30.84905858693234
Thyolo,2025-01-27,1038,Malaria,111.93155201727456,18.59549874558557
Thyolo,2025-02-03,1140,Malaria,245.28840900020634,34.18391840815153
Thyolo,2025-02-10,951,Malaria,88.43694909658286,30.082456598725532
Thyolo,2025-02-17,1480,Malaria,45.53711174385122,24.323929117357995
Thyolo,2025-02-24,657,Malaria,55.80883968483635,32.88342645087801
Thyolo,2025-03-03,140,Malaria,137.3121204975261,30.08656125711348
Thyolo,2025-03-10,162,Malaria,239.16285720306928,27.58015476423182
Thyolo,2025-03-17,1118,Malaria,0.5961678928101399,25.02665173784663
Thyolo,2025-03-24,370,Malaria,91.9376151901562,24.62019120912864
Thyolo,2025-03-31,915,Malaria,241.48054457083913,26.931900106135842
Thyolo,2025-04-07,219,Malaria,174.01237446535964,18.46186014272212
Thyolo,2025-04-14,894,Malaria,173.3672800951134,20.68222827932044
Thyolo,2025-04-21,663,Malaria,186.12183562414904,23.786966116185567
Thyolo,2025-04-28,379,Malaria,134.32398302288962,21.577678897256916
Thyolo,2025-05-05,728,Malaria,218.37887510663944,30.219018668345505
Thyolo,2025-05-12,627,Malaria,185.59514054404627,19.814541343090006
Thyolo,2025-05-19,375,Malaria,209.18574460451237,27.45774036125613
Thyolo,2025-05-26,884,Malaria,77.96712255593773,31.63090020548693
Thyolo,2025-06-02,943,Malaria,224.58201275766055,31.764302504906865
Thyolo,2025-06-09,680,Malaria,42.04331816240098,17.199493568601
Thyolo,2025-06-16,1460,Malaria,90.86361084003819,31.87478240941913
Thyolo,2025-06-23,1015,Malaria,66.76168217173131,27.520136843962455
Thyolo,2025-06-30,826,Malaria,229.00116598090744,31.35921840799861
Thyolo,2025-07-07,1269,Malaria,139.47672916701984,33.748295377588846
Thyolo,2025-07-14,217,Malaria,170.4532432975708,25.76713987113939
Thyolo,2025-07-21,574,Malaria,139.91496281423952,27.761749699697567
Thyolo,2025-07-28,529,Malaria,151.75364148832148,33.25698585488376
Thyolo,2025-08-04,745,Malaria,152.79368538485048,24.025871281689444
Thyolo,2025-08-11,779,Malaria,33.89749164710898,28.19676978598534
Thyolo,2025-08-18,1145,Malaria,14.797750216957755,33.983680458602684
Thyolo,2025-08-25,653,Malaria,26.23352344899388,16.692558233325133
Thyolo,2025-09-01,876,Malaria,163.94899815294562,33.08256912197359
Thyolo,2025-09-08,942,Malaria,74.23328840903878,21.06310896304163
Thyolo,2025-09-15,458,Malaria,57.153650966409145,33.31693740622332
Thyolo,2025-09-22,323,Malaria,104.89531066207563,22.426738165666613
Thyolo,2025-09-29,1478,Malaria,39.98969723072113,27.38902333098641
Thyolo,2025-10-06,440,Malaria,96.41045436488305,21.260659813392614
Thyolo,2025-10-13,1089,Malaria,243.20277475260437,29.43916201632426
Thyolo,2024-01-01,399,Cholera,246.21983300421385,20.108021260773583
Thyolo,2024-01-08,162,Cholera,20.537705779504478,16.083671699638867
Thyolo,2024-01-15,626,Cholera,98.78010542960757,32.02700149261673
Thyolo,2024-01-22,664,Cholera,188.47969302620353,29.324217843953207
Thyolo,2024-01-29,396,Cholera,76.32068894996247,29.189014842724447
Thyolo,2024-02-05,75,Cholera,180.17437088312232,28.69954950369172
Thyolo,2024-02-12,675,Cholera,68.07923850861636,32.52027575046202
Thyolo,2024-02-19,396,Cholera,182.47428488846134,22.83250041777583
Thyolo,2024-02-26,64,Cholera,59.00374648354634,16.80554060987646
Thyolo,2024-03-04,501,Cholera,196.65016840535853,31.132077710240655
Thyolo,2024-03-11,243,Cholera,222.1226876403252,20.224641469571225
Thyolo,2024-03-18,452,Cholera,9.92487215146609,18.063820310123514
Thyolo,2024-03-25,172,Cholera,215.23550996667726,29.85837435944993
Thyolo,2024-04-01,327,Cholera,84.44967681777149,25.13788633456968
Thyolo,2024-04-08,227,Cholera,65.95163479996522,23.84915789703767
Thyolo,2024-04-15,238,Cholera,194.1340131635289,19.987191235979296
Thyolo,2024-04-22,379,Cholera,100.51777857401773,23.896956959668895
Thyolo,2024-04-29,272,Cholera,199.0916263336089,27.37552197456181
Thyolo,2024-05-06,200,Cholera,182.29710707693076,28.35233918002603
Thyolo,2024-05-13,320,Cholera,50.87876555581927,21.057424559257804
Thyolo,2024-05-20,171,Cholera,57.32034018423995,15.937479810456473
Thyolo,2024-05-27,301,Cholera,114.98532179417533,21.903564213484472
Thyolo,2024-06-03,562,Cholera,238.53297325439175,30.877679663912787
Thyolo,2024-06-10,205,Cholera,180.40799900548652,32.931533655503934
Thyolo,2024-06-17,375,Cholera,23.991332541128674,30.85246090478674
Thyolo,2024-06-24,333,Cholera,55.39962236575683,31.737249891872562
Thyolo,2024-07-01,172,Cholera,44.700736128149344,20.982440111497763
Thyolo,2024-07-08,500,Cholera,28.45433268849179,22.41693102369225
Thyolo,2024-07-15,351,Cholera,231.89833497327257,27.232150904348938
Thyolo,2024-07-22,576,Cholera,33.00399339390431,31.89777349183156
Thyolo,2024-07-29,539,Cholera,132.5100178547753,21.739710341435
Thyolo,2024-08-05,187,Cholera,168.81064720538456,30.72232915004625
Thyolo,2024-08-12,231,Cholera,69.91896219283772,16.294545707309684
Thyolo,2024-08-19,654,Cholera,167.90519220047725,22.779371812212492
Thyolo,2024-08-26,289,Cholera,126.84164098885448,26.82247307330977
Thyolo,2024-09-02,381,Cholera,50.32650835181995,20.712578645020304
Thyolo,2024-09-09,374,Cholera,208.92505946550745,29.5064070294719
Thyolo,2024-09-16,213,Cholera,45.989555642784005,26.726173173629334
Thyolo,2024-09-23,575,Cholera,123.61218183937842,28.484657232955808
Thyolo,2024-09-30,526,Cholera,83.45489281776996,27.48338484518537
Thyolo,2024-10-07,598,Cholera,128.82699917395655,29.50460316012655
Thyolo,2024-10-14,274,Cholera,54.7903884946746,17.16578850860843
Thyolo,2024-10-21,310,Cholera,15.907039914087706,33.406218052031605
Thyolo,2024-10-28,264,Cholera,171.10841607392106,25.120355316945577
Thyolo,2024-11-04,211,Cholera,169.55108644963744,16.834303253575854
Thyolo,2024-11-11,637,Cholera,71.2928028086971,22.069683963084437
Thyolo,2024-11-18,395,Cholera,27.378242920202744,32.24311421790986
Thyolo,2024-11-25,587,Cholera,173.60446854146736,28.03514147366731
Thyolo,2024-12-02,225,Cholera,51.67036830186117,34.334551259570844
Thyolo,2024-12-09,599,Cholera,234.3689997575618,18.508731419202423
Thyolo,2024-12-16,437,Cholera,85.65579703870418,34.88356639327148
Thyolo,2024-12-23,469,Cholera,75.13207518447531,32.66174723101682
Thyolo,2024-12-30,152,Cholera,66.29598692565477,26.351992289861926
Thyolo,2025-01-06,450,Cholera,116.92282689395134,21.81046217432115
Thyolo,2025-01-13,109,Cholera,185.32983810702498,30.677456609353918
Thyolo,2025-01-20,625,Cholera,69.88024016192118,19.718994109245415
Thyolo,2025-01-27,237,Cholera,122.71774033611955,33.56061849146525
Thyolo,2025-02-03,182,Cholera,122.1927942848515,30.41341030763271
Thyolo,2025-02-10,432,Cholera,52.03049719819036,15.037786833826225
Thyolo,2025-02-17,645,Cholera,122.75993136016992,28.21674663495107
Thyolo,2025-02-24,492,Cholera,149.16591965573568,26.556939164157924
Thyolo,2025-03-03,536,Cholera,17.671210450453888,27.548082154967283
Thyolo,2025-03-10,604,Cholera,35.05746240104423,29.751486034891958
Thyolo,2025-03-17,73,Cholera,204.57417041354648,33.9219231696776
Thyolo,2025-03-24,100,Cholera,226.8708292740372,31.041626449163854
Thyolo,2025-03-31,235,Cholera,141.3958596838399,29.881280802702975
Thyolo,2025-04-07,489,Cholera,150.6883455800504,32.98797028125086
Thyolo,2025-04-14,236,Cholera,172.23977237900093,17.438102008304575
Thyolo,2025-04-21,329,Cholera,55.159394772247126,34.362812053040194
Thyolo,2025-04-28,158,Cholera,48.06011986591508,24.504483557102592
Thyolo,2025-05-05,583,Cholera,166.88323973135687,27.155538861238412
Thyolo,2025-05-12,299,Cholera,221.63809997024765,23.373902364394052
Thyolo,2025-05-19,223,Cholera,221.5941024403694,27.061408871650478
Thyolo,2025-05-26,689,Cholera,117.73597945715639,22.843457823030008
Thyolo,2025-06-02,155,Cholera,158.6733218713085,25.08265010175201
Thyolo,2025-06-09,396,Cholera,60.61304681191332,16.707323768042684
Thyolo,2025-06-16,547,Cholera,70.08129344504351,18.37055339027822
Thyolo,2025-06-23,295,Cholera,41.40281185281697,22.91457479882024
Thyolo,2025-06-30,480,Cholera,214.16968835052646,24.670328769554672
Thyolo,2025-07-07,311,Cholera,19.897130925699418,30.56272017253871
Thyolo,2025-07-14,220,Cholera,147.3996686574728,29.75838701020389
Thyolo,2025-07-21,449,Cholera,15.245747370468937,34.432094125311195
Thyolo,2025-07-28,52,Cholera,236.9417116148585,20.85398508985613
Thyolo,2025-08-04,638,Cholera,21.74582895302038,16.733150948273344
Thyolo,2025-08-11,691,Cholera,90.0098879773308,29.685572976546798
Thyolo,2025-08-18,475,Cholera,73.70247740982799,16.80000322701465
Thyolo,2025-08-25,315,Cholera,153.4173573041492,23.467511277233836
Thyolo,2025-09-01,550,Cholera,28.819519529496628,18.232497160876203
Thyolo,2025-09-08,302,Cholera,96.13175557935504,16.712973793567343
Thyolo,2025-09-15,543,Cholera,213.72365287469736,27.050226506491875
Thyolo,2025-09-22,329,Cholera,57.01874540598564,34.91761684162039
Thyolo,2025-09-29,510,Cholera,93.73473164492447,30.086307796717463
Thyolo,2025-10-06,179,Cholera,175.924895991529,29.62303654445845
Thyolo,2025-10-13,103,Cholera,188.24356781000722,28.468678945297007
Thyolo,2024-01-01,188,Monkeypox,236.8171688389472,24.49273526130829
Thyolo,2024-01-08,39,Monkeypox,199.0328136431142,23.139424383895207
Thyolo,2024-01-15,113,Monkeypox,103.00236397612963,26.897518526486465
Thyolo,2024-01-22,119,Monkeypox,197.75658576474885,29.7710284981099
Thyolo,2024-01-29,137,Monkeypox,93.60376550727123,21.887400929263915
Thyolo,2024-02-05,69,Monkeypox,112.62958106692403,30.154284287153388
Thyolo,2024-02-12,81,Monkeypox,21.268934190596166,28.272027315729197
Thyolo,2024-02-19,101,Monkeypox,48.37978277980998,22.088701717811574
Thyolo,2024-02-26,54,Monkeypox,204.21005725022945,22.936472177995984
Thyolo,2024-03-04,142,Monkeypox,92.66557494478918,34.25525757971678
Thyolo,2024-03-11,82,Monkeypox,228.00605767635838,34.79244030013499
Thyolo,2024-03-18,190,Monkeypox,113.54776103233483,18.376431614634797
Thyolo,2024-03-25,196,Monkeypox,171.4696704763081,18.354420571201842
Thyolo,2024-04-01,124,Monkeypox,189.11706154077007,16.365628703768397
Thyolo,2024-04-08,97,Monkeypox,126.54109401970217,24.615391144367344
Thyolo,2024-04-15,89,Monkeypox,6.192735065491006,33.42369568934714
Thyolo,2024-04-22,172,Monkeypox,242.36539390049813,26.14920596574489
Thyolo,2024-04-29,168,Monkeypox,0.011668360970135128,34.886469127625254
Thyolo,2024-05-06,161,Monkeypox,184.58501656934897,24.944267223328247
Thyolo,2024-05-13,72,Monkeypox,202.400282378898,19.356834232208843
Thyolo,2024-05-20,47,Monkeypox,132.35148478044076,18.427520182796677
Thyolo,2024-05-27,166,Monkeypox,163.45032796486885,32.362081130112614
Thyolo,2024-06-03,188,Monkeypox,168.74654646147442,32.65454644650375
Thyolo,2024-06-10,86,Monkeypox,26.640839872783623,25.23021513565549
Thyolo,2024-06-17,92,Monkeypox,168.61642432124424,32.172759835216354
Thyolo,2024-06-24,46,Monkeypox,174.14385688814266,15.589227452441563
Thyolo,2024-07-01,105,Monkeypox,118.94719076298418,20.08185985773116
Thyolo,2024-07-08,127,Monkeypox,23.56636399947412,21.304666361660445
Thyolo,2024-07-15,103,Monkeypox,55.87551405054925,16.37894373900233
Thyolo,2024-07-22,82,Monkeypox,47.53657564015526,27.15598421312467
Thyolo,2024-07-29,83,Monkeypox,194.57426059683812,18.551085482150874
Thyolo,2024-08-05,83,Monkeypox,235.0952238009385,27.522989324270444
Thyolo,2024-08-12,101,Monkeypox,57.0202397085331,30.41838284535431
Thyolo,2024-08-19,89,Monkeypox,45.459824809557844,34.508457468545465
Thyolo,2024-08-26,167,Monkeypox,96.80856194035644,21.201065769333788
Thyolo,2024-09-02,97,Monkeypox,209.3577183865255,26.67052894750588
Thyolo,2024-09-09,101,Monkeypox,63.959707908976924,26.521126737862623
Thyolo,2024-09-16,96,Monkeypox,171.3963479996631,19.86896130783456
Thyolo,2024-09-23,78,Monkeypox,100.61435769774005,26.99647876576035
Thyolo,2024-09-30,196,Monkeypox,57.93235515262168,19.267894421485074
Thyolo,2024-10-07,189,Monkeypox,100.5898249171,30.31573543942978
Thyolo,2024-10-14,167,Monkeypox,96.00138578383385,33.729044880049685
Thyolo,2024-10-21,16,Monkeypox,5.170747120374242,33.39883907486361
Thyolo,2024-10-28,57,Monkeypox,224.16289361891225,30.477816254954497
Thyolo,2024-11-04,93,Monkeypox,36.29862466564002,19.79766992157231
Thyolo,2024-11-11,102,Monkeypox,239.94027069552627,23.450675323970025
Thyolo,2024-11-18,119,Monkeypox,7.444766326670016,15.178260730834133
Thyolo,2024-11-25,51,Monkeypox,0.9843406134027732,19.21039737700145
Thyolo,2024-12-02,167,Monkeypox,115.99159378066298,27.769646150436724
Thyolo,2024-12-09,179,Monkeypox,139.67422626358353,16.432778704024063
Thyolo,2024-12-16,136,Monkeypox,124.97362435083356,19.581286271289684
Thyolo,2024-12-23,75,Monkeypox,247.22882767837706,27.636496721640796
Thyolo,2024-12-30,86,Monkeypox,236.26269746864082,24.454252486550594
Thyolo,2025-01-06,137,Monkeypox,117.19726417044244,28.70598124707226
Thyolo,2025-01-13,127,Monkeypox,58.05519056277042,17.604865182924478
Thyolo,2025-01-20,197,Monkeypox,238.26768664605393,17.665826576980933
Thyolo,2025-01-27,127,Monkeypox,17.224512569891438,24.76989101358408
Thyolo,2025-02-03,131,Monkeypox,113.2062141434154,23.91239053342708
Thyolo,2025-02-10,195,Monkeypox,170.86791179775256,33.17523058547877
Thyolo,2025-02-17,43,Monkeypox,126.54791888550163,15.78728616206593
Thyolo,2025-02-24,126,Monkeypox,175.356205834382,24.35531857023379
Thyolo,2025-03-03,41,Monkeypox,109.88575071341913,17.560512180317907
Thyolo,2025-03-10,130,Monkeypox,92.21734458881103,18.91632317501877
Thyolo,2025-03-17,191,Monkeypox,237.6007770796104,32.04855676158567
Thyolo,2025-03-24,167,Monkeypox,164.80274120155096,26.692603058557275
Thyolo,2025-03-31,38,Monkeypox,207.56869153007352,29.37447483463948
Thyolo,2025-04-07,83,Monkeypox,21.332043937437177,17.083731066967797
Thyolo,2025-04-14,163,Monkeypox,172.68307253815738,23.509690478620733
Thyolo,2025-04-21,12,Monkeypox,185.7391658693631,19.102825847851832
Thyolo,2025-04-28,157,Monkeypox,160.52856113652385,15.362474290818191
Thyolo,2025-05-05,163,Monkeypox,44.1696723414248,28.145874350821224
Thyolo,2025-05-12,82,Monkeypox,97.10974185536372,30.26423038636444
Thyolo,2025-05-19,107,Monkeypox,171.40051209718882,15.267113393818597
Thyolo,2025-05-26,83,Monkeypox,101.77731289758965,26.201076824751073
Thyolo,2025-06-02,14,Monkeypox,194.98478858108425,22.475881714834323
Thyolo,2025-06-09,178,Monkeypox,11.634527572149999,34.26235350804925
Thyolo,2025-06-16,146,Monkeypox,71.8924480156046,28.56591561538554
Thyolo,2025-06-23,157,Monkeypox,83.4258744716645,16.165971025887217
Thyolo,2025-06-30,138,Monkeypox,219.65480394126467,24.20171928177066
Thyolo,2025-07-07,148,Monkeypox,175.74356929374878,27.689496390614295
Thyolo,2025-07-14,173,Monkeypox,185.56386348710043,32.216821144976265
Thyolo,2025-07-21,64,Monkeypox,109.14148507663838,25.610512936853063
Thyolo,2025-07-28,70,Monkeypox,188.5659205236257,25.41669013334623
Thyolo,2025-08-04,135,Monkeypox,169.23259746365704,30.260223144411064
Thyolo,2025-08-11,87,Monkeypox,5.229393013562012,29.632957722356373
Thyolo,2025-08-18,143,Monkeypox,37.04250103358891,20.923725266411594
Thyolo,2025-08-25,27,Monkeypox,141.5230445044626,28.320029234815117
Thyolo,2025-09-01,157,Monkeypox,202.52312649497006,15.129018721831134
Thyolo,2025-09-08,22,Monkeypox,206.50680850706618,34.89021483991499
Thyolo,2025-09-15,43,Monkeypox,151.7210174872728,20.87720909736133
Thyolo,2025-09-22,105,Monkeypox,158.69390823890794,24.46962020699482
Thyolo,2025-09-29,177,Monkeypox,119.1059188045116,27.269056789983978
Thyolo,2025-10-06,50,Monkeypox,90.83001359286996,32.135527157475124
Thyolo,2025-10-13,182,Monkeypox,204.07537006119125,16.65748551779251
Zomba,2024-01-01,131,Malaria,80.80950449730392,15.688200370732734
Zomba,2024-01-08,579,Malaria,113.08019463200597,20.31355005387926
Zomba,2024-01-15,1483,Malaria,39.22753271823248,25.46698565938396
Zomba,2024-01-22,860,Malaria,122.72142029021163,34.269424625390826
Zomba,2024-01-29,1463,Malaria,154.18270128476627,34.477727495026514
Zomba,2024-02-05,1094,Malaria,69.14762709988793,22.476152907003687
Zomba,2024-02-12,683,Malaria,134.4593546541406,26.405865716114874
Zomba,2024-02-19,1135,Malaria,165.05534287904885,27.48153363231928
Zomba,2024-02-26,1196,Malaria,95.95830140857042,26.345939261258664
Zomba,2024-03-04,369,Malaria,142.37665015454056,20.492249127413864
Zomba,2024-03-11,531,Malaria,100.37175496129048,31.143147830060663
Zomba,2024-03-18,672,Malaria,238.75138477117682,25.289858210138288
Zomba,2024-03-25,590,Malaria,79.77639854172338,34.888151266222806
Zomba,2024-04-01,824,Malaria,234.0316971240217,29.674594504905002
Zomba,2024-04-08,1328,Malaria,32.120426057926174,23.29334953786509
Zomba,2024-04-15,189,Malaria,7.500772676221068,15.341301389359288
Zomba,2024-04-22,970,Malaria,95.53551242699801,25.189669694821788
Zomba,2024-04-29,332,Malaria,201.82540014715124,20.453111075010273
Zomba,2024-05-06,429,Malaria,230.5154528540953,32.184928859606586
Zomba,2024-05-13,722,Malaria,206.32785957216865,29.541418836843913
Zomba,2024-05-20,585,Malaria,247.64289964024246,22.79490597005434
Zomba,2024-05-27,212,Malaria,121.81574292756478,15.323416475890152
Zomba,2024-06-03,1366,Malaria,119.25808514917883,21.724134026732123
Zomba,2024-06-10,388,Malaria,197.73066565923514,29.85085882881725
Zomba,2024-06-17,268,Malaria,203.21576749106177,32.58501321322426
Zomba,2024-06-24,781,Malaria,197.2958126833775,30.85226778986291
Zomba,2024-07-01,712,Malaria,90.67835675003774,30.06998746718646
Zomba,2024-07-08,634,Malaria,225.638657551592,17.918718790129457
Zomba,2024-07-15,944,Malaria,133.97825085258802,27.909110571300257
Zomba,2024-07-22,1306,Malaria,245.0314942829859,30.3402229343437
Zomba,2024-07-29,926,Malaria,32.50394731715331,29.99786453091269
Zomba,2024-08-05,241,Malaria,236.02798553378028,27.888681057879637
Zomba,2024-08-12,754,Malaria,10.414370885762997,28.797531933589063
Zomba,2024-08-19,1260,Malaria,12.065951977060118,20.472539084384547
Zomba,2024-08-26,1047,Malaria,182.13979975166268,25.117258762815233
Zomba,2024-09-02,1128,Malaria,231.54866349489004,18.554874442377905
Zomba,2024-09-09,187,Malaria,128.29199371844857,22.59189842637106
Zomba,2024-09-16,1409,Malaria,26.429066870112482,33.88017759341254
Zomba,2024-09-23,1158,Malaria,0.0036606811893435953,15.031859475201417
Zomba,2024-09-30,200,Malaria,80.62792530878612,25.279154534544382
Zomba,2024-10-07,1393,Malaria,36.98357405684746,18.641657683420714
Zomba,2024-10-14,1252,Malaria,86.18166069283026,22.213778624772015
Zomba,2024-10-21,773,Malaria,35.63775769240096,23.537943405853284
Zomba,2024-10-28,444,Malaria,222.12550144409443,25.053153503522392
Zomba,2024-11-04,1227,Malaria,111.30596457711822,28.588210544406483
Zomba,2024-11-11,409,Malaria,44.448153878994425,22.395488846697273
Zomba,2024-11-18,519,Malaria,127.7721793401767,27.728365756107557
Zomba,2024-11-25,1407,Malaria,201.8412119360556,20.098308306513168
Zomba,2024-12-02,283,Malaria,129.612143763586,33.938981900547645
Zomba,2024-12-09,220,Malaria,68.52377327745404,18.8812071363819
Zomba,2024-12-16,925,Malaria,82.02157051931172,32.937836257911115
Zomba,2024-12-23,1030,Malaria,205.20022732065337,18.988927817803848
Zomba,2024-12-30,388,Malaria,82.37253739948672,33.4209894753392
Zomba,2025-01-06,1393,Malaria,34.13171681904417,17.398564840920745
Zomba,2025-01-13,300,Malaria,237.89716137877969,24.59116084552307
Zomba,2025-01-20,260,Malaria,217.89819532933348,30.112052087729452
Zomba,2025-01-27,498,Malaria,161.18736766031765,19.79844365265099
Zomba,2025-02-03,583,Malaria,241.51233901078763,20.534564556212782
Zomba,2025-02-10,973,Malaria,170.31313292681017,24.00788147840455
Zomba,2025-02-17,1094,Malaria,225.5408601865548,23.09753010259835
Zomba,2025-02-24,850,Malaria,127.76389238481448,19.492061647394127
Zomba,2025-03-03,892,Malaria,113.16935716579759,15.369716981392008
Zomba,2025-03-10,1379,Malaria,128.98944740707702,16.232000155147
Zomba,2025-03-17,625,Malaria,47.26431062888192,21.656139496418106
Zomba,2025-03-24,550,Malaria,87.87284911453789,28.413802465931965
Zomba,2025-03-31,300,Malaria,220.90608532954155,30.110618840921617
Zomba,2025-04-07,1479,Malaria,172.77349409030614,32.38788891536112
Zomba,2025-04-14,704,Malaria,26.089080716506952,19.005651769879233
Zomba,2025-04-21,410,Malaria,18.12916631975642,15.732685126032855
Zomba,2025-04-28,627,Malaria,192.99819415414166,31.499989895162052
Zomba,2025-05-05,1385,Malaria,92.22418774019096,32.815271144165756
Zomba,2025-05-12,1188,Malaria,201.86774889608188,17.711143727952482
Zomba,2025-05-19,404,Malaria,32.97094618057284,33.80810387401019
Zomba,2025-05-26,316,Malaria,237.303020171594,16.77488331497226
Zomba,2025-06-02,369,Malaria,179.46568571446898,31.255304775056352
Zomba,2025-06-09,321,Malaria,122.17576546478809,17.44821577473277
Zomba,2025-06-16,491,Malaria,76.10400978471718,24.086700624671444
Zomba,2025-06-23,855,Malaria,205.93028931678404,17.281700164922114
Zomba,2025-06-30,1184,Malaria,65.80069388742588,25.197736040850806
Zomba,2025-07-07,1071,Malaria,3.8201293550331195,26.087234016199858
Zomba,2025-07-14,1025,Malaria,245.76839470097772,23.688621817700028
Zomba,2025-07-21,587,Malaria,236.4441435493544,30.908415313657414
Zomba,2025-07-28,345,Malaria,168.32784350047348,16.42006523914891
Zomba,2025-08-04,193,Malaria,107.71052771298467,15.041963321107177
Zomba,2025-08-11,183,Malaria,237.0438465953758,25.8433640415419
Zomba,2025-08-18,1398,Malaria,51.1080959760066,18.339372238233956
Zomba,2025-08-25,669,Malaria,183.96061050262716,32.4980324768924
Zomba,2025-09-01,712,Malaria,189.22940151175908,21.95931036259686
Zomba,2025-09-08,1082,Malaria,82.94214061773292,28.66740405125698
Zomba,2025-09-15,561,Malaria,109.75920577331446,33.89464154087307
Zomba,2025-09-22,505,Malaria,48.88912908967591,18.278821866816564
Zomba,2025-09-29,529,Malaria,157.54974374133172,26.694508841146373
Zomba,2025-10-06,120,Malaria,34.06519913810405,28.044483302000213
Zomba,2025-10-13,1085,Malaria,31.942668084434718,23.99112571459483
Zomba,2024-01-01,618,Cholera,143.78708758285396,28.692964333275512
Zomba,2024-01-08,413,Cholera,71.99924212636449,26.459134092112603
Zomba,2024-01-15,316,Cholera,129.32307098757937,31.660233262321917
Zomba,2024-01-22,213,Cholera,120.22388142055831,26.417625779574113
Zomba,2024-01-29,464,Cholera,214.37216910119108,20.745355752819286
Zomba,2024-02-05,226,Cholera,73.2174148479385,28.5275582225092
Zomba,2024-02-12,282,Cholera,137.39372874574212,18.303450685632637
Zomba,2024-02-19,194,Cholera,133.5428336534334,16.705301413641266
Zomba,2024-02-26,52,Cholera,55.99109814363071,32.815743401177116
Zomba,2024-03-04,172,Cholera,132.97585399467653,22.532085975036328
Zomba,2024-03-11,326,Cholera,22.972263648840336,19.186730220582902
Zomba,2024-03-18,76,Cholera,35.484779902044046,33.45022523315157
Zomba,2024-03-25,106,Cholera,198.9804145880343,15.741435564670805
Zomba,2024-04-01,391,Cholera,17.19468156443063,21.402270580683826
Zomba,2024-04-08,321,Cholera,120.78940538828407,33.75925269514713
Zomba,2024-04-15,490,Cholera,21.46640884713366,26.45785378642287
Zomba,2024-04-22,189,Cholera,61.07161233660533,28.33459038773725
Zomba,2024-04-29,435,Cholera,137.4913154851169,34.34185131774796
Zomba,2024-05-06,346,Cholera,56.69569111542444,18.88179574261873
Zomba,2024-05-13,224,Cholera,79.39813336183269,23.89184389168325
Zomba,2024-05-20,208,Cholera,242.30882464579085,34.88396437583353
Zomba,2024-05-27,594,Cholera,215.23188830726346,23.31024707756868
Zomba,2024-06-03,439,Cholera,121.09123476617353,16.61685784690265
Zomba,2024-06-10,667,Cholera,109.28427577112245,21.593311745478996
Zomba,2024-06-17,290,Cholera,68.13900889959682,15.011117874799716
Zomba,2024-06-24,548,Cholera,30.599903855945076,27.206864032303343
Zomba,2024-07-01,502,Cholera,206.02768034128286,28.66223906394022
Zomba,2024-07-08,662,Cholera,100.61663200272339,27.3362019522226
Zomba,2024-07-15,170,Cholera,100.63432796391292,23.0615268550179
Zomba,2024-07-22,576,Cholera,60.21682254858196,24.35025872269238
Zomba,2024-07-29,571,Cholera,232.25377166331077,22.62713436473824
Zomba,2024-08-05,554,Cholera,140.17488996891043,20.223478290913146
Zomba,2024-08-12,509,Cholera,75.18604940622967,27.77177475994369
Zomba,2024-08-19,164,Cholera,61.54444037923268,16.182936397731666
Zomba,2024-08-26,680,Cholera,234.4441218000498,30.644150015855054
Zomba,2024-09-02,584,Cholera,231.9285491352805,15.377074728222324
Zomba,2024-09-09,158,Cholera,246.39383988463513,15.784119402060092
Zomba,2024-09-16,607,Cholera,118.80049430038522,21.93171388224824
Zomba,2024-09-23,564,Cholera,206.0955893971833,21.63003874963846
Zomba,2024-09-30,89,Cholera,179.38172045592745,22.81857527319083
Zomba,2024-10-07,119,Cholera,109.90371853094896,26.66892115955559
Zomba,2024-10-14,355,Cholera,63.312061036077225,32.0783061455942
Zomba,2024-10-21,459,Cholera,145.43671690321523,23.12120849145398
Zomba,2024-10-28,352,Cholera,180.60267738382305,26.368473978685074
Zomba,2024-11-04,436,Cholera,171.19008408001912,15.666506339202243
Zomba,2024-11-11,216,Cholera,92.08136856608279,27.837260952969782
Zomba,2024-11-18,646,Cholera,165.50562468384024,24.02904197995366
Zomba,2024-11-25,423,Cholera,156.52822181594448,30.509739367402563
Zomba,2024-12-02,92,Cholera,198.80495994573187,34.28708997204576
Zomba,2024-12-09,181,Cholera,116.4313154891487,31.51263996052451
Zomba,2024-12-16,614,Cholera,174.60585385594993,33.99395707479094
Zomba,2024-12-23,649,Cholera,161.4249990741146,23.951047766655346
Zomba,2024-12-30,426,Cholera,169.70337874226558,20.307678994616907
Zomba,2025-01-06,148,Cholera,50.57685553673827,28.889324098262694
Zomba,2025-01-13,209,Cholera,240.15422562732277,32.59177843460003
Zomba,2025-01-20,348,Cholera,108.30048901493855,17.73534907184204
Zomba,2025-01-27,438,Cholera,130.5386387053047,23.4443255820187
Zomba,2025-02-03,166,Cholera,14.848235962058586,28.455105485070646
Zomba,2025-02-10,678,Cholera,16.208330497405914,27.713934430946367
Zomba,2025-02-17,275,Cholera,206.58047608213903,16.290644303926513
Zomba,2025-02-24,110,Cholera,0.7899864573031878,28.530525596414442
Zomba,2025-03-03,412,Cholera,202.37531169534182,25.048381278297448
Zomba,2025-03-10,485,Cholera,163.19423341648522,30.506792201347906
Zomba,2025-03-17,195,Cholera,207.31002092856914,34.59103477342584
Zomba,2025-03-24,416,Cholera,110.56016068371812,33.823579553453115
Zomba,2025-03-31,277,Cholera,120.07822988231514,34.62884087308013
Zomba,2025-04-07,356,Cholera,38.71894660051975,34.33931302235952
Zomba,2025-04-14,366,Cholera,131.28551554589998,26.751041274504523
Zomba,2025-04-21,112,Cholera,41.911904317430384,28.442683703952593
Zomba,2025-04-28,413,Cholera,173.8683372592595,32.338232092722805
Zomba,2025-05-05,255,Cholera,249.02163960231115,28.101750801131367
Zomba,2025-05-12,71,Cholera,217.04232481581067,22.453106444485652
Zomba,2025-05-19,617,Cholera,214.64549824290157,28.824408500541956
Zomba,2025-05-26,561,Cholera,27.665358223020604,27.360859106284863
Zomba,2025-06-02,554,Cholera,203.49905893031845,16.70123140459561
Zomba,2025-06-09,97,Cholera,35.456924851808346,32.06822141646974
Zomba,2025-06-16,531,Cholera,214.57210111277095,24.52304957475549
Zomba,2025-06-23,481,Cholera,50.7583792695587,26.571587928809016
Zomba,2025-06-30,604,Cholera,80.49537985575472,34.31303016580329
Zomba,2025-07-07,153,Cholera,235.73229509070325,17.326087810862663
Zomba,2025-07-14,278,Cholera,94.40158178479113,34.70633297575813
Zomba,2025-07-21,315,Cholera,222.0488766891769,29.48662544478942
Zomba,2025-07-28,605,Cholera,25.615766396863222,34.416865120374865
Zomba,2025-08-04,373,Cholera,106.86196288049901,30.209404161662412
Zomba,2025-08-11,202,Cholera,109.73676024313563,28.25040639751122
Zomba,2025-08-18,436,Cholera,85.55808925333561,19.48836083213028
Zomba,2025-08-25,221,Cholera,206.48417793454206,15.532326069402387
Zomba,2025-09-01,52,Cholera,50.1175380335176,19.179836849168098
Zomba,2025-09-08,394,Cholera,73.77357649822311,25.099008717741278
Zomba,2025-09-15,486,Cholera,41.19348137990561,31.95755792540688
Zomba,2025-09-22,460,Cholera,236.1011522043705,25.187419096680685
Zomba,2025-09-29,277,Cholera,5.880150072379575,27.693626107096097
Zomba,2025-10-06,695,Cholera,163.09650473776108,34.53133046217371
Zomba,2025-10-13,172,Cholera,97.72824462921359,15.75684013136901
Zomba,2024-01-01,38,Monkeypox,138.187603756221,28.142340370173457
Zomba,2024-01-08,53,Monkeypox,163.48465575791707,26.737057300873275
Zomba,2024-01-15,189,Monkeypox,235.54601076664423,34.04703255485117
Zomba,2024-01-22,100,Monkeypox,140.84554784964044,16.772027460076334
Zomba,2024-01-29,146,Monkeypox,181.0753312477466,24.9372146366758
Zomba,2024-02-05,152,Monkeypox,124.76125165121815,17.252028145752757
Zomba,2024-02-12,28,Monkeypox,10.756002478266108,25.68109378432564
Zomba,2024-02-19,30,Monkeypox,211.14423700089364,32.422080410973734
Zomba,2024-02-26,20,Monkeypox,63.622814024064695,26.507151255838185
Zomba,2024-03-04,43,Monkeypox,176.93999292214596,21.395014255725297
Zomba,2024-03-11,149,Monkeypox,107.2217591590177,33.370333757386675
Zomba,2024-03-18,108,Monkeypox,220.20329560492442,25.099984602534658
Zomba,2024-03-25,134,Monkeypox,219.62674321350784,24.173271784706287
Zomba,2024-04-01,38,Monkeypox,18.26172041356103,18.082259380546684
Zomba,2024-04-08,14,Monkeypox,187.13011835459278,20.532209441600344
Zomba,2024-04-15,75,Monkeypox,10.955864301283647,33.703205779604886
Zomba,2024-04-22,91,Monkeypox,123.09086644667339,32.90021786270808
Zomba,2024-04-29,52,Monkeypox,189.68178733139206,28.579212489033168
Zomba,2024-05-06,106,Monkeypox,34.317176973197306,24.248818453076854
Zomba,2024-05-13,146,Monkeypox,115.25467137503911,22.811938621474642
Zomba,2024-05-20,176,Monkeypox,240.17814207148146,15.60644649653508
Zomba,2024-05-27,117,Monkeypox,159.25929067702305,16.155563652623425
Zomba,2024-06-03,30,Monkeypox,0.7993260253433554,27.756209216866743
Zomba,2024-06-10,66,Monkeypox,27.666045301978944,33.6271020274151
Zomba,2024-06-17,70,Monkeypox,234.62465056047586,22.575366872117264
Zomba,2024-06-24,147,Monkeypox,0.31786481394383004,28.349515125168818
Zomba,2024-07-01,105,Monkeypox,159.38027716295136,26.069993295405137
Zomba,2024-07-08,113,Monkeypox,199.0660384217975,22.685244662618008
Zomba,2024-07-15,86,Monkeypox,152.77215666041917,29.533150305133592
Zomba,2024-07-22,15,Monkeypox,118.52168598651497,22.511990466840434
Zomba,2024-07-29,23,Monkeypox,179.90113921343175,27.88412502604766
Zomba,2024-08-05,55,Monkeypox,88.58512348766095,20.90648826479763
Zomba,2024-08-12,59,Monkeypox,166.2109594790792,23.916500225796113
Zomba,2024-08-19,198,Monkeypox,39.37050557189053,31.015575278150493
Zomba,2024-08-26,145,Monkeypox,35.670888763957244,30.811496500626937
Zomba,2024-09-02,74,Monkeypox,214.92087026350254,30.13492422943225
Zomba,2024-09-09,22,Monkeypox,101.55986532353994,24.589173594907372
Zomba,2024-09-16,143,Monkeypox,188.18692630806478,24.765713658694008
Zomba,2024-09-23,85,Monkeypox,175.17222113464658,26.364155233872317
Zomba,2024-09-30,156,Monkeypox,117.94472304544851,31.62413743247725
Zomba,2024-10-07,61,Monkeypox,75.93454481390013,22.356903824113374
Zomba,2024-10-14,192,Monkeypox,74.49947146551958,31.980094756385572
Zomba,2024-10-21,156,Monkeypox,218.95115541130585,31.39608633377226
Zomba,2024-10-28,196,Monkeypox,115.78382297631521,19.025048365286423
Zomba,2024-11-04,87,Monkeypox,108.5691190652201,16.605458651043733
Zomba,2024-11-11,41,Monkeypox,101.50938834802106,26.91701092213601
Zomba,2024-11-18,83,Monkeypox,243.6625208223511,18.351023969091887
Zomba,2024-11-25,57,Monkeypox,55.998220087896286,34.23370210915358
Zomba,2024-12-02,124,Monkeypox,103.44290122953883,25.29959853665824
Zomba,2024-12-09,23,Monkeypox,100.99728563340496,29.71440077652231
Zomba,2024-12-16,133,Monkeypox,111.56089489458331,23.49886230482849
Zomba,2024-12-23,179,Monkeypox,215.1222276218963,28.05353501486445
Zomba,2024-12-30,78,Monkeypox,159.69145074870383,27.848619636744825
Zomba,2025-01-06,21,Monkeypox,141.9614911387848,32.251196465682675
Zomba,2025-01-13,114,Monkeypox,114.93171356205087,15.18473974437277
Zomba,2025-01-20,175,Monkeypox,38.231799401258485,25.190154316196676
Zomba,2025-01-27,145,Monkeypox,118.62757981316035,28.781188943784283
Zomba,2025-02-03,61,Monkeypox,229.30838552174168,15.399029082789028
Zomba,2025-02-10,112,Monkeypox,102.60571369790303,32.825516777056286
Zomba,2025-02-17,48,Monkeypox,210.17884844926215,28.777087816069177
Zomba,2025-02-24,199,Monkeypox,9.012725818065947,26.37907978227817
Zomba,2025-03-03,177,Monkeypox,115.55378743124797,24.60224244716948
Zomba,2025-03-10,38,Monkeypox,170.95475458024814,27.363652728421705
Zomba,2025-03-17,195,Monkeypox,97.59488181543027,33.28523215527694
Zomba,2025-03-24,85,Monkeypox,95.96651794178729,16.884448058311165
Zomba,2025-03-31,93,Monkeypox,109.41852205392253,31.299803900304568
Zomba,2025-04-07,146,Monkeypox,40.499683097285825,21.40493580498362
Zomba,2025-04-14,62,Monkeypox,59.658727930361756,32.474594411086656
Zomba,2025-04-21,130,Monkeypox,241.7789671075677,29.747966739055336
Zomba,2025-04-28,169,Monkeypox,65.28869581073857,28.24461483884004
Zomba,2025-05-05,102,Monkeypox,211.66483416510493,27.208441428109143
Zomba,2025-05-12,122,Monkeypox,161.55674375098184,33.56420140320334
Zomba,2025-05-19,169,Monkeypox,216.1841019648462,32.95819607671127
Zomba,2025-05-26,35,Monkeypox,138.22473440521136,17.015915172719026
Zomba,2025-06-02,41,Monkeypox,55.21985305205826,29.808410232615678
Zomba,2025-06-09,190,Monkeypox,4.1405527028801625,34.13469695265394
Zomba,2025-06-16,102,Monkeypox,243.8588366291921,23.519416547990907
Zomba,2025-06-23,121,Monkeypox,245.6461749291529,26.145083159238226
Zomba,2025-06-30,195,Monkeypox,82.91679810077798,31.006348666399205
Zomba,2025-07-07,52,Monkeypox,228.28183800198516,21.047545807999512
Zomba,2025-07-14,53,Monkeypox,116.14068968512723,31.7323939394308
Zomba,2025-07-21,100,Monkeypox,245.66655423345827,17.290109563276378
Zomba,2025-07-28,44,Monkeypox,12.326587938092715,17.146913312802347
Zomba,2025-08-04,73,Monkeypox,82.7058910611532,34.97802497513966
Zomba,2025-08-11,19,Monkeypox,14.518210817624,31.568698679708543
Zomba,2025-08-18,49,Monkeypox,140.36731162830318,30.567106515019166
Zomba,2025-08-25,130,Monkeypox,197.40447996691762,26.641527990297906
Zomba,2025-09-01,109,Monkeypox,236.98036606332525,25.558132314279625
Zomba,2025-09-08,129,Monkeypox,137.97288468535288,24.820073842010824
Zomba,2025-09-15,122,Monkeypox,102.76216382543721,20.472080516641533
Zomba,2025-09-22,154,Monkeypox,84.36425196901403,27.27351973475361
Zomba,2025-09-29,81,Monkeypox,8.609591906354852,27.77947060149934
Zomba,2025-10-06,151,Monkeypox,200.72539477389407,17.925379799045906
Zomba,2025-10-13,147,Monkeypox,222.97823637004902,26.360519714761704
